STATION,DATE,DLY-TAVG-NORMAL
GHCND:USC00412950,20100101,56.1
GHCND:USC00412950,20100401,71.9
GHCND:USC00412950,20100701,85.3
GHCND:USC00412950,20101001,77.8
GHCND:USW00003951,20100101,46.9
GHCND:USW00003951,20100401,61.9
GHCND:USW00003951,20100701,81.8
GHCND:USW00003951,20101001,71.6
GHCND:USC00049099,20100101,49.9
GHCND:USC00049099,20100401,63.2
GHCND:USC00049099,20100701,87.8
GHCND:USC00049099,20101001,75.6
GHCND:USC00410779,20100101,43.5
GHCND:USC00410779,20100401,60.4
GHCND:USC00410779,20100701,80.6
GHCND:USC00410779,20101001,69.5
GHCND:USC00412715,20100101,42.6
GHCND:USC00412715,20100401,58.6
GHCND:USC00412715,20100701,80.4
GHCND:USC00412715,20101001,68.8
GHCND:USC00047902,20100101,55.2
GHCND:USC00047902,20100401,59.0
GHCND:USC00047902,20100701,66.4
GHCND:USC00047902,20101001,66.2
GHCND:USC00042214,20100101,55.9
GHCND:USC00042214,20100401,60.1
GHCND:USC00042214,20100701,69.3
GHCND:USC00042214,20101001,68.0
GHCND:USC00045721,20100101,45.6
GHCND:USC00045721,20100401,55.1
GHCND:USC00045721,20100701,81.2
GHCND:USC00045721,20101001,69.2
GHCND:USC00417170,20100101,56.7
GHCND:USC00417170,20100401,68.6
GHCND:USC00417170,20100701,84.0
GHCND:USC00417170,20101001,79.5
GHCND:USC00045968,20100101,41.1
GHCND:USC00045968,20100401,48.0
GHCND:USC00045968,20100701,69.3
GHCND:USC00045968,20101001,59.8
GHCND:USC00432314,20100101,13.6
GHCND:USC00432314,20100401,32.9
GHCND:USC00432314,20100701,65.3
GHCND:USC00432314,20101001,48.8
GHCND:USC00417179,20100101,59.7
GHCND:USC00417179,20100401,71.0
GHCND:USC00417179,20100701,83.3
GHCND:USC00417179,20101001,78.8
GHCND:USC00418022,20100101,45.1
GHCND:USC00418022,20100401,61.7
GHCND:USC00418022,20100701,80.7
GHCND:USC00418022,20101001,70.1
GHCND:USC00433400,20100101,21.2
GHCND:USC00433400,20100401,37.6
GHCND:USC00433400,20100701,67.0
GHCND:USC00433400,20101001,52.3
GHCND:USC00411875,20100101,45.7
GHCND:USC00411875,20100401,61.3
GHCND:USC00411875,20100701,82.4
GHCND:USC00411875,20101001,71.5
GHCND:USC00410305,20100101,53.5
GHCND:USC00410305,20100401,66.6
GHCND:USC00410305,20100701,82.8
GHCND:USC00410305,20101001,76.4
GHCND:USC00414903,20100101,50.4
GHCND:USC00414903,20100401,64.2
GHCND:USC00414903,20100701,83.3
GHCND:USC00414903,20101001,74.5
GHCND:USC00419361,20100101,53.0
GHCND:USC00419361,20100401,65.2
GHCND:USC00419361,20100701,83.4
GHCND:USC00419361,20101001,75.5
GHCND:USC00417183,20100101,53.6
GHCND:USC00417183,20100401,67.0
GHCND:USC00417183,20100701,84.1
GHCND:USC00417183,20101001,77.1
GHCND:USC00417184,20100101,58.2
GHCND:USC00417184,20100401,70.3
GHCND:USC00417184,20100701,83.4
GHCND:USC00417184,20101001,78.0
GHCND:USC00042467,20100101,27.8
GHCND:USC00042467,20100401,37.7
GHCND:USC00042467,20100701,59.9
GHCND:USC00042467,20101001,50.7
GHCND:USC00418274,20100101,42.0
GHCND:USC00418274,20100401,58.6
GHCND:USC00418274,20100701,81.1
GHCND:USC00418274,20101001,69.3
GHCND:USC00044405,20100101,47.4
GHCND:USC00044405,20100401,57.9
GHCND:USC00044405,20100701,82.4
GHCND:USC00044405,20101001,72.9
GHCND:USC00047916,20100101,51.2
GHCND:USC00047916,20100401,56.5
GHCND:USC00047916,20100701,64.4
GHCND:USC00047916,20101001,63.3
GHCND:USC00046826,20100101,47.1
GHCND:USC00046826,20100401,54.7
GHCND:USC00046826,20100701,66.7
GHCND:USC00046826,20101001,64.7
GHCND:USC00417186,20100101,55.0
GHCND:USC00417186,20100401,66.5
GHCND:USC00417186,20100701,83.1
GHCND:USC00417186,20101001,77.4
GHCND:USC00043551,20100101,35.4
GHCND:USC00043551,20100401,38.0
GHCND:USC00043551,20100701,62.2
GHCND:USC00043551,20101001,54.2
GHCND:USC00044881,20100101,29.4
GHCND:USC00044881,20100401,42.2
GHCND:USC00044881,20100701,66.0
GHCND:USC00044881,20101001,55.2
GHCND:USC00411880,20100101,53.4
GHCND:USC00411880,20100401,65.6
GHCND:USC00411880,20100701,82.8
GHCND:USC00411880,20101001,75.5
GHCND:USC00419367,20100101,54.7
GHCND:USC00419367,20100401,67.1
GHCND:USC00419367,20100701,84.4
GHCND:USC00419367,20101001,76.8
GHCND:USW00093210,20100101,44.8
GHCND:USW00093210,20100401,56.5
GHCND:USW00093210,20100701,78.5
GHCND:USW00093210,20101001,68.9
GHCND:USC00410518,20100101,45.3
GHCND:USC00410518,20100401,61.1
GHCND:USC00410518,20100701,82.8
GHCND:USC00410518,20101001,71.7
GHCND:USW00003971,20100101,46.1
GHCND:USW00003971,20100401,61.3
GHCND:USW00003971,20100701,82.4
GHCND:USW00003971,20101001,71.7
GHCND:USW00093209,20100101,46.3
GHCND:USW00093209,20100401,54.4
GHCND:USW00093209,20100701,71.9
GHCND:USW00093209,20101001,65.9
GHCND:USC00044412,20100101,43.7
GHCND:USC00044412,20100401,49.5
GHCND:USC00044412,20100701,70.4
GHCND:USC00044412,20101001,64.0
GHCND:USC00419330,20100101,33.5
GHCND:USC00419330,20100401,49.2
GHCND:USC00419330,20100701,75.9
GHCND:USC00419330,20101001,61.3
GHCND:USC00045502,20100101,54.9
GHCND:USC00045502,20100401,68.8
GHCND:USC00045502,20100701,90.1
GHCND:USC00045502,20101001,81.0
GHCND:USC00042239,20100101,39.8
GHCND:USC00042239,20100401,45.6
GHCND:USC00042239,20100701,66.9
GHCND:USC00042239,20101001,58.5
GHCND:USW00003969,20100101,43.1
GHCND:USW00003969,20100401,59.3
GHCND:USW00003969,20100701,81.1
GHCND:USW00003969,20101001,69.5
GHCND:USC00044890,20100101,46.0
GHCND:USC00044890,20100401,58.8
GHCND:USC00044890,20100701,79.2
GHCND:USC00044890,20101001,70.9
GHCND:USW00093205,20100101,44.9
GHCND:USW00093205,20100401,55.4
GHCND:USW00093205,20100701,76.5
GHCND:USW00093205,20101001,67.9
GHCND:USC00432773,20100101,15.1
GHCND:USC00432773,20100401,34.1
GHCND:USC00432773,20100701,67.1
GHCND:USC00432773,20101001,51.2
GHCND:USW00093206,20100101,51.4
GHCND:USW00093206,20100401,55.7
GHCND:USW00093206,20100701,64.5
GHCND:USW00093206,20101001,64.7
GHCND:USC00410764,20100101,43.4
GHCND:USC00410764,20100401,61.5
GHCND:USC00410764,20100701,79.0
GHCND:USC00410764,20101001,69.5
GHCND:USC00045756,20100101,44.1
GHCND:USC00045756,20100401,55.9
GHCND:USC00045756,20100701,80.7
GHCND:USC00045756,20101001,69.4
GHCND:USC00418252,20100101,46.0
GHCND:USC00418252,20100401,63.7
GHCND:USC00418252,20100701,83.3
GHCND:USC00418252,20101001,72.4
GHCND:USC00043578,20100101,45.8
GHCND:USC00043578,20100401,54.1
GHCND:USC00043578,20100701,66.1
GHCND:USC00043578,20101001,63.1
GHCND:USC00416074,20100101,38.4
GHCND:USC00416074,20100401,53.8
GHCND:USC00416074,20100701,78.0
GHCND:USC00416074,20101001,64.5
GHCND:USC00419346,20100101,40.1
GHCND:USC00419346,20100401,57.8
GHCND:USC00419346,20100701,82.8
GHCND:USC00419346,20101001,69.3
GHCND:USC00419588,20100101,59.2
GHCND:USC00419588,20100401,72.6
GHCND:USC00419588,20100701,85.1
GHCND:USC00419588,20101001,79.1
GHCND:USC00419101,20100101,48.3
GHCND:USC00419101,20100401,62.6
GHCND:USC00419101,20100701,80.9
GHCND:USC00419101,20101001,72.2
GHCND:USC00043573,20100101,42.3
GHCND:USC00043573,20100401,49.0
GHCND:USC00043573,20100701,69.8
GHCND:USC00043573,20101001,62.2
GHCND:USW00003999,20100101,47.7
GHCND:USW00003999,20100401,62.8
GHCND:USW00003999,20100701,82.2
GHCND:USW00003999,20101001,72.8
GHCND:USW00024216,20100101,45.2
GHCND:USW00024216,20100401,56.1
GHCND:USW00024216,20100701,79.7
GHCND:USW00024216,20101001,70.6
GHCND:USW00023129,20100101,56.2
GHCND:USW00023129,20100401,60.7
GHCND:USW00023129,20100701,71.5
GHCND:USW00023129,20101001,70.2
GHCND:USW00003991,20100101,42.5
GHCND:USW00003991,20100401,59.8
GHCND:USW00003991,20100701,82.6
GHCND:USW00003991,20101001,70.4
GHCND:USW00024215,20100101,34.9
GHCND:USW00024215,20100401,44.6
GHCND:USW00024215,20100701,65.3
GHCND:USW00024215,20101001,56.6
GHCND:USW00024213,20100101,47.9
GHCND:USW00024213,20100401,50.0
GHCND:USW00024213,20100701,57.0
GHCND:USW00024213,20101001,55.6
GHCND:USC00415193,20100101,48.2
GHCND:USC00415193,20100401,63.1
GHCND:USC00415193,20100701,82.2
GHCND:USC00415193,20101001,73.0
GHCND:USC00415196,20100101,51.4
GHCND:USC00415196,20100401,64.5
GHCND:USC00415196,20100701,82.4
GHCND:USC00415196,20101001,74.1
GHCND:USC00046610,20100101,44.5
GHCND:USC00046610,20100401,51.9
GHCND:USC00046610,20100701,66.8
GHCND:USC00046610,20101001,61.2
GHCND:USC00042012,20100101,44.4
GHCND:USC00042012,20100401,58.3
GHCND:USC00042012,20100701,78.9
GHCND:USC00042012,20101001,70.4
GHCND:USW00023130,20100101,55.0
GHCND:USW00023130,20100401,59.8
GHCND:USW00023130,20100701,74.7
GHCND:USW00023130,20101001,70.8
GHCND:USC00410984,20100101,40.8
GHCND:USC00410984,20100401,57.7
GHCND:USC00410984,20100701,80.6
GHCND:USC00410984,20101001,68.3
GHCND:USC00419559,20100101,54.3
GHCND:USC00419559,20100401,68.2
GHCND:USC00419559,20100701,83.4
GHCND:USC00419559,20101001,76.8
GHCND:USW00023136,20100101,54.0
GHCND:USW00023136,20100401,57.5
GHCND:USW00023136,20100701,66.0
GHCND:USW00023136,20101001,64.9
GHCND:USW00094705,20100101,17.9
GHCND:USW00094705,20100401,35.7
GHCND:USW00094705,20100701,66.3
GHCND:USW00094705,20101001,51.1
GHCND:USC00417140,20100101,54.4
GHCND:USC00417140,20100401,66.7
GHCND:USC00417140,20100701,83.7
GHCND:USC00417140,20101001,76.8
GHCND:USC00046624,20100101,45.8
GHCND:USC00046624,20100401,57.4
GHCND:USC00046624,20100701,79.9
GHCND:USC00046624,20101001,70.6
GHCND:USC00432769,20100101,18.7
GHCND:USC00432769,20100401,37.7
GHCND:USC00432769,20100701,68.1
GHCND:USC00432769,20101001,53.6
GHCND:USC00417388,20100101,43.7
GHCND:USC00417388,20100401,60.1
GHCND:USC00417388,20100701,82.1
GHCND:USC00417388,20101001,70.3
GHCND:USC00418236,20100101,36.5
GHCND:USC00418236,20100401,53.1
GHCND:USC00418236,20100701,79.1
GHCND:USC00418236,20101001,65.1
GHCND:USC00045532,20100101,44.5
GHCND:USC00045532,20100401,57.0
GHCND:USC00045532,20100701,77.3
GHCND:USC00045532,20101001,69.4
GHCND:USC00047953,20100101,57.0
GHCND:USC00047953,20100401,58.2
GHCND:USC00047953,20100701,65.3
GHCND:USC00047953,20101001,65.8
GHCND:USC00419565,20100101,40.6
GHCND:USC00419565,20100401,58.1
GHCND:USC00419565,20100701,82.4
GHCND:USC00419565,20101001,68.9
GHCND:USW00022010,20100101,51.3
GHCND:USW00022010,20100401,68.1
GHCND:USW00022010,20100701,85.3
GHCND:USW00022010,20101001,75.9
GHCND:USC00411800,20100101,44.3
GHCND:USC00411800,20100401,60.7
GHCND:USC00411800,20100701,82.5
GHCND:USC00411800,20101001,71.4
GHCND:USW00022016,20100101,47.2
GHCND:USW00022016,20100401,64.6
GHCND:USW00022016,20100701,81.1
GHCND:USW00022016,20101001,71.6
GHCND:USC00410958,20100101,37.6
GHCND:USC00410958,20100401,53.7
GHCND:USC00410958,20100701,79.7
GHCND:USC00410958,20101001,65.8
GHCND:USC00046635,20100101,56.8
GHCND:USC00046635,20100401,69.2
GHCND:USC00046635,20100701,91.1
GHCND:USC00046635,20101001,81.8
GHCND:USC00047965,20100101,48.2
GHCND:USC00047965,20100401,56.0
GHCND:USC00047965,20100701,67.4
GHCND:USC00047965,20101001,65.9
GHCND:USC00414081,20100101,45.6
GHCND:USC00414081,20100401,60.2
GHCND:USC00414081,20100701,81.0
GHCND:USC00414081,20101001,70.4
GHCND:USC00418446,20100101,48.6
GHCND:USC00418446,20100401,63.5
GHCND:USC00418446,20100701,82.8
GHCND:USC00418446,20101001,73.2
GHCND:USC00044211,20100101,42.5
GHCND:USC00044211,20100401,46.9
GHCND:USC00044211,20100701,67.8
GHCND:USC00044211,20101001,60.5
GHCND:USC00417111,20100101,51.1
GHCND:USC00417111,20100401,66.4
GHCND:USC00417111,20100701,84.0
GHCND:USC00417111,20101001,75.5
GHCND:USC00419532,20100101,42.0
GHCND:USC00419532,20100401,58.5
GHCND:USC00419532,20100701,80.5
GHCND:USC00419532,20101001,68.5
GHCND:USC00418201,20100101,40.9
GHCND:USC00418201,20100401,56.9
GHCND:USC00418201,20100701,79.8
GHCND:USC00418201,20101001,67.1
GHCND:USW00023110,20100101,43.9
GHCND:USW00023110,20100401,57.1
GHCND:USW00023110,20100701,77.2
GHCND:USW00023110,20101001,69.0
GHCND:USC00418449,20100101,43.6
GHCND:USC00418449,20100401,60.3
GHCND:USC00418449,20100701,81.3
GHCND:USC00418449,20101001,69.8
GHCND:USC00411810,20100101,48.9
GHCND:USC00411810,20100401,62.9
GHCND:USC00411810,20100701,81.0
GHCND:USC00411810,20101001,72.3
GHCND:USC00412902,20100101,42.6
GHCND:USC00412902,20100401,58.8
GHCND:USC00412902,20100701,79.6
GHCND:USC00412902,20101001,69.0
GHCND:USC00412906,20100101,53.9
GHCND:USC00412906,20100401,69.6
GHCND:USC00412906,20100701,86.1
GHCND:USC00412906,20101001,77.9
GHCND:USC00418692,20100101,33.2
GHCND:USC00418692,20100401,48.9
GHCND:USC00418692,20100701,76.2
GHCND:USC00418692,20101001,60.9
GHCND:USC00046646,20100101,47.6
GHCND:USC00046646,20100401,55.7
GHCND:USC00046646,20100701,66.9
GHCND:USC00046646,20101001,64.1
GHCND:USC00415183,20100101,38.5
GHCND:USC00415183,20100401,54.2
GHCND:USC00415183,20100701,78.7
GHCND:USC00415183,20101001,65.0
GHCND:USC00048829,20100101,42.0
GHCND:USC00048829,20100401,47.2
GHCND:USC00048829,20100701,70.8
GHCND:USC00048829,20101001,61.5
GHCND:USC00416276,20100101,49.3
GHCND:USC00416276,20100401,63.8
GHCND:USC00416276,20100701,82.0
GHCND:USC00416276,20101001,73.0
GHCND:USC00414098,20100101,35.7
GHCND:USC00414098,20100401,51.5
GHCND:USC00414098,20100701,77.3
GHCND:USC00414098,20101001,63.0
GHCND:USC00045790,20100101,58.5
GHCND:USC00045790,20100401,63.4
GHCND:USC00045790,20100701,74.8
GHCND:USC00045790,20101001,72.9
GHCND:USC00044223,20100101,54.3
GHCND:USC00044223,20100401,66.8
GHCND:USC00044223,20100701,89.0
GHCND:USC00044223,20101001,80.1
GHCND:USC00045311,20100101,31.7
GHCND:USC00045311,20100401,37.5
GHCND:USC00045311,20100701,59.5
GHCND:USC00045311,20101001,52.1
GHCND:USC00045795,20100101,50.4
GHCND:USC00045795,20100401,53.6
GHCND:USC00045795,20100701,58.7
GHCND:USC00045795,20101001,60.8
GHCND:USC00418415,20100101,49.6
GHCND:USC00418415,20100401,64.5
GHCND:USC00418415,20100701,82.9
GHCND:USC00418415,20101001,73.8
GHCND:USC00417327,20100101,43.5
GHCND:USC00417327,20100401,59.7
GHCND:USC00417327,20100701,81.2
GHCND:USC00417327,20101001,69.7
GHCND:USC00049490,20100101,38.5
GHCND:USC00049490,20100401,49.0
GHCND:USC00049490,20100701,70.4
GHCND:USC00049490,20101001,61.5
GHCND:USW00023161,20100101,46.9
GHCND:USW00023161,20100401,61.2
GHCND:USW00023161,20100701,86.8
GHCND:USW00023161,20101001,74.3
GHCND:USW00024259,20100101,35.1
GHCND:USW00024259,20100401,43.8
GHCND:USW00024259,20100701,69.2
GHCND:USW00024259,20101001,57.4
GHCND:USW00024257,20100101,44.7
GHCND:USW00024257,20100401,55.4
GHCND:USW00024257,20100701,80.2
GHCND:USW00024257,20101001,69.8
GHCND:USC00040673,20100101,48.3
GHCND:USC00040673,20100401,55.0
GHCND:USC00040673,20100701,66.9
GHCND:USC00040673,20101001,64.5
GHCND:USC00040436,20100101,47.1
GHCND:USC00040436,20100401,64.7
GHCND:USC00040436,20100701,92.1
GHCND:USC00040436,20101001,77.0
GHCND:USC00419754,20100101,49.3
GHCND:USC00419754,20100401,63.2
GHCND:USC00419754,20100701,81.7
GHCND:USC00419754,20101001,72.7
GHCND:USW00023174,20100101,56.4
GHCND:USW00023174,20100401,58.8
GHCND:USW00023174,20100701,67.6
GHCND:USW00023174,20101001,67.5
GHCND:USC00047085,20100101,29.7
GHCND:USC00047085,20100401,40.5
GHCND:USC00047085,20100701,61.7
GHCND:USC00047085,20101001,52.7
GHCND:USC00040449,20100101,44.5
GHCND:USC00040449,20100401,55.0
GHCND:USC00040449,20100701,78.0
GHCND:USC00040449,20101001,71.5
GHCND:USW00023179,20100101,52.7
GHCND:USW00023179,20100401,67.7
GHCND:USW00023179,20100701,95.1
GHCND:USW00023179,20101001,81.0
GHCND:USC00042863,20100101,55.1
GHCND:USC00042863,20100401,60.8
GHCND:USC00042863,20100701,73.2
GHCND:USC00042863,20101001,71.0
GHCND:USC00040444,20100101,45.8
GHCND:USC00040444,20100401,58.1
GHCND:USC00040444,20100701,80.3
GHCND:USC00040444,20101001,71.6
GHCND:USC00043710,20100101,44.4
GHCND:USC00043710,20100401,57.7
GHCND:USC00043710,20100701,82.8
GHCND:USC00043710,20101001,70.9
GHCND:USC00041534,20100101,50.0
GHCND:USC00041534,20100401,54.8
GHCND:USC00041534,20100701,64.4
GHCND:USC00041534,20101001,65.2
GHCND:USC00043714,20100101,50.0
GHCND:USC00043714,20100401,51.3
GHCND:USC00043714,20100701,57.5
GHCND:USC00043714,20101001,57.2
GHCND:USC00418433,20100101,41.4
GHCND:USC00418433,20100401,58.0
GHCND:USC00418433,20100701,81.0
GHCND:USC00418433,20101001,68.6
GHCND:USC00419522,20100101,44.1
GHCND:USC00419522,20100401,59.8
GHCND:USC00419522,20100701,82.3
GHCND:USC00419522,20101001,71.2
GHCND:USC00417588,20100101,44.2
GHCND:USC00417588,20100401,60.7
GHCND:USC00417588,20100701,82.0
GHCND:USC00417588,20101001,71.5
GHCND:USC00414077,20100101,47.0
GHCND:USC00414077,20100401,61.6
GHCND:USC00414077,20100701,82.0
GHCND:USC00414077,20101001,71.5
GHCND:USC00417550,20100101,45.6
GHCND:USC00417550,20100401,62.3
GHCND:USC00417550,20100701,83.8
GHCND:USC00417550,20101001,72.3
GHCND:USC00040212,20100101,45.8
GHCND:USC00040212,20100401,52.2
GHCND:USC00040212,20100701,69.3
GHCND:USC00040212,20101001,65.3
GHCND:USC00049026,20100101,38.9
GHCND:USC00049026,20100401,49.2
GHCND:USC00049026,20100701,70.2
GHCND:USC00049026,20101001,61.4
GHCND:USC00040693,20100101,49.7
GHCND:USC00040693,20100401,55.6
GHCND:USC00040693,20100701,63.3
GHCND:USC00040693,20101001,63.6
GHCND:USC00049043,20100101,27.1
GHCND:USC00049043,20100401,37.0
GHCND:USC00049043,20100701,59.0
GHCND:USC00049043,20101001,50.0
GHCND:USW00023152,20100101,54.2
GHCND:USW00023152,20100401,59.6
GHCND:USW00023152,20100701,72.7
GHCND:USW00023152,20101001,70.0
GHCND:USW00023155,20100101,46.8
GHCND:USW00023155,20100401,59.5
GHCND:USW00023155,20100701,81.6
GHCND:USW00023155,20101001,72.9
GHCND:USW00093042,20100101,33.9
GHCND:USW00093042,20100401,49.5
GHCND:USW00093042,20100701,76.1
GHCND:USW00093042,20101001,61.0
GHCND:USC00418646,20100101,47.5
GHCND:USC00418646,20100401,62.8
GHCND:USC00418646,20100701,82.7
GHCND:USC00418646,20101001,73.2
GHCND:USC00410926,20100101,40.2
GHCND:USC00410926,20100401,58.4
GHCND:USC00410926,20100701,81.6
GHCND:USC00410926,20101001,68.7
GHCND:USW00023157,20100101,37.4
GHCND:USW00023157,20100401,51.2
GHCND:USW00023157,20100701,75.5
GHCND:USW00023157,20101001,62.3
GHCND:USW00023156,20100101,51.2
GHCND:USW00023156,20100401,56.7
GHCND:USW00023156,20100701,76.1
GHCND:USW00023156,20101001,69.5
GHCND:USW00023158,20100101,53.4
GHCND:USW00023158,20100401,67.6
GHCND:USW00023158,20100701,92.6
GHCND:USW00023158,20101001,80.5
GHCND:USC00041312,20100101,47.2
GHCND:USC00041312,20100401,55.2
GHCND:USC00041312,20100701,70.9
GHCND:USC00041312,20101001,66.3
GHCND:USC00042402,20100101,42.2
GHCND:USC00042402,20100401,50.0
GHCND:USC00042402,20100701,71.4
GHCND:USC00042402,20101001,64.0
GHCND:USC00045915,20100101,47.5
GHCND:USC00045915,20100401,51.9
GHCND:USC00045915,20100701,70.3
GHCND:USC00045915,20101001,66.7
GHCND:USC00041316,20100101,34.5
GHCND:USC00041316,20100401,45.5
GHCND:USC00041316,20100701,64.9
GHCND:USC00041316,20101001,56.5
GHCND:USC00049035,20100101,44.9
GHCND:USC00049035,20100401,61.6
GHCND:USC00049035,20100701,88.0
GHCND:USC00049035,20101001,75.4
GHCND:USC00414058,20100101,55.2
GHCND:USC00414058,20100401,70.2
GHCND:USC00414058,20100701,85.0
GHCND:USC00414058,20101001,77.5
GHCND:USC00049053,20100101,30.0
GHCND:USC00049053,20100401,41.8
GHCND:USC00049053,20100701,63.2
GHCND:USC00049053,20101001,53.1
GHCND:USW00093230,20100101,29.3
GHCND:USW00093230,20100401,37.7
GHCND:USW00093230,20100701,58.6
GHCND:USW00093230,20101001,49.8
GHCND:USC00044838,20100101,31.4
GHCND:USC00044838,20100401,41.7
GHCND:USC00044838,20100701,64.3
GHCND:USC00044838,20101001,56.0
GHCND:USC00042410,20100101,52.5
GHCND:USC00042410,20100401,66.8
GHCND:USC00042410,20100701,91.6
GHCND:USC00042410,20101001,80.0
GHCND:USC00043747,20100101,43.8
GHCND:USC00043747,20100401,58.0
GHCND:USC00043747,20100701,78.9
GHCND:USC00043747,20101001,69.8
GHCND:USC00418862,20100101,47.6
GHCND:USC00418862,20100401,62.4
GHCND:USC00418862,20100701,82.7
GHCND:USC00418862,20101001,72.7
GHCND:USC00419952,20100101,51.8
GHCND:USC00419952,20100401,65.7
GHCND:USC00419952,20100701,82.2
GHCND:USC00419952,20101001,74.5
GHCND:USC00412082,20100101,44.8
GHCND:USC00412082,20100401,61.9
GHCND:USC00412082,20100701,81.6
GHCND:USC00412082,20101001,70.0
GHCND:USC00417533,20100101,54.1
GHCND:USC00417533,20100401,66.5
GHCND:USC00417533,20100701,82.2
GHCND:USC00417533,20101001,75.5
GHCND:USW00093225,20100101,44.4
GHCND:USW00093225,20100401,55.3
GHCND:USW00093225,20100701,75.3
GHCND:USW00093225,20101001,67.7
GHCND:USC00416680,20100101,50.0
GHCND:USC00416680,20100401,63.0
GHCND:USC00416680,20100701,80.8
GHCND:USC00416680,20101001,72.3
GHCND:USC00419711,20100101,40.0
GHCND:USC00419711,20100401,57.9
GHCND:USC00419711,20100701,80.2
GHCND:USC00419711,20101001,68.1
GHCND:USW00093227,20100101,45.3
GHCND:USW00093227,20100401,53.3
GHCND:USW00093227,20100701,65.7
GHCND:USW00093227,20101001,61.7
GHCND:USW00093228,20100101,49.4
GHCND:USW00093228,20100401,56.4
GHCND:USW00093228,20100701,64.9
GHCND:USW00093228,20101001,64.8
GHCND:USC00417530,20100101,53.7
GHCND:USC00417530,20100401,66.7
GHCND:USC00417530,20100701,82.1
GHCND:USC00417530,20101001,75.4
GHCND:USC00040232,20100101,45.2
GHCND:USC00040232,20100401,57.1
GHCND:USC00040232,20100701,74.6
GHCND:USC00040232,20101001,68.8
GHCND:USW00003104,20100101,53.3
GHCND:USW00003104,20100401,66.9
GHCND:USW00003104,20100701,88.8
GHCND:USW00003104,20101001,78.4
GHCND:USC00419715,20100101,46.0
GHCND:USC00419715,20100401,61.8
GHCND:USC00419715,20100701,82.7
GHCND:USC00419715,20101001,72.4
GHCND:USC00410902,20100101,47.8
GHCND:USC00410902,20100401,62.3
GHCND:USC00410902,20100701,80.4
GHCND:USC00410902,20101001,71.6
GHCND:USW00003102,20100101,54.2
GHCND:USW00003102,20100401,60.0
GHCND:USW00003102,20100701,75.8
GHCND:USW00003102,20101001,71.7
GHCND:USC00045933,20100101,43.5
GHCND:USC00045933,20100401,45.6
GHCND:USC00045933,20100701,68.2
GHCND:USC00045933,20101001,62.9
GHCND:USC00416210,20100101,45.1
GHCND:USC00416210,20100401,61.0
GHCND:USC00416210,20100701,82.6
GHCND:USC00416210,20101001,71.7
GHCND:USC00417300,20100101,45.1
GHCND:USC00417300,20100401,61.2
GHCND:USC00417300,20100701,81.8
GHCND:USC00417300,20101001,70.6
GHCND:USC00415120,20100101,42.3
GHCND:USC00415120,20100401,60.0
GHCND:USC00415120,20100701,81.3
GHCND:USC00415120,20101001,69.9
GHCND:USC00413183,20100101,51.2
GHCND:USC00413183,20100401,65.4
GHCND:USC00413183,20100701,83.0
GHCND:USC00413183,20101001,75.2
GHCND:USC00414278,20100101,43.2
GHCND:USC00414278,20100401,59.3
GHCND:USC00414278,20100701,79.8
GHCND:USC00414278,20101001,69.0
GHCND:USC00417782,20100101,42.7
GHCND:USC00417782,20100401,59.1
GHCND:USC00417782,20100701,81.9
GHCND:USC00417782,20101001,69.4
GHCND:USC00418630,20100101,42.1
GHCND:USC00418630,20100401,58.8
GHCND:USC00418630,20100701,80.6
GHCND:USC00418630,20101001,68.3
GHCND:USW00023188,20100101,56.4
GHCND:USW00023188,20100401,60.4
GHCND:USW00023188,20100701,68.5
GHCND:USW00023188,20101001,68.7
GHCND:USW00023187,20100101,42.3
GHCND:USW00023187,20100401,48.0
GHCND:USW00023187,20100701,71.3
GHCND:USW00023187,20101001,64.5
GHCND:USW00023182,20100101,44.1
GHCND:USW00023182,20100401,54.7
GHCND:USW00023182,20100701,78.6
GHCND:USW00023182,20101001,68.4
GHCND:USC00049073,20100101,45.3
GHCND:USC00049073,20100401,58.1
GHCND:USC00049073,20100701,76.9
GHCND:USC00049073,20101001,70.0
GHCND:USW00003131,20100101,55.2
GHCND:USW00003131,20100401,58.6
GHCND:USW00003131,20100701,69.4
GHCND:USW00003131,20101001,68.7
GHCND:USW00004222,20100101,43.6
GHCND:USW00004222,20100401,52.9
GHCND:USW00004222,20100701,76.6
GHCND:USW00004222,20101001,67.7
GHCND:USW00093245,20100101,49.2
GHCND:USW00093245,20100401,51.3
GHCND:USW00093245,20100701,57.5
GHCND:USW00093245,20101001,56.5
GHCND:USC00414483,20100101,44.3
GHCND:USC00414483,20100401,60.0
GHCND:USC00414483,20100701,82.0
GHCND:USC00414483,20101001,70.6
GHCND:USC00417994,20100101,43.7
GHCND:USC00417994,20100401,60.4
GHCND:USC00417994,20100701,80.8
GHCND:USC00417994,20101001,70.4
GHCND:USC00415579,20100101,44.0
GHCND:USC00415579,20100401,58.6
GHCND:USC00415579,20100701,75.9
GHCND:USC00415579,20101001,66.6
GHCND:USW00023199,20100101,55.4
GHCND:USW00023199,20100401,68.1
GHCND:USW00023199,20100701,90.6
GHCND:USW00023199,20101001,80.6
GHCND:USW00024286,20100101,48.0
GHCND:USW00024286,20100401,48.6
GHCND:USW00024286,20100701,55.5
GHCND:USW00024286,20101001,54.3
GHCND:USW00024283,20100101,46.5
GHCND:USW00024283,20100401,48.0
GHCND:USW00024283,20100701,55.0
GHCND:USW00024283,20101001,54.3
GHCND:USW00093241,20100101,45.7
GHCND:USW00093241,20100401,56.1
GHCND:USW00093241,20100701,75.4
GHCND:USW00093241,20101001,68.2
GHCND:USW00093242,20100101,44.4
GHCND:USW00093242,20100401,56.0
GHCND:USW00093242,20100701,77.8
GHCND:USW00093242,20101001,68.9
GHCND:USW00093243,20100101,45.0
GHCND:USW00093243,20100401,54.3
GHCND:USW00093243,20100701,73.3
GHCND:USW00093243,20101001,65.8
GHCND:USW00003122,20100101,55.6
GHCND:USW00003122,20100401,59.1
GHCND:USW00003122,20100701,68.1
GHCND:USW00003122,20101001,67.6
GHCND:USC00415341,20100101,45.3
GHCND:USC00415341,20100401,61.2
GHCND:USC00415341,20100701,82.0
GHCND:USC00415341,20101001,71.0
GHCND:USC00040029,20100101,34.5
GHCND:USC00040029,20100401,44.9
GHCND:USC00040029,20100701,66.0
GHCND:USC00040029,20101001,57.0
GHCND:USW00023191,20100101,54.8
GHCND:USW00023191,20100401,54.6
GHCND:USW00023191,20100701,64.9
GHCND:USW00023191,20101001,66.4
GHCND:USW00023190,20100101,51.5
GHCND:USW00023190,20100401,56.3
GHCND:USW00023190,20100701,64.4
GHCND:USW00023190,20101001,63.5
GHCND:USC00415344,20100101,45.4
GHCND:USC00415344,20100401,60.8
GHCND:USC00415344,20100701,82.4
GHCND:USC00415344,20101001,71.0
GHCND:USC00414254,20100101,51.1
GHCND:USC00414254,20100401,66.1
GHCND:USC00414254,20100701,82.9
GHCND:USC00414254,20101001,75.0
GHCND:USW00003159,20100101,43.6
GHCND:USW00003159,20100401,55.5
GHCND:USW00003159,20100701,80.3
GHCND:USW00003159,20101001,68.1
GHCND:USC00414577,20100101,44.3
GHCND:USC00414577,20100401,59.7
GHCND:USC00414577,20100701,81.1
GHCND:USC00414577,20101001,69.4
GHCND:USC00435273,20100101,16.9
GHCND:USC00435273,20100401,35.8
GHCND:USC00435273,20100701,69.3
GHCND:USC00435273,20101001,53.1
GHCND:USC00415429,20100101,49.4
GHCND:USC00415429,20100401,63.8
GHCND:USC00415429,20100701,82.6
GHCND:USC00415429,20101001,73.5
GHCND:USC00048560,20100101,45.5
GHCND:USC00048560,20100401,58.1
GHCND:USC00048560,20100701,75.3
GHCND:USC00048560,20101001,69.7
GHCND:USW00003154,20100101,53.5
GHCND:USW00003154,20100401,57.7
GHCND:USW00003154,20100701,68.9
GHCND:USW00003154,20101001,67.6
GHCND:USC00418942,20100101,43.3
GHCND:USC00418942,20100401,59.3
GHCND:USC00418942,20100701,81.9
GHCND:USC00418942,20101001,69.5
GHCND:USC00046136,20100101,41.8
GHCND:USC00046136,20100401,48.8
GHCND:USC00046136,20100701,70.4
GHCND:USC00046136,20101001,63.8
GHCND:USC00414348,20100101,48.2
GHCND:USC00414348,20100401,64.4
GHCND:USC00414348,20100701,83.3
GHCND:USC00414348,20101001,73.4
GHCND:USC00415435,20100101,49.4
GHCND:USC00415435,20100401,63.9
GHCND:USC00415435,20100701,82.3
GHCND:USC00415435,20101001,72.9
GHCND:USC00413257,20100101,44.8
GHCND:USC00413257,20100401,61.5
GHCND:USC00413257,20100701,80.4
GHCND:USC00413257,20101001,70.1
GHCND:USW00003144,20100101,54.2
GHCND:USW00003144,20100401,66.9
GHCND:USW00003144,20100701,90.2
GHCND:USW00003144,20101001,80.0
GHCND:USC00046144,20100101,49.1
GHCND:USC00046144,20100401,57.3
GHCND:USC00046144,20100701,67.1
GHCND:USC00046144,20101001,65.8
GHCND:USC00046386,20100101,57.7
GHCND:USC00046386,20100401,70.2
GHCND:USC00046386,20100701,93.2
GHCND:USC00046386,20101001,84.3
GHCND:USC00413262,20100101,43.2
GHCND:USC00413262,20100401,56.9
GHCND:USC00413262,20100701,75.3
GHCND:USC00413262,20101001,65.2
GHCND:USC00412173,20100101,52.9
GHCND:USC00412173,20100401,65.6
GHCND:USC00412173,20100701,83.3
GHCND:USC00412173,20101001,75.7
GHCND:USC00419800,20100101,43.8
GHCND:USC00419800,20100401,59.2
GHCND:USC00419800,20100701,82.0
GHCND:USC00419800,20101001,71.3
GHCND:USC00417622,20100101,57.0
GHCND:USC00417622,20100401,72.3
GHCND:USC00417622,20100701,86.5
GHCND:USC00417622,20101001,78.7
GHCND:USC00413266,20100101,41.4
GHCND:USC00413266,20100401,58.0
GHCND:USC00413266,20100701,81.6
GHCND:USC00413266,20101001,68.6
GHCND:USC00414597,20100101,42.7
GHCND:USC00414597,20100401,60.4
GHCND:USC00414597,20100701,81.4
GHCND:USC00414597,20101001,70.8
GHCND:USC00434189,20100101,14.4
GHCND:USC00434189,20100401,30.2
GHCND:USC00434189,20100701,63.5
GHCND:USC00434189,20101001,47.9
GHCND:USC00413225,20100101,35.0
GHCND:USC00413225,20100401,51.3
GHCND:USC00413225,20100701,78.2
GHCND:USC00413225,20101001,63.7
GHCND:USC00411048,20100101,49.3
GHCND:USC00411048,20100401,63.5
GHCND:USC00411048,20100701,82.9
GHCND:USC00411048,20101001,74.2
GHCND:USC00416733,20100101,43.4
GHCND:USC00416733,20100401,60.5
GHCND:USC00416733,20100701,81.3
GHCND:USC00416733,20101001,70.5
GHCND:USC00416739,20100101,54.3
GHCND:USC00416739,20100401,66.5
GHCND:USC00416739,20100701,81.9
GHCND:USC00416739,20101001,76.1
GHCND:USC00046161,20100101,53.3
GHCND:USC00046161,20100401,59.0
GHCND:USC00046161,20100701,75.4
GHCND:USC00046161,20101001,71.2
GHCND:USC00041948,20100101,45.2
GHCND:USC00041948,20100401,56.8
GHCND:USC00041948,20100701,75.6
GHCND:USC00041948,20101001,68.3
GHCND:USW00003177,20100101,55.0
GHCND:USW00003177,20100401,57.7
GHCND:USW00003177,20100701,66.8
GHCND:USW00003177,20101001,66.9
GHCND:USW00003179,20100101,52.6
GHCND:USW00003179,20100401,58.0
GHCND:USW00003179,20100701,74.0
GHCND:USW00003179,20101001,69.6
GHCND:USW00003178,20100101,54.8
GHCND:USW00003178,20100401,57.3
GHCND:USW00003178,20100701,67.5
GHCND:USW00003178,20101001,67.7
GHCND:USC00041700,20100101,30.4
GHCND:USC00041700,20100401,40.6
GHCND:USC00041700,20100701,63.2
GHCND:USC00041700,20101001,54.3
GHCND:USW00003171,20100101,54.4
GHCND:USW00003171,20100401,60.5
GHCND:USW00003171,20100701,75.8
GHCND:USW00003171,20101001,72.4
GHCND:USC00415891,20100101,45.8
GHCND:USC00415891,20100401,62.0
GHCND:USC00415891,20100701,82.8
GHCND:USC00415891,20101001,71.4
GHCND:USW00054771,20100101,17.7
GHCND:USW00054771,20100401,35.2
GHCND:USW00054771,20100701,66.5
GHCND:USW00054771,20101001,51.3
GHCND:USC00045064,20100101,52.1
GHCND:USC00045064,20100401,56.3
GHCND:USC00045064,20100701,63.1
GHCND:USC00045064,20101001,63.3
GHCND:USC00046154,20100101,46.6
GHCND:USC00046154,20100401,52.8
GHCND:USC00046154,20100701,73.5
GHCND:USC00046154,20101001,65.4
GHCND:USC00416742,20100101,40.4
GHCND:USC00416742,20100401,58.7
GHCND:USC00416742,20100701,81.7
GHCND:USC00416742,20101001,69.0
GHCND:USC00416740,20100101,40.7
GHCND:USC00416740,20100401,58.6
GHCND:USC00416740,20100701,82.3
GHCND:USC00416740,20101001,69.0
GHCND:USC00046399,20100101,51.1
GHCND:USC00046399,20100401,56.6
GHCND:USC00046399,20100701,70.4
GHCND:USC00046399,20101001,66.8
GHCND:USC00415650,20100101,44.9
GHCND:USC00415650,20100401,60.5
GHCND:USC00415650,20100701,79.9
GHCND:USC00415650,20101001,69.2
GHCND:USC00415415,20100101,45.7
GHCND:USC00415415,20100401,60.5
GHCND:USC00415415,20100701,80.2
GHCND:USC00415415,20101001,70.3
GHCND:USC00414326,20100101,53.1
GHCND:USC00414326,20100401,67.2
GHCND:USC00414326,20100701,84.6
GHCND:USC00414326,20101001,77.0
GHCND:USC00418926,20100101,47.2
GHCND:USC00418926,20100401,63.3
GHCND:USC00418926,20100701,80.3
GHCND:USC00418926,20101001,70.7
GHCND:USC00416502,20100101,44.2
GHCND:USC00416502,20100401,62.3
GHCND:USC00416502,20100701,83.0
GHCND:USC00416502,20101001,71.3
GHCND:USC00046174,20100101,46.4
GHCND:USC00046174,20100401,55.2
GHCND:USC00046174,20100701,78.0
GHCND:USC00046174,20101001,70.9
GHCND:USC00048351,20100101,46.0
GHCND:USC00048351,20100401,54.7
GHCND:USC00048351,20100701,69.4
GHCND:USC00048351,20101001,65.6
GHCND:USC00415659,20100101,52.9
GHCND:USC00415659,20100401,64.4
GHCND:USC00415659,20100701,82.0
GHCND:USC00415659,20101001,75.3
GHCND:USC00415658,20100101,41.3
GHCND:USC00415658,20100401,56.9
GHCND:USC00415658,20100701,80.7
GHCND:USC00415658,20101001,67.4
GHCND:USC00416747,20100101,43.4
GHCND:USC00416747,20100401,60.6
GHCND:USC00416747,20100701,81.8
GHCND:USC00416747,20101001,70.2
GHCND:USC00418924,20100101,48.6
GHCND:USC00418924,20100401,67.8
GHCND:USC00418924,20100701,86.0
GHCND:USC00418924,20101001,77.5
GHCND:USC00041715,20100101,44.1
GHCND:USC00041715,20100401,55.8
GHCND:USC00041715,20100701,75.8
GHCND:USC00041715,20101001,68.6
GHCND:USC00042805,20100101,51.7
GHCND:USC00042805,20100401,59.7
GHCND:USC00042805,20100701,77.3
GHCND:USC00042805,20101001,72.1
GHCND:USW00003164,20100101,47.9
GHCND:USW00003164,20100401,52.7
GHCND:USW00003164,20100701,70.2
GHCND:USW00003164,20101001,64.7
GHCND:USW00003166,20100101,55.9
GHCND:USW00003166,20100401,60.7
GHCND:USW00003166,20100701,72.3
GHCND:USW00003166,20101001,70.7
GHCND:USW00003167,20100101,57.2
GHCND:USW00003167,20100401,60.8
GHCND:USW00003167,20100701,68.9
GHCND:USW00003167,20101001,68.8
GHCND:USW00054781,20100101,22.2
GHCND:USW00054781,20100401,39.5
GHCND:USW00054781,20100701,67.3
GHCND:USW00054781,20101001,52.9
GHCND:USC00414570,20100101,40.4
GHCND:USC00414570,20100401,57.2
GHCND:USC00414570,20100701,80.8
GHCND:USC00414570,20101001,68.1
GHCND:USC00048587,20100101,43.2
GHCND:USC00048587,20100401,52.7
GHCND:USC00048587,20100701,76.0
GHCND:USC00048587,20101001,67.4
GHCND:USC00417841,20100101,45.8
GHCND:USC00417841,20100401,60.9
GHCND:USC00417841,20100701,80.5
GHCND:USC00417841,20101001,70.9
GHCND:USC00047253,20100101,43.2
GHCND:USC00047253,20100401,55.1
GHCND:USC00047253,20100701,80.6
GHCND:USC00047253,20101001,68.9
GHCND:USC00413485,20100101,44.7
GHCND:USC00413485,20100401,60.2
GHCND:USC00413485,20100701,81.2
GHCND:USC00413485,20101001,70.8
GHCND:USC00411063,20100101,41.6
GHCND:USC00411063,20100401,58.3
GHCND:USC00411063,20100701,81.2
GHCND:USC00411063,20101001,68.7
GHCND:USC00414333,20100101,52.4
GHCND:USC00414333,20100401,64.7
GHCND:USC00414333,20100701,81.6
GHCND:USC00414333,20101001,73.9
GHCND:USC00046168,20100101,46.9
GHCND:USC00046168,20100401,59.5
GHCND:USC00046168,20100701,79.0
GHCND:USC00046168,20101001,71.7
GHCND:USC00415661,20100101,54.8
GHCND:USC00415661,20100401,68.0
GHCND:USC00415661,20100701,83.5
GHCND:USC00415661,20101001,77.0
GHCND:USC00412598,20100101,43.3
GHCND:USC00412598,20100401,59.6
GHCND:USC00412598,20100701,80.0
GHCND:USC00412598,20101001,69.7
GHCND:USC00412354,20100101,40.9
GHCND:USC00412354,20100401,57.2
GHCND:USC00412354,20100701,80.5
GHCND:USC00412354,20101001,67.2
GHCND:USC00413201,20100101,50.4
GHCND:USC00413201,20100401,65.0
GHCND:USC00413201,20100701,83.4
GHCND:USC00413201,20101001,74.6
GHCND:USC00411267,20100101,34.4
GHCND:USC00411267,20100401,50.3
GHCND:USC00411267,20100701,75.5
GHCND:USC00411267,20101001,62.1
GHCND:USC00412114,20100101,47.1
GHCND:USC00412114,20100401,62.2
GHCND:USC00412114,20100701,82.0
GHCND:USC00412114,20101001,72.6
GHCND:USC00413686,20100101,48.1
GHCND:USC00413686,20100401,63.3
GHCND:USC00413686,20100701,82.2
GHCND:USC00413686,20101001,73.3
GHCND:USC00414775,20100101,43.0
GHCND:USC00414775,20100401,60.3
GHCND:USC00414775,20100701,82.1
GHCND:USC00414775,20101001,69.6
GHCND:USC00049452,20100101,45.0
GHCND:USC00049452,20100401,59.7
GHCND:USC00049452,20100701,80.5
GHCND:USC00049452,20101001,71.2
GHCND:USC00049694,20100101,43.1
GHCND:USC00049694,20100401,52.9
GHCND:USC00049694,20100701,71.5
GHCND:USC00049694,20101001,63.4
GHCND:USC00416959,20100101,47.8
GHCND:USC00416959,20100401,64.9
GHCND:USC00416959,20100701,84.3
GHCND:USC00416959,20101001,73.2
GHCND:USW00012904,20100101,59.2
GHCND:USW00012904,20100401,72.4
GHCND:USW00012904,20100701,84.7
GHCND:USW00012904,20101001,78.9
GHCND:USC00415869,20100101,46.1
GHCND:USC00415869,20100401,62.0
GHCND:USC00415869,20100701,82.0
GHCND:USC00415869,20101001,72.6
GHCND:USC00041967,20100101,47.9
GHCND:USC00041967,20100401,57.9
GHCND:USC00041967,20100701,72.3
GHCND:USC00041967,20101001,68.6
GHCND:USC00413691,20100101,43.6
GHCND:USC00413691,20100401,60.2
GHCND:USC00413691,20100701,82.5
GHCND:USC00413691,20101001,71.1
GHCND:USC00046175,20100101,56.0
GHCND:USC00046175,20100401,58.2
GHCND:USC00046175,20100701,66.3
GHCND:USC00046175,20101001,66.4
GHCND:USC00048353,20100101,42.7
GHCND:USC00048353,20100401,50.6
GHCND:USC00048353,20100701,72.0
GHCND:USC00048353,20101001,63.7
GHCND:USC00049200,20100101,46.5
GHCND:USC00049200,20100401,58.0
GHCND:USC00049200,20100701,76.5
GHCND:USC00049200,20101001,70.7
GHCND:USC00049684,20100101,41.4
GHCND:USC00049684,20100401,47.5
GHCND:USC00049684,20100701,62.9
GHCND:USC00049684,20101001,58.1
GHCND:USC00411033,20100101,34.9
GHCND:USC00411033,20100401,50.6
GHCND:USC00411033,20100701,75.9
GHCND:USC00411033,20101001,61.8
GHCND:USC00412361,20100101,50.0
GHCND:USC00412361,20100401,67.6
GHCND:USC00412361,20100701,84.7
GHCND:USC00412361,20101001,75.0
GHCND:USC00412121,20100101,39.1
GHCND:USC00412121,20100401,55.4
GHCND:USC00412121,20100701,78.6
GHCND:USC00412121,20101001,66.0
GHCND:USC00414782,20100101,46.5
GHCND:USC00414782,20100401,61.6
GHCND:USC00414782,20100701,80.2
GHCND:USC00414782,20101001,70.6
GHCND:USC00413214,20100101,37.5
GHCND:USC00413214,20100401,54.0
GHCND:USC00413214,20100701,79.0
GHCND:USC00413214,20101001,65.4
GHCND:USW00012919,20100101,60.5
GHCND:USW00012919,20100401,72.2
GHCND:USW00012919,20100701,84.5
GHCND:USW00012919,20101001,79.0
GHCND:USW00012918,20100101,53.9
GHCND:USW00012918,20100401,66.6
GHCND:USW00012918,20100701,83.2
GHCND:USW00012918,20101001,76.2
GHCND:USW00012917,20100101,52.4
GHCND:USW00012917,20100401,65.3
GHCND:USW00012917,20100701,82.5
GHCND:USW00012917,20101001,74.8
GHCND:USC00412125,20100101,52.1
GHCND:USC00412125,20100401,66.6
GHCND:USC00412125,20100701,84.2
GHCND:USC00412125,20101001,75.4
GHCND:USW00012912,20100101,53.6
GHCND:USW00012912,20100401,66.7
GHCND:USW00012912,20100701,83.3
GHCND:USW00012912,20101001,76.0
GHCND:USC00043914,20100101,43.9
GHCND:USC00043914,20100401,50.0
GHCND:USC00043914,20100701,68.7
GHCND:USC00043914,20101001,62.2
GHCND:USC00041738,20100101,51.2
GHCND:USC00041738,20100401,62.1
GHCND:USC00041738,20100701,87.5
GHCND:USC00041738,20101001,75.4
GHCND:USC00049699,20100101,46.4
GHCND:USC00049699,20100401,57.1
GHCND:USC00049699,20100701,76.8
GHCND:USC00049699,20101001,70.7
GHCND:USW00012921,20100101,51.3
GHCND:USW00012921,20100401,65.8
GHCND:USW00012921,20100701,83.8
GHCND:USW00012921,20101001,75.2
GHCND:USC00411042,20100101,43.1
GHCND:USC00411042,20100401,60.4
GHCND:USC00411042,20100701,83.2
GHCND:USC00411042,20101001,70.7
GHCND:USC00414792,20100101,46.8
GHCND:USC00414792,20100401,61.8
GHCND:USC00414792,20100701,81.9
GHCND:USC00414792,20101001,72.3
GHCND:USC00411486,20100101,52.0
GHCND:USC00411486,20100401,68.7
GHCND:USC00411486,20100701,85.9
GHCND:USC00411486,20101001,76.5
GHCND:USC00412334,20100101,41.6
GHCND:USC00412334,20100401,57.7
GHCND:USC00412334,20100701,81.0
GHCND:USC00412334,20101001,68.7
GHCND:USC00047050,20100101,54.7
GHCND:USC00047050,20100401,60.3
GHCND:USC00047050,20100701,73.9
GHCND:USC00047050,20101001,71.2
GHCND:USC00416932,20100101,42.7
GHCND:USC00416932,20100401,59.5
GHCND:USC00416932,20100701,81.8
GHCND:USC00416932,20101001,70.0
GHCND:USC00048380,20100101,35.3
GHCND:USC00048380,20100401,40.5
GHCND:USC00048380,20100701,62.5
GHCND:USC00048380,20101001,55.1
GHCND:USC00434120,20100101,14.1
GHCND:USC00434120,20100401,32.5
GHCND:USC00434120,20100701,65.1
GHCND:USC00434120,20101001,49.7
GHCND:USC00411246,20100101,43.8
GHCND:USC00411246,20100401,60.1
GHCND:USC00411246,20100701,81.3
GHCND:USC00411246,20101001,70.6
GHCND:USC00049473,20100101,49.4
GHCND:USC00049473,20100401,55.2
GHCND:USC00049473,20100701,62.5
GHCND:USC00049473,20101001,62.1
GHCND:USC00414517,20100101,41.5
GHCND:USC00414517,20100401,58.8
GHCND:USC00414517,20100701,81.2
GHCND:USC00414517,20101001,69.1
GHCND:USC00411007,20100101,50.5
GHCND:USC00411007,20100401,66.2
GHCND:USC00411007,20100701,81.9
GHCND:USC00411007,20101001,74.0
GHCND:USC00413668,20100101,42.1
GHCND:USC00413668,20100401,59.0
GHCND:USC00413668,20100701,81.9
GHCND:USC00413668,20101001,69.2
GHCND:USC00048135,20100101,45.5
GHCND:USC00048135,20100401,54.9
GHCND:USC00048135,20100701,79.0
GHCND:USC00048135,20101001,71.2
GHCND:USC00411250,20100101,46.6
GHCND:USC00411250,20100401,61.7
GHCND:USC00411250,20100701,80.9
GHCND:USC00411250,20101001,71.1
GHCND:USC00411492,20100101,47.0
GHCND:USC00411492,20100401,63.1
GHCND:USC00411492,20100701,82.6
GHCND:USC00411492,20101001,72.3
GHCND:USC00411013,20100101,49.1
GHCND:USC00411013,20100401,65.5
GHCND:USC00411013,20100701,82.1
GHCND:USC00411013,20101001,73.5
GHCND:USC00412585,20100101,48.4
GHCND:USC00412585,20100401,63.3
GHCND:USC00412585,20100701,81.1
GHCND:USC00412585,20101001,72.4
GHCND:USC00415611,20100101,46.9
GHCND:USC00415611,20100401,62.1
GHCND:USC00415611,20100701,82.5
GHCND:USC00415611,20101001,73.1
GHCND:USC00413675,20100101,42.6
GHCND:USC00413675,20100401,59.8
GHCND:USC00413675,20100701,82.8
GHCND:USC00413675,20101001,69.8
GHCND:USC00415852,20100101,41.8
GHCND:USC00415852,20100401,58.4
GHCND:USC00415852,20100701,80.7
GHCND:USC00415852,20101001,69.0
GHCND:USC00049001,20100101,46.3
GHCND:USC00049001,20100401,58.2
GHCND:USC00049001,20100701,76.0
GHCND:USC00049001,20101001,70.4
GHCND:USC00411017,20100101,45.3
GHCND:USC00411017,20100401,60.7
GHCND:USC00411017,20100701,80.2
GHCND:USC00411017,20101001,70.1
GHCND:USC00414525,20100101,46.8
GHCND:USC00414525,20100401,61.3
GHCND:USC00414525,20100701,81.9
GHCND:USC00414525,20101001,71.8
GHCND:USC00041758,20100101,56.4
GHCND:USC00041758,20100401,60.0
GHCND:USC00041758,20100701,68.4
GHCND:USC00041758,20101001,68.9
GHCND:USC00043939,20100101,37.7
GHCND:USC00043939,20100401,47.0
GHCND:USC00043939,20100701,68.2
GHCND:USC00043939,20101001,61.2
GHCND:USC00415618,20100101,45.1
GHCND:USC00415618,20100401,60.7
GHCND:USC00415618,20100701,81.6
GHCND:USC00415618,20101001,70.2
GHCND:USC00413680,20100101,42.6
GHCND:USC00413680,20100401,61.5
GHCND:USC00413680,20100701,84.3
GHCND:USC00413680,20101001,71.3
GHCND:USW00054740,20100101,20.8
GHCND:USW00054740,20100401,37.6
GHCND:USW00054740,20100701,68.0
GHCND:USW00054740,20101001,52.5
GHCND:USC00412352,20100101,42.5
GHCND:USC00412352,20100401,59.6
GHCND:USC00412352,20100701,80.3
GHCND:USC00412352,20101001,69.0
GHCND:USW00054742,20100101,18.1
GHCND:USW00054742,20100401,37.8
GHCND:USW00054742,20100701,69.2
GHCND:USW00054742,20101001,53.3
GHCND:USC00416950,20100101,33.0
GHCND:USC00416950,20100401,49.4
GHCND:USC00416950,20100701,76.6
GHCND:USC00416950,20101001,61.9
GHCND:USC00414770,20100101,43.4
GHCND:USC00414770,20100401,57.9
GHCND:USC00414770,20100701,77.7
GHCND:USC00414770,20101001,66.0
GHCND:USC00410174,20100101,44.2
GHCND:USC00410174,20100401,57.9
GHCND:USC00410174,20100701,76.8
GHCND:USC00410174,20101001,66.1
GHCND:USC00415822,20100101,43.4
GHCND:USC00415822,20100401,59.3
GHCND:USC00415822,20100701,79.6
GHCND:USC00415822,20101001,68.7
GHCND:USC00415821,20100101,39.0
GHCND:USC00415821,20100401,56.2
GHCND:USC00415821,20100701,81.4
GHCND:USC00415821,20101001,66.9
GHCND:USC00437612,20100101,16.9
GHCND:USC00437612,20100401,33.9
GHCND:USC00437612,20100701,64.9
GHCND:USC00437612,20101001,49.9
GHCND:USW00012947,20100101,54.3
GHCND:USW00012947,20100401,69.6
GHCND:USW00012947,20100701,85.8
GHCND:USW00012947,20101001,76.7
GHCND:USC00414976,20100101,42.9
GHCND:USC00414976,20100401,59.4
GHCND:USC00414976,20100701,80.5
GHCND:USC00414976,20101001,70.0
GHCND:USC00045449,20100101,35.5
GHCND:USC00045449,20100401,43.9
GHCND:USC00045449,20100701,66.5
GHCND:USC00045449,20101001,57.9
GHCND:USC00048713,20100101,45.6
GHCND:USC00048713,20100401,53.2
GHCND:USC00048713,20100701,75.4
GHCND:USC00048713,20101001,67.8
GHCND:USC00419191,20100101,39.1
GHCND:USC00419191,20100401,55.8
GHCND:USC00419191,20100701,80.0
GHCND:USC00419191,20101001,66.8
GHCND:USC00043261,20100101,46.0
GHCND:USC00043261,20100401,56.3
GHCND:USC00043261,20100701,78.7
GHCND:USC00043261,20101001,70.9
GHCND:USC00414982,20100101,41.0
GHCND:USC00414982,20100401,58.9
GHCND:USC00414982,20100701,83.3
GHCND:USC00414982,20101001,70.2
GHCND:USC00414980,20100101,42.8
GHCND:USC00414980,20100401,59.1
GHCND:USC00414980,20100701,81.6
GHCND:USC00414980,20101001,70.0
GHCND:USC00046773,20100101,46.2
GHCND:USC00046773,20100401,56.6
GHCND:USC00046773,20100701,79.6
GHCND:USC00046773,20101001,70.7
GHCND:USC00436995,20100101,20.1
GHCND:USC00436995,20100401,37.6
GHCND:USC00436995,20100701,67.5
GHCND:USC00436995,20101001,51.7
GHCND:USC00413411,20100101,44.9
GHCND:USC00413411,20100401,61.4
GHCND:USC00413411,20100701,81.7
GHCND:USC00413411,20101001,70.3
GHCND:USW00012959,20100101,60.2
GHCND:USW00012959,20100401,74.1
GHCND:USW00012959,20100701,86.4
GHCND:USW00012959,20101001,80.1
GHCND:USC00415836,20100101,58.0
GHCND:USC00415836,20100401,70.3
GHCND:USC00415836,20100701,83.8
GHCND:USC00415836,20101001,78.4
GHCND:USW00012957,20100101,60.2
GHCND:USW00012957,20100401,72.0
GHCND:USW00012957,20100701,85.1
GHCND:USW00012957,20101001,79.5
GHCND:USC00437607,20100101,20.7
GHCND:USC00437607,20100401,37.6
GHCND:USC00437607,20100701,69.7
GHCND:USC00437607,20101001,54.8
GHCND:USW00012962,20100101,50.6
GHCND:USW00012962,20100401,65.3
GHCND:USW00012962,20100701,82.6
GHCND:USW00012962,20101001,74.7
GHCND:USC00413420,20100101,41.4
GHCND:USC00413420,20100401,58.4
GHCND:USC00413420,20100701,81.0
GHCND:USC00413420,20101001,70.1
GHCND:USC00411000,20100101,35.4
GHCND:USC00411000,20100401,52.4
GHCND:USC00411000,20100701,78.9
GHCND:USC00411000,20101001,63.4
GHCND:USW00012960,20100101,52.8
GHCND:USW00012960,20100401,66.2
GHCND:USW00012960,20100701,83.8
GHCND:USW00012960,20101001,75.5
GHCND:USC00047874,20100101,54.7
GHCND:USC00047874,20100401,60.1
GHCND:USC00047874,20100701,72.9
GHCND:USC00047874,20101001,70.8
GHCND:USC00410394,20100101,41.9
GHCND:USC00410394,20100401,58.4
GHCND:USC00410394,20100701,82.2
GHCND:USC00410394,20101001,69.1
GHCND:USC00414710,20100101,43.5
GHCND:USC00414710,20100401,60.6
GHCND:USC00414710,20100701,81.7
GHCND:USC00414710,20101001,70.0
GHCND:USC00436500,20100101,21.2
GHCND:USC00436500,20100401,37.8
GHCND:USC00436500,20100701,66.3
GHCND:USC00436500,20101001,53.2
GHCND:USC00413622,20100101,50.5
GHCND:USC00413622,20100401,64.8
GHCND:USC00413622,20100701,82.9
GHCND:USC00413622,20101001,74.4
GHCND:USW00012928,20100101,56.7
GHCND:USW00012928,20100401,70.0
GHCND:USW00012928,20100701,84.3
GHCND:USW00012928,20101001,77.8
GHCND:USC00414950,20100101,49.6
GHCND:USC00414950,20100401,68.1
GHCND:USC00414950,20100701,87.8
GHCND:USC00414950,20101001,76.9
GHCND:USW00012926,20100101,57.1
GHCND:USW00012926,20100401,69.6
GHCND:USW00012926,20100701,83.9
GHCND:USW00012926,20101001,78.9
GHCND:USW00012925,20100101,56.6
GHCND:USW00012925,20100401,69.7
GHCND:USW00012925,20100701,86.4
GHCND:USW00012925,20101001,78.8
GHCND:USW00012924,20100101,56.7
GHCND:USW00012924,20100401,69.3
GHCND:USW00012924,20100701,83.4
GHCND:USW00012924,20101001,77.9
GHCND:USW00012923,20100101,55.4
GHCND:USW00012923,20100401,66.8
GHCND:USW00012923,20100701,84.0
GHCND:USW00012923,20101001,78.3
GHCND:USC00419175,20100101,36.0
GHCND:USC00419175,20100401,51.7
GHCND:USC00419175,20100701,77.3
GHCND:USC00419175,20101001,63.7
GHCND:USC00047404,20100101,43.1
GHCND:USC00047404,20100401,50.9
GHCND:USC00047404,20100701,66.7
GHCND:USC00047404,20101001,62.3
GHCND:USC00047888,20100101,57.8
GHCND:USC00047888,20100401,61.8
GHCND:USC00047888,20100701,71.6
GHCND:USC00047888,20101001,70.9
GHCND:USC00418081,20100101,55.4
GHCND:USC00418081,20100401,68.8
GHCND:USC00418081,20100701,83.8
GHCND:USC00418081,20101001,76.3
GHCND:USW00012932,20100101,56.1
GHCND:USW00012932,20100401,69.2
GHCND:USW00012932,20100701,85.1
GHCND:USW00012932,20101001,77.4
GHCND:USC00044374,20100101,31.0
GHCND:USC00044374,20100401,39.5
GHCND:USC00044374,20100701,62.1
GHCND:USC00044374,20101001,53.9
GHCND:USC00049822,20100101,36.0
GHCND:USC00049822,20100401,43.3
GHCND:USC00049822,20100701,65.6
GHCND:USC00049822,20101001,55.2
GHCND:USC00047880,20100101,47.0
GHCND:USC00047880,20100401,55.4
GHCND:USC00047880,20100701,66.6
GHCND:USC00047880,20101001,64.8
GHCND:USC00410120,20100101,42.8
GHCND:USC00410120,20100401,59.1
GHCND:USC00410120,20100701,81.3
GHCND:USC00410120,20101001,69.2
GHCND:USC00047643,20100101,47.2
GHCND:USC00047643,20100401,56.2
GHCND:USC00047643,20100701,71.4
GHCND:USC00047643,20101001,66.5
GHCND:USC00411694,20100101,39.3
GHCND:USC00411694,20100401,56.4
GHCND:USC00411694,20100701,81.2
GHCND:USC00411694,20101001,68.0
GHCND:USC00412786,20100101,53.3
GHCND:USC00412786,20100401,65.8
GHCND:USC00412786,20100701,84.1
GHCND:USC00412786,20101001,76.6
GHCND:USC00413873,20100101,51.9
GHCND:USC00413873,20100401,65.3
GHCND:USC00413873,20100701,82.9
GHCND:USC00413873,20101001,75.5
GHCND:USC00414967,20100101,41.3
GHCND:USC00414967,20100401,58.4
GHCND:USC00414967,20100701,80.7
GHCND:USC00414967,20101001,68.7
GHCND:USW00012935,20100101,54.1
GHCND:USW00012935,20100401,66.4
GHCND:USW00012935,20100701,83.5
GHCND:USW00012935,20101001,76.3
GHCND:USC00413877,20100101,44.9
GHCND:USC00413877,20100401,60.3
GHCND:USC00413877,20100701,81.6
GHCND:USC00413877,20101001,70.5
GHCND:USW00012944,20100101,53.4
GHCND:USW00012944,20100401,65.0
GHCND:USW00012944,20100701,82.9
GHCND:USW00012944,20101001,76.6
GHCND:USC00435416,20100101,10.7
GHCND:USC00435416,20100401,26.0
GHCND:USC00435416,20100701,57.5
GHCND:USC00435416,20101001,43.7
GHCND:USC00047414,20100101,49.6
GHCND:USC00047414,20100401,56.7
GHCND:USC00047414,20100701,63.6
GHCND:USC00047414,20101001,64.6
GHCND:USC00412793,20100101,43.2
GHCND:USC00412793,20100401,60.6
GHCND:USC00412793,20100701,82.5
GHCND:USC00412793,20101001,70.5
GHCND:USC00045233,20100101,44.0
GHCND:USC00045233,20100401,57.1
GHCND:USC00045233,20100701,78.0
GHCND:USC00045233,20101001,68.9
GHCND:USC00414931,20100101,43.5
GHCND:USC00414931,20100401,60.4
GHCND:USC00414931,20100701,83.5
GHCND:USC00414931,20101001,70.9
GHCND:USC00411663,20100101,53.9
GHCND:USC00411663,20100401,68.2
GHCND:USC00411663,20100701,84.0
GHCND:USC00411663,20101001,76.5
GHCND:USC00410337,20100101,44.4
GHCND:USC00410337,20100401,60.4
GHCND:USC00410337,20100701,83.4
GHCND:USC00410337,20101001,71.3
GHCND:USC00412758,20100101,58.4
GHCND:USC00412758,20100401,71.9
GHCND:USC00412758,20100701,85.7
GHCND:USC00412758,20101001,79.3
GHCND:USC00411429,20100101,48.8
GHCND:USC00411429,20100401,63.0
GHCND:USC00411429,20100701,81.1
GHCND:USC00411429,20101001,73.0
GHCND:USC00048758,20100101,29.3
GHCND:USC00048758,20100401,36.2
GHCND:USC00048758,20100701,58.2
GHCND:USC00048758,20101001,50.2
GHCND:USC00047668,20100101,50.4
GHCND:USC00047668,20100401,54.7
GHCND:USC00047668,20100701,61.6
GHCND:USC00047668,20101001,62.2
GHCND:USC00048999,20100101,45.4
GHCND:USC00048999,20100401,56.5
GHCND:USC00048999,20100701,74.2
GHCND:USC00048999,20101001,67.9
GHCND:USC00048752,20100101,46.1
GHCND:USC00048752,20100401,59.6
GHCND:USC00048752,20100701,79.3
GHCND:USC00048752,20101001,70.9
GHCND:USC00046572,20100101,55.0
GHCND:USC00046572,20100401,57.3
GHCND:USC00046572,20100701,65.9
GHCND:USC00046572,20101001,65.5
GHCND:USC00046336,20100101,50.5
GHCND:USC00046336,20100401,57.0
GHCND:USC00046336,20100701,64.0
GHCND:USC00046336,20101001,64.8
GHCND:USC00411671,20100101,51.1
GHCND:USC00411671,20100401,64.8
GHCND:USC00411671,20100701,83.2
GHCND:USC00411671,20101001,74.6
GHCND:USW00093901,20100101,45.9
GHCND:USW00093901,20100401,61.9
GHCND:USW00093901,20100701,84.3
GHCND:USW00093901,20101001,72.6
GHCND:USC00411430,20100101,35.4
GHCND:USC00411430,20100401,52.1
GHCND:USC00411430,20100701,78.0
GHCND:USC00411430,20101001,63.8
GHCND:USC00410586,20100101,52.1
GHCND:USC00410586,20100401,65.7
GHCND:USC00410586,20100701,83.2
GHCND:USC00410586,20101001,74.8
GHCND:USC00413614,20100101,44.8
GHCND:USC00413614,20100401,60.5
GHCND:USC00413614,20100701,80.3
GHCND:USC00413614,20101001,70.7
GHCND:USC00410345,20100101,56.8
GHCND:USC00410345,20100401,70.1
GHCND:USC00410345,20100701,83.7
GHCND:USC00410345,20101001,77.3
GHCND:USC00043083,20100101,46.2
GHCND:USC00043083,20100401,58.9
GHCND:USC00043083,20100701,78.2
GHCND:USC00043083,20101001,70.8
GHCND:USC00413618,20100101,53.7
GHCND:USC00413618,20100401,66.7
GHCND:USC00413618,20100701,82.9
GHCND:USC00413618,20101001,76.1
GHCND:USC00414705,20100101,44.1
GHCND:USC00414705,20100401,59.6
GHCND:USC00414705,20100701,82.0
GHCND:USC00414705,20101001,70.9
GHCND:USC00419163,20100101,40.4
GHCND:USC00419163,20100401,57.6
GHCND:USC00419163,20100701,83.0
GHCND:USC00419163,20101001,69.2
GHCND:USC00049859,20100101,46.9
GHCND:USC00049859,20100401,54.9
GHCND:USC00049859,20100701,69.1
GHCND:USC00049859,20101001,65.2
GHCND:USC00049855,20100101,37.2
GHCND:USC00049855,20100401,48.2
GHCND:USC00049855,20100701,70.3
GHCND:USC00049855,20101001,62.1
GHCND:USC00414911,20100101,58.2
GHCND:USC00414911,20100401,73.3
GHCND:USC00414911,20100701,86.3
GHCND:USC00414911,20101001,79.3
GHCND:USC00413828,20100101,40.4
GHCND:USC00413828,20100401,57.4
GHCND:USC00413828,20100701,81.6
GHCND:USC00413828,20101001,68.1
GHCND:USC00418040,20100101,38.3
GHCND:USC00418040,20100401,54.3
GHCND:USC00418040,20100701,80.8
GHCND:USC00418040,20101001,66.9
GHCND:USW00012977,20100101,52.2
GHCND:USW00012977,20100401,65.1
GHCND:USW00012977,20100701,83.2
GHCND:USW00012977,20101001,74.9
GHCND:USW00012976,20100101,53.6
GHCND:USW00012976,20100401,65.4
GHCND:USW00012976,20100701,82.3
GHCND:USW00012976,20101001,74.6
GHCND:USW00012975,20100101,53.0
GHCND:USW00012975,20100401,65.8
GHCND:USW00012975,20100701,82.7
GHCND:USW00012975,20101001,75.3
GHCND:USC00044176,20100101,34.9
GHCND:USC00044176,20100401,37.6
GHCND:USC00044176,20100701,58.0
GHCND:USC00044176,20101001,51.2
GHCND:USC00049866,20100101,34.4
GHCND:USC00049866,20100401,46.7
GHCND:USC00049866,20100701,68.8
GHCND:USC00049866,20101001,59.1
GHCND:USC00045026,20100101,26.7
GHCND:USC00045026,20100401,35.1
GHCND:USC00045026,20100701,58.0
GHCND:USC00045026,20101001,49.0
GHCND:USC00046599,20100101,51.7
GHCND:USC00046599,20100401,55.7
GHCND:USC00046599,20100701,62.3
GHCND:USC00046599,20101001,63.8
GHCND:USW00012972,20100101,56.3
GHCND:USW00012972,20100401,69.1
GHCND:USW00012972,20100701,84.8
GHCND:USW00012972,20101001,79.1
GHCND:USW00012971,20100101,50.6
GHCND:USW00012971,20100401,65.9
GHCND:USW00012971,20100701,83.0
GHCND:USW00012971,20101001,74.9
GHCND:USC00431243,20100101,18.8
GHCND:USC00431243,20100401,36.0
GHCND:USC00431243,20100701,67.2
GHCND:USC00431243,20101001,51.4
GHCND:USW00012970,20100101,51.5
GHCND:USW00012970,20100401,66.8
GHCND:USW00012970,20100701,83.5
GHCND:USW00012970,20101001,75.4
GHCND:USC00049621,20100101,45.2
GHCND:USC00049621,20100401,55.2
GHCND:USC00049621,20100701,78.5
GHCND:USC00049621,20101001,70.5
GHCND:USC00412741,20100101,43.0
GHCND:USC00412741,20100401,59.6
GHCND:USC00412741,20100701,79.9
GHCND:USC00412741,20101001,69.6
GHCND:USC00045280,20100101,28.1
GHCND:USC00045280,20100401,34.8
GHCND:USC00045280,20100701,58.8
GHCND:USC00045280,20101001,48.7
GHCND:USC00046370,20100101,47.2
GHCND:USC00046370,20100401,54.3
GHCND:USC00046370,20100701,65.0
GHCND:USC00046370,20101001,63.6
GHCND:USC00041912,20100101,42.6
GHCND:USC00041912,20100401,49.3
GHCND:USC00041912,20100701,72.2
GHCND:USC00041912,20101001,64.3
GHCND:USC00410569,20100101,54.3
GHCND:USC00410569,20100401,67.0
GHCND:USC00410569,20100701,83.3
GHCND:USC00410569,20101001,76.3
GHCND:USC00411416,20100101,47.9
GHCND:USC00411416,20100401,64.6
GHCND:USC00411416,20100701,85.0
GHCND:USC00411416,20101001,74.1
GHCND:USW00093914,20100101,45.7
GHCND:USW00093914,20100401,60.3
GHCND:USW00093914,20100701,80.8
GHCND:USW00093914,20101001,71.0
GHCND:USC00419380,20100101,34.8
GHCND:USC00419380,20100401,51.3
GHCND:USC00419380,20100701,76.8
GHCND:USC00419380,20101001,63.3
GHCND:USC00418059,20100101,59.2
GHCND:USC00418059,20100401,72.3
GHCND:USC00418059,20100701,84.9
GHCND:USC00418059,20101001,79.0
GHCND:USW00012987,20100101,58.3
GHCND:USW00012987,20100401,71.6
GHCND:USW00012987,20100701,85.3
GHCND:USW00012987,20101001,78.7
GHCND:USC00045032,20100101,45.6
GHCND:USC00045032,20100401,57.4
GHCND:USC00045032,20100701,73.9
GHCND:USC00045032,20101001,68.2
GHCND:USC00411500,20100101,45.9
GHCND:USC00411500,20100401,61.0
GHCND:USC00411500,20100701,81.8
GHCND:USC00411500,20101001,70.9
GHCND:USC00410655,20100101,50.5
GHCND:USC00410655,20100401,63.9
GHCND:USC00410655,20100701,82.6
GHCND:USC00410655,20101001,73.9
GHCND:USC00041244,20100101,44.7
GHCND:USC00041244,20100401,59.0
GHCND:USC00041244,20100701,80.1
GHCND:USC00041244,20101001,70.8
GHCND:USC00044997,20100101,46.8
GHCND:USC00044997,20100401,56.1
GHCND:USC00044997,20100701,71.6
GHCND:USC00044997,20101001,67.5
GHCND:USC00043669,20100101,41.4
GHCND:USC00043669,20100401,48.3
GHCND:USC00043669,20100701,69.7
GHCND:USC00043669,20101001,61.7
GHCND:USC00433769,20100101,18.3
GHCND:USC00433769,20100401,35.0
GHCND:USC00433769,20100701,66.5
GHCND:USC00433769,20101001,50.2
GHCND:USC00042574,20100101,39.5
GHCND:USC00042574,20100401,48.3
GHCND:USC00042574,20100701,69.8
GHCND:USC00042574,20101001,61.0
GHCND:USW00023213,20100101,45.9
GHCND:USW00023213,20100401,53.8
GHCND:USW00023213,20100701,67.6
GHCND:USW00023213,20101001,64.0
GHCND:USC00041497,20100101,31.7
GHCND:USC00041497,20100401,41.7
GHCND:USC00041497,20100701,64.3
GHCND:USC00041497,20101001,55.6
GHCND:USC00044523,20100101,45.0
GHCND:USC00044523,20100401,53.7
GHCND:USC00044523,20100701,77.6
GHCND:USC00044523,20101001,68.2
GHCND:USW00014742,20100101,20.3
GHCND:USW00014742,20100401,38.0
GHCND:USW00014742,20100701,69.6
GHCND:USW00014742,20101001,53.9
GHCND:USC00045853,20100101,50.0
GHCND:USC00045853,20100401,57.2
GHCND:USC00045853,20100701,72.3
GHCND:USC00045853,20101001,67.7
GHCND:USC00040161,20100101,30.0
GHCND:USC00040161,20100401,41.7
GHCND:USC00040161,20100701,64.0
GHCND:USC00040161,20101001,53.0
GHCND:USC00041018,20100101,37.0
GHCND:USC00041018,20100401,41.9
GHCND:USC00041018,20100701,65.0
GHCND:USC00041018,20101001,58.8
GHCND:USC00417066,20100101,45.2
GHCND:USC00417066,20100401,58.8
GHCND:USC00417066,20100701,82.6
GHCND:USC00417066,20101001,72.1
GHCND:USC00041253,20100101,51.8
GHCND:USC00041253,20100401,57.1
GHCND:USC00041253,20100701,70.3
GHCND:USC00041253,20101001,67.8
GHCND:USC00411720,20100101,52.9
GHCND:USC00411720,20100401,67.1
GHCND:USC00411720,20100701,84.1
GHCND:USC00411720,20101001,76.4
GHCND:USC00419207,20100101,46.4
GHCND:USC00419207,20100401,62.4
GHCND:USC00419207,20100701,81.0
GHCND:USC00419207,20101001,70.6
GHCND:USC00412816,20100101,43.5
GHCND:USC00412816,20100401,59.6
GHCND:USC00412816,20100701,79.0
GHCND:USC00412816,20101001,69.6
GHCND:USC00046719,20100101,57.1
GHCND:USC00046719,20100401,62.6
GHCND:USC00046719,20100701,75.2
GHCND:USC00046719,20101001,73.3
GHCND:USC00410639,20100101,54.0
GHCND:USC00410639,20100401,67.1
GHCND:USC00410639,20100701,83.2
GHCND:USC00410639,20101001,76.2
GHCND:USC00044534,20100101,45.4
GHCND:USC00044534,20100401,57.9
GHCND:USC00044534,20100701,80.6
GHCND:USC00044534,20101001,71.5
GHCND:USC00045866,20100101,54.1
GHCND:USC00045866,20100401,57.1
GHCND:USC00045866,20100701,60.9
GHCND:USC00045866,20101001,62.3
GHCND:USC00042598,20100101,53.7
GHCND:USC00042598,20100401,67.4
GHCND:USC00042598,20100701,92.3
GHCND:USC00042598,20101001,80.6
GHCND:USC00415094,20100101,44.2
GHCND:USC00415094,20100401,60.4
GHCND:USC00415094,20100701,82.9
GHCND:USC00415094,20101001,71.6
GHCND:USC00431565,20100101,16.3
GHCND:USC00431565,20100401,33.4
GHCND:USC00431565,20100701,64.7
GHCND:USC00431565,20101001,49.3
GHCND:USC00431580,20100101,19.7
GHCND:USC00431580,20100401,37.7
GHCND:USC00431580,20100701,68.9
GHCND:USC00431580,20101001,53.2
GHCND:USC00411974,20100101,41.4
GHCND:USC00411974,20100401,58.0
GHCND:USC00411974,20100701,80.2
GHCND:USC00411974,20101001,67.4
GHCND:USC00412820,20100101,49.8
GHCND:USC00412820,20100401,64.6
GHCND:USC00412820,20100701,83.3
GHCND:USC00412820,20101001,74.4
GHCND:USC00410404,20100101,45.2
GHCND:USC00410404,20100401,60.6
GHCND:USC00410404,20100701,81.1
GHCND:USC00410404,20101001,71.3
GHCND:USC00410408,20100101,43.5
GHCND:USC00410408,20100401,59.3
GHCND:USC00410408,20100701,81.0
GHCND:USC00410408,20101001,69.6
GHCND:USC00041277,20100101,36.0
GHCND:USC00041277,20100401,41.5
GHCND:USC00041277,20100701,64.6
GHCND:USC00041277,20101001,56.6
GHCND:USC00044303,20100101,56.4
GHCND:USC00044303,20100401,60.2
GHCND:USC00044303,20100701,72.9
GHCND:USC00044303,20101001,71.0
GHCND:USC00047813,20100101,51.2
GHCND:USC00047813,20100401,58.2
GHCND:USC00047813,20100701,76.8
GHCND:USC00047813,20101001,70.9
GHCND:USC00048904,20100101,55.3
GHCND:USC00048904,20100401,58.3
GHCND:USC00048904,20100701,71.3
GHCND:USC00048904,20101001,67.7
GHCND:USC00046960,20100101,45.2
GHCND:USC00046960,20100401,53.1
GHCND:USC00046960,20100701,74.8
GHCND:USC00046960,20101001,68.1
GHCND:USC00410611,20100101,51.2
GHCND:USC00410611,20100401,64.7
GHCND:USC00410611,20100701,83.0
GHCND:USC00410611,20101001,74.2
GHCND:USW00023007,20100101,40.8
GHCND:USW00023007,20100401,58.1
GHCND:USW00023007,20100701,82.2
GHCND:USW00023007,20101001,68.2
GHCND:USC00410613,20100101,51.5
GHCND:USC00410613,20100401,65.1
GHCND:USC00410613,20100701,82.7
GHCND:USC00410613,20101001,74.4
GHCND:USW00023244,20100101,50.2
GHCND:USW00023244,20100401,57.3
GHCND:USW00023244,20100701,67.9
GHCND:USW00023244,20101001,66.1
GHCND:USC00044555,20100101,49.6
GHCND:USC00044555,20100401,57.4
GHCND:USC00044555,20100701,68.6
GHCND:USC00044555,20101001,66.2
GHCND:USC00048917,20100101,45.3
GHCND:USC00048917,20100401,55.4
GHCND:USC00048917,20100701,78.5
GHCND:USC00048917,20101001,69.2
GHCND:USC00040192,20100101,58.9
GHCND:USC00040192,20100401,63.0
GHCND:USC00040192,20100701,73.7
GHCND:USC00040192,20101001,72.5
GHCND:USW00093985,20100101,43.9
GHCND:USW00093985,20100401,61.2
GHCND:USW00093985,20100701,81.5
GHCND:USW00093985,20101001,70.3
GHCND:USC00418583,20100101,42.1
GHCND:USC00418583,20100401,59.6
GHCND:USC00418583,20100701,82.9
GHCND:USC00418583,20101001,70.0
GHCND:USC00043463,20100101,41.8
GHCND:USC00043463,20100401,47.6
GHCND:USC00043463,20100701,67.8
GHCND:USC00043463,20101001,60.0
GHCND:USC00047821,20100101,49.3
GHCND:USC00047821,20100401,57.2
GHCND:USC00047821,20100701,69.3
GHCND:USC00047821,20101001,66.5
GHCND:USW00093987,20100101,48.6
GHCND:USW00093987,20100401,63.1
GHCND:USW00093987,20100701,81.9
GHCND:USW00093987,20101001,72.4
GHCND:USC00046730,20100101,46.4
GHCND:USC00046730,20100401,54.9
GHCND:USC00046730,20100701,70.4
GHCND:USC00046730,20101001,65.3
GHCND:USW00023254,20100101,47.1
GHCND:USW00023254,20100401,56.4
GHCND:USW00023254,20100701,71.6
GHCND:USW00023254,20101001,67.6
GHCND:USC00411956,20100101,50.1
GHCND:USC00411956,20100401,64.8
GHCND:USC00411956,20100701,82.4
GHCND:USC00411956,20101001,73.6
GHCND:USW00023259,20100101,50.8
GHCND:USW00023259,20100401,53.2
GHCND:USW00023259,20100701,60.3
GHCND:USW00023259,20101001,60.0
GHCND:USC00411715,20100101,46.7
GHCND:USC00411715,20100401,59.0
GHCND:USC00411715,20100701,74.3
GHCND:USC00411715,20101001,65.5
GHCND:USC00412809,20100101,43.7
GHCND:USC00412809,20100401,59.3
GHCND:USC00412809,20100701,79.1
GHCND:USC00412809,20101001,69.3
GHCND:USW00023258,20100101,46.5
GHCND:USW00023258,20100401,59.2
GHCND:USW00023258,20100701,77.9
GHCND:USW00023258,20101001,70.6
GHCND:USW00023257,20100101,43.7
GHCND:USW00023257,20100401,55.6
GHCND:USW00023257,20100701,76.9
GHCND:USW00023257,20101001,68.2
GHCND:USC00047836,20100101,53.6
GHCND:USC00047836,20100401,59.8
GHCND:USC00047836,20100701,72.2
GHCND:USC00047836,20101001,70.3
GHCND:USC00042147,20100101,46.4
GHCND:USC00042147,20100401,48.9
GHCND:USC00042147,20100701,56.7
GHCND:USC00042147,20101001,55.5
GHCND:USC00417020,20100101,52.6
GHCND:USC00417020,20100401,65.6
GHCND:USC00417020,20100701,82.2
GHCND:USC00417020,20101001,75.0
GHCND:USC00417262,20100101,49.9
GHCND:USC00417262,20100401,68.4
GHCND:USC00417262,20100701,88.5
GHCND:USC00417262,20101001,77.6
GHCND:USC00046508,20100101,42.3
GHCND:USC00046508,20100401,53.4
GHCND:USC00046508,20100701,70.4
GHCND:USC00046508,20101001,64.1
GHCND:USC00046506,20100101,45.1
GHCND:USC00046506,20100401,56.8
GHCND:USC00046506,20100701,77.4
GHCND:USC00046506,20101001,69.7
GHCND:USC00416177,20100101,46.4
GHCND:USC00416177,20100401,61.1
GHCND:USC00416177,20100701,81.8
GHCND:USC00416177,20101001,71.3
GHCND:USC00045892,20100101,38.4
GHCND:USC00045892,20100401,49.2
GHCND:USC00045892,20100701,78.4
GHCND:USC00045892,20101001,62.7
GHCND:USC00437098,20100101,21.7
GHCND:USC00437098,20100401,39.2
GHCND:USC00437098,20100701,69.9
GHCND:USC00437098,20101001,54.5
GHCND:USC00418354,20100101,54.9
GHCND:USC00418354,20100401,68.2
GHCND:USC00418354,20100701,83.6
GHCND:USC00418354,20101001,76.9
GHCND:USC00410832,20100101,46.9
GHCND:USC00410832,20100401,61.5
GHCND:USC00410832,20100701,80.5
GHCND:USC00410832,20101001,71.3
GHCND:USW00023225,20100101,39.6
GHCND:USW00023225,20100401,42.4
GHCND:USW00023225,20100701,66.7
GHCND:USW00023225,20101001,59.5
GHCND:USC00438172,20100101,12.4
GHCND:USC00438172,20100401,31.4
GHCND:USC00438172,20100701,63.6
GHCND:USC00438172,20101001,48.1
GHCND:USC00418323,20100101,36.6
GHCND:USC00418323,20100401,52.1
GHCND:USC00418323,20100701,77.2
GHCND:USC00418323,20101001,64.0
GHCND:USC00418566,20100101,40.0
GHCND:USC00418566,20100401,56.3
GHCND:USC00418566,20100701,79.9
GHCND:USC00418566,20101001,67.1
GHCND:USC00417232,20100101,45.7
GHCND:USC00417232,20100401,60.4
GHCND:USC00417232,20100701,79.0
GHCND:USC00417232,20101001,69.2
GHCND:USC00043244,20100101,49.5
GHCND:USC00043244,20100401,57.2
GHCND:USC00043244,20100701,66.8
GHCND:USC00043244,20101001,65.0
GHCND:USW00023230,20100101,48.3
GHCND:USW00023230,20100401,55.8
GHCND:USW00023230,20100701,63.2
GHCND:USW00023230,20101001,62.8
GHCND:USW00023232,20100101,45.1
GHCND:USW00023232,20100401,56.1
GHCND:USW00023232,20100701,74.1
GHCND:USW00023232,20101001,68.4
GHCND:USC00419417,20100101,46.6
GHCND:USC00419417,20100401,61.9
GHCND:USC00419417,20100701,83.4
GHCND:USC00419417,20101001,72.7
GHCND:USC00411934,20100101,44.6
GHCND:USC00411934,20100401,61.7
GHCND:USC00411934,20100701,82.1
GHCND:USC00411934,20101001,71.8
GHCND:USW00023237,20100101,44.5
GHCND:USW00023237,20100401,56.3
GHCND:USW00023237,20100701,75.5
GHCND:USW00023237,20101001,68.7
GHCND:USW00023239,20100101,51.5
GHCND:USW00023239,20100401,58.8
GHCND:USW00023239,20100701,64.5
GHCND:USW00023239,20101001,66.2
GHCND:USW00023234,20100101,49.6
GHCND:USW00023234,20100401,55.7
GHCND:USW00023234,20100701,63.3
GHCND:USW00023234,20101001,63.8
GHCND:USW00023233,20100101,50.6
GHCND:USW00023233,20100401,55.5
GHCND:USW00023233,20100701,62.7
GHCND:USW00023233,20101001,63.1
GHCND:USC00045679,20100101,32.2
GHCND:USC00045679,20100401,38.9
GHCND:USC00045679,20100701,60.1
GHCND:USC00045679,20101001,52.4
GHCND:USC00048702,20100101,31.4
GHCND:USC00048702,20100401,44.9
GHCND:USC00048702,20100701,68.2
GHCND:USC00048702,20101001,56.5
GHCND:USC00438160,20100101,20.3
GHCND:USC00438160,20100401,36.4
GHCND:USC00438160,20100701,65.6
GHCND:USC00438160,20101001,50.9
GHCND:USC00415060,20100101,55.7
GHCND:USC00415060,20100401,72.5
GHCND:USC00415060,20100701,87.7
GHCND:USC00415060,20101001,79.3
GHCND:USC00041072,20100101,24.3
GHCND:USC00041072,20100401,38.3
GHCND:USC00041072,20100701,60.6
GHCND:USC00041072,20101001,48.8
GHCND:USC00438169,20100101,15.3
GHCND:USC00438169,20100401,32.0
GHCND:USC00438169,20100701,64.0
GHCND:USC00438169,20101001,48.3
GHCND:USC00043256,20100101,45.6
GHCND:USC00043256,20100401,58.7
GHCND:USC00043256,20100701,79.6
GHCND:USC00043256,20101001,71.7
GHCND:USC00046521,20100101,46.1
GHCND:USC00046521,20100401,57.1
GHCND:USC00046521,20100701,77.1
GHCND:USC00046521,20101001,68.2
GHCND:USC00047851,20100101,51.8
GHCND:USC00047851,20100401,55.5
GHCND:USC00047851,20100701,64.6
GHCND:USC00047851,20101001,64.2
GHCND:USC00416119,20100101,42.4
GHCND:USC00416119,20100401,58.6
GHCND:USC00416119,20100701,80.2
GHCND:USC00416119,20101001,68.5
GHCND:USW00023285,20100101,46.2
GHCND:USW00023285,20100401,54.2
GHCND:USW00023285,20100701,71.0
GHCND:USW00023285,20101001,66.8
GHCND:USW00023042,20100101,39.4
GHCND:USW00023042,20100401,56.2
GHCND:USW00023042,20100701,79.8
GHCND:USW00023042,20101001,66.4
GHCND:USW00023044,20100101,43.8
GHCND:USW00023044,20100401,60.4
GHCND:USW00023044,20100701,83.5
GHCND:USW00023044,20101001,70.4
GHCND:USC00417206,20100101,41.9
GHCND:USC00417206,20100401,57.8
GHCND:USC00417206,20100701,81.1
GHCND:USC00417206,20101001,68.8
GHCND:USW00023041,20100101,43.5
GHCND:USW00023041,20100401,60.0
GHCND:USW00023041,20100701,82.0
GHCND:USW00023041,20101001,70.2
GHCND:USC00047195,20100101,34.4
GHCND:USC00047195,20100401,45.7
GHCND:USC00047195,20100701,66.4
GHCND:USC00047195,20101001,57.1
GHCND:USW00023040,20100101,43.6
GHCND:USW00023040,20100401,61.0
GHCND:USW00023040,20100701,83.7
GHCND:USW00023040,20101001,70.8
GHCND:USW00023047,20100101,36.2
GHCND:USW00023047,20100401,52.2
GHCND:USW00023047,20100701,77.7
GHCND:USW00023047,20101001,63.5
GHCND:USC00415271,20100101,49.6
GHCND:USC00415271,20100401,63.8
GHCND:USC00415271,20100701,83.2
GHCND:USC00415271,20101001,73.4
GHCND:USC00414182,20100101,46.3
GHCND:USC00414182,20100401,61.8
GHCND:USC00414182,20100701,81.8
GHCND:USC00414182,20101001,72.1
GHCND:USC00043824,20100101,33.3
GHCND:USC00043824,20100401,44.9
GHCND:USC00043824,20100701,65.9
GHCND:USC00043824,20101001,55.9
GHCND:USC00415272,20100101,47.2
GHCND:USC00415272,20100401,62.7
GHCND:USC00415272,20100701,83.7
GHCND:USC00415272,20101001,73.0
GHCND:USC00417215,20100101,51.7
GHCND:USC00417215,20100401,66.5
GHCND:USC00417215,20100701,83.5
GHCND:USC00417215,20101001,76.0
GHCND:USC00416368,20100101,51.2
GHCND:USC00416368,20100401,65.2
GHCND:USC00416368,20100701,82.8
GHCND:USC00416368,20101001,74.5
GHCND:USC00040790,20100101,50.9
GHCND:USC00040790,20100401,54.3
GHCND:USC00040790,20100701,63.0
GHCND:USC00040790,20101001,62.5
GHCND:USC00049367,20100101,45.3
GHCND:USC00049367,20100401,58.5
GHCND:USC00049367,20100701,78.8
GHCND:USC00049367,20101001,70.3
GHCND:USW00023055,20100101,40.3
GHCND:USW00023055,20100401,56.5
GHCND:USW00023055,20100701,77.0
GHCND:USW00023055,20101001,65.5
GHCND:USC00417458,20100101,58.4
GHCND:USC00417458,20100401,71.6
GHCND:USC00417458,20100701,84.8
GHCND:USC00417458,20101001,78.4
GHCND:USW00023293,20100101,50.7
GHCND:USW00023293,20100401,57.4
GHCND:USW00023293,20100701,70.5
GHCND:USW00023293,20101001,67.2
GHCND:USC00042506,20100101,31.9
GHCND:USC00042506,20100401,45.7
GHCND:USC00042506,20100701,66.5
GHCND:USC00042506,20101001,56.8
GHCND:USC00411911,20100101,51.6
GHCND:USC00411911,20100401,65.6
GHCND:USC00411911,20100701,83.2
GHCND:USC00411911,20101001,74.8
GHCND:USC00042500,20100101,38.2
GHCND:USC00042500,20100401,47.4
GHCND:USC00042500,20100701,67.5
GHCND:USC00042500,20101001,60.6
GHCND:USC00432843,20100101,19.0
GHCND:USC00432843,20100401,37.4
GHCND:USC00432843,20100701,69.2
GHCND:USC00432843,20101001,53.8
GHCND:USC00048045,20100101,49.5
GHCND:USC00048045,20100401,53.1
GHCND:USC00048045,20100701,61.6
GHCND:USC00048045,20101001,61.1
GHCND:USW00093138,20100101,56.0
GHCND:USW00093138,20100401,68.0
GHCND:USW00093138,20100701,90.5
GHCND:USW00093138,20101001,80.9
GHCND:USC00415048,20100101,49.0
GHCND:USC00415048,20100401,67.0
GHCND:USC00415048,20100701,86.4
GHCND:USC00415048,20101001,75.7
GHCND:USC00416137,20100101,37.3
GHCND:USC00416137,20100401,52.9
GHCND:USC00416137,20100701,77.3
GHCND:USC00416137,20101001,63.7
GHCND:USC00416135,20100101,35.2
GHCND:USC00416135,20100401,51.1
GHCND:USC00416135,20100701,76.5
GHCND:USC00416135,20101001,62.4
GHCND:USC00049378,20100101,55.4
GHCND:USC00049378,20100401,58.8
GHCND:USC00049378,20100701,69.4
GHCND:USC00049378,20101001,68.8
GHCND:USC00049152,20100101,58.7
GHCND:USC00049152,20100401,60.1
GHCND:USC00049152,20100701,68.1
GHCND:USC00049152,20101001,68.5
GHCND:USW00023023,20100101,43.2
GHCND:USW00023023,20100401,59.8
GHCND:USW00023023,20100701,82.0
GHCND:USW00023023,20101001,69.7
GHCND:USC00415247,20100101,33.0
GHCND:USC00415247,20100401,50.9
GHCND:USC00415247,20100701,78.3
GHCND:USC00415247,20101001,62.7
GHCND:USC00417669,20100101,42.8
GHCND:USC00417669,20100401,60.2
GHCND:USC00417669,20100701,82.1
GHCND:USC00417669,20101001,69.6
GHCND:USC00419847,20100101,42.7
GHCND:USC00419847,20100401,59.7
GHCND:USC00419847,20100701,81.5
GHCND:USC00419847,20101001,69.8
GHCND:USC00041428,20100101,45.0
GHCND:USC00041428,20100401,55.3
GHCND:USC00041428,20100701,76.3
GHCND:USC00041428,20101001,69.8
GHCND:USC00417677,20100101,56.1
GHCND:USC00417677,20100401,69.8
GHCND:USC00417677,20100701,84.4
GHCND:USC00417677,20101001,78.1
GHCND:USC00416104,20100101,43.2
GHCND:USC00416104,20100401,55.5
GHCND:USC00416104,20100701,72.7
GHCND:USC00416104,20101001,64.1
GHCND:USC00415013,20100101,39.8
GHCND:USC00415013,20100401,55.7
GHCND:USC00415013,20100701,79.0
GHCND:USC00415013,20101001,66.5
GHCND:USC00416108,20100101,43.1
GHCND:USC00416108,20100401,58.8
GHCND:USC00416108,20100701,80.8
GHCND:USC00416108,20101001,68.7
GHCND:USC00415018,20100101,46.2
GHCND:USC00415018,20100401,61.8
GHCND:USC00415018,20100701,82.5
GHCND:USC00415018,20101001,72.4
GHCND:USW00023273,20100101,50.9
GHCND:USW00023273,20100401,54.6
GHCND:USW00023273,20100701,62.2
GHCND:USW00023273,20101001,62.4
GHCND:USW00023034,20100101,45.7
GHCND:USW00023034,20100401,62.0
GHCND:USW00023034,20100701,82.2
GHCND:USW00023034,20101001,70.7
GHCND:USW00023275,20100101,45.5
GHCND:USW00023275,20100401,52.5
GHCND:USW00023275,20100701,71.8
GHCND:USW00023275,20101001,64.7
GHCND:USW00053968,20100101,47.4
GHCND:USW00053968,20100401,61.2
GHCND:USW00053968,20100701,82.2
GHCND:USW00053968,20101001,71.7
GHCND:USW00023272,20100101,50.6
GHCND:USW00023272,20100401,55.5
GHCND:USW00023272,20100701,60.2
GHCND:USW00023272,20101001,62.5
GHCND:USW00023271,20100101,46.3
GHCND:USW00023271,20100401,58.2
GHCND:USW00023271,20100701,76.0
GHCND:USW00023271,20101001,70.0
GHCND:USC00410805,20100101,55.6
GHCND:USC00410805,20100401,68.8
GHCND:USC00410805,20100701,84.1
GHCND:USC00410805,20101001,76.9
GHCND:USW00023277,20100101,49.7
GHCND:USW00023277,20100401,54.0
GHCND:USW00023277,20100701,63.1
GHCND:USW00023277,20101001,62.0
GHCND:USC00043855,20100101,51.9
GHCND:USC00043855,20100401,63.7
GHCND:USC00043855,20100701,87.6
GHCND:USC00043855,20101001,76.9
GHCND:USC00437032,20100101,17.5
GHCND:USC00437032,20100401,35.8
GHCND:USC00437032,20100701,68.3
GHCND:USC00437032,20101001,52.6
GHCND:USC00040343,20100101,46.2
GHCND:USC00040343,20100401,54.5
GHCND:USC00040343,20100701,79.4
GHCND:USC00040343,20101001,70.8
GHCND:USC00415265,20100101,38.3
GHCND:USC00415265,20100401,53.6
GHCND:USC00415265,20100701,78.4
GHCND:USC00415265,20101001,64.9
GHCND:USC00413289,20100101,44.3
GHCND:USC00413289,20100401,60.9
GHCND:USC00413289,20100701,83.1
GHCND:USC00413289,20101001,71.3
GHCND:USW00093110,20100101,54.8
GHCND:USW00093110,20100401,55.9
GHCND:USW00093110,20100701,64.7
GHCND:USW00093110,20101001,64.1
GHCND:USW00093111,20100101,54.2
GHCND:USW00093111,20100401,55.9
GHCND:USW00093111,20100701,63.9
GHCND:USW00093111,20101001,63.8
GHCND:USW00093112,20100101,59.2
GHCND:USW00093112,20100401,62.9
GHCND:USW00093112,20100701,70.6
GHCND:USW00093112,20101001,70.9
GHCND:USC00431705,20100101,20.5
GHCND:USC00431705,20100401,36.6
GHCND:USC00431705,20100701,67.0
GHCND:USC00431705,20101001,51.7
GHCND:USC00044712,20100101,45.9
GHCND:USC00044712,20100401,57.9
GHCND:USC00044712,20100701,77.5
GHCND:USC00044712,20101001,70.0
GHCND:USC00045802,20100101,49.2
GHCND:USC00045802,20100401,52.9
GHCND:USC00045802,20100701,59.5
GHCND:USC00045802,20101001,59.0
GHCND:USC00044957,20100101,46.2
GHCND:USC00044957,20100401,58.8
GHCND:USC00044957,20100701,78.6
GHCND:USC00044957,20101001,69.6
GHCND:USC00418743,20100101,42.3
GHCND:USC00418743,20100401,58.5
GHCND:USC00418743,20100701,80.7
GHCND:USC00418743,20101001,68.9
GHCND:USW00093104,20100101,43.8
GHCND:USW00093104,20100401,58.4
GHCND:USW00093104,20100701,84.1
GHCND:USW00093104,20101001,70.6
GHCND:USC00414382,20100101,49.2
GHCND:USC00414382,20100401,63.8
GHCND:USC00414382,20100701,82.4
GHCND:USC00414382,20101001,73.4
GHCND:USC00415477,20100101,48.6
GHCND:USC00415477,20100401,62.9
GHCND:USC00415477,20100701,81.8
GHCND:USC00415477,20101001,72.8
GHCND:USC00413299,20100101,51.3
GHCND:USC00413299,20100401,66.8
GHCND:USC00413299,20100701,84.5
GHCND:USC00413299,20101001,75.5
GHCND:USW00093107,20100101,55.2
GHCND:USW00093107,20100401,58.1
GHCND:USW00093107,20100701,69.3
GHCND:USW00093107,20101001,68.3
GHCND:USC00042771,20100101,42.8
GHCND:USC00042771,20100401,53.8
GHCND:USC00042771,20100701,77.9
GHCND:USC00042771,20101001,66.7
GHCND:USW00053902,20100101,50.3
GHCND:USW00053902,20100401,63.8
GHCND:USW00053902,20100701,81.6
GHCND:USW00053902,20101001,73.2
GHCND:USW00053903,20100101,50.1
GHCND:USW00053903,20100401,64.2
GHCND:USW00053903,20100701,83.2
GHCND:USW00053903,20101001,73.6
GHCND:USW00093101,20100101,55.6
GHCND:USW00093101,20100401,58.8
GHCND:USW00093101,20100701,70.3
GHCND:USW00093101,20101001,68.6
GHCND:USW00053907,20100101,45.7
GHCND:USW00053907,20100401,62.2
GHCND:USW00053907,20100701,82.9
GHCND:USW00053907,20101001,72.1
GHCND:USW00053909,20100101,44.6
GHCND:USW00053909,20100401,61.0
GHCND:USW00053909,20100701,83.3
GHCND:USW00053909,20101001,71.3
GHCND:USC00041697,20100101,38.7
GHCND:USC00041697,20100401,45.4
GHCND:USC00041697,20100701,69.4
GHCND:USC00041697,20101001,60.9
GHCND:USC00041214,20100101,30.0
GHCND:USC00041214,20100401,42.1
GHCND:USC00041214,20100701,64.0
GHCND:USC00041214,20101001,53.9
GHCND:USC00043875,20100101,47.7
GHCND:USC00043875,20100401,56.8
GHCND:USC00043875,20100701,71.8
GHCND:USC00043875,20101001,66.2
GHCND:USC00413060,20100101,57.4
GHCND:USC00413060,20100401,73.1
GHCND:USC00413060,20100701,87.3
GHCND:USC00413060,20101001,79.4
GHCND:USC00413063,20100101,55.4
GHCND:USC00413063,20100401,69.2
GHCND:USC00413063,20100701,84.2
GHCND:USC00413063,20101001,76.8
GHCND:USC00418996,20100101,52.5
GHCND:USC00418996,20100401,65.3
GHCND:USC00418996,20100701,82.4
GHCND:USC00418996,20101001,74.9
GHCND:USW00023091,20100101,48.1
GHCND:USW00023091,20100401,64.0
GHCND:USW00023091,20100701,82.0
GHCND:USW00023091,20101001,72.3
GHCND:USW00053910,20100101,51.2
GHCND:USW00053910,20100401,64.2
GHCND:USW00053910,20100701,81.6
GHCND:USW00053910,20101001,74.3
GHCND:USW00053911,20100101,44.8
GHCND:USW00053911,20100401,60.8
GHCND:USW00053911,20100701,82.6
GHCND:USW00053911,20101001,71.3
GHCND:USC00416776,20100101,35.5
GHCND:USC00416776,20100401,51.2
GHCND:USC00416776,20100701,77.2
GHCND:USC00416776,20101001,63.3
GHCND:USW00053912,20100101,47.1
GHCND:USW00053912,20100401,62.0
GHCND:USW00053912,20100701,82.3
GHCND:USW00053912,20101001,72.5
GHCND:USC00417624,20100101,47.6
GHCND:USC00417624,20100401,68.3
GHCND:USC00417624,20100701,86.6
GHCND:USC00417624,20101001,76.7
GHCND:USW00053914,20100101,43.2
GHCND:USW00053914,20100401,58.8
GHCND:USW00053914,20100701,81.6
GHCND:USW00053914,20101001,69.7
GHCND:USW00093134,20100101,57.6
GHCND:USW00093134,20100401,61.5
GHCND:USW00093134,20100701,72.0
GHCND:USW00093134,20101001,71.0
GHCND:USC00042319,20100101,51.0
GHCND:USC00042319,20100401,72.4
GHCND:USC00042319,20100701,99.9
GHCND:USC00042319,20101001,84.2
GHCND:USC00043647,20100101,42.6
GHCND:USC00043647,20100401,49.1
GHCND:USC00043647,20100701,61.8
GHCND:USC00043647,20101001,57.5
GHCND:USC00436391,20100101,17.4
GHCND:USC00436391,20100401,36.2
GHCND:USC00436391,20100701,67.8
GHCND:USC00436391,20101001,51.1
GHCND:USC00416780,20100101,46.1
GHCND:USC00416780,20100401,63.5
GHCND:USC00416780,20100701,83.6
GHCND:USC00416780,20101001,73.0
GHCND:USC00040379,20100101,44.5
GHCND:USC00040379,20100401,52.8
GHCND:USC00040379,20100701,77.9
GHCND:USC00040379,20101001,68.9
GHCND:USC00040136,20100101,53.5
GHCND:USC00040136,20100401,57.2
GHCND:USC00040136,20100701,72.1
GHCND:USC00040136,20101001,69.8
GHCND:USC00416785,20100101,33.9
GHCND:USC00416785,20100401,50.4
GHCND:USC00416785,20100701,76.7
GHCND:USC00416785,20101001,62.4
GHCND:USC00043882,20100101,52.1
GHCND:USC00043882,20100401,54.9
GHCND:USC00043882,20100701,66.1
GHCND:USC00043882,20101001,66.7
GHCND:USC00418728,20100101,54.1
GHCND:USC00418728,20100401,67.5
GHCND:USC00418728,20100701,85.0
GHCND:USC00418728,20101001,77.1
GHCND:USW00023072,20100101,37.1
GHCND:USW00023072,20100401,53.7
GHCND:USW00023072,20100701,79.9
GHCND:USW00023072,20101001,65.4
GHCND:USC00043896,20100101,53.1
GHCND:USC00043896,20100401,58.6
GHCND:USC00043896,20100701,76.8
GHCND:USC00043896,20101001,71.3
GHCND:USC00044500,20100101,47.2
GHCND:USC00044500,20100401,55.5
GHCND:USC00044500,20100701,67.3
GHCND:USC00044500,20101001,65.0
GHCND:USC00040383,20100101,45.3
GHCND:USC00040383,20100401,54.0
GHCND:USC00040383,20100701,75.4
GHCND:USC00040383,20101001,68.8
GHCND:USC00046926,20100101,43.8
GHCND:USC00046926,20100401,50.2
GHCND:USC00046926,20100701,67.8
GHCND:USC00046926,20101001,62.7
GHCND:USC00413280,20100101,45.8
GHCND:USC00413280,20100401,62.2
GHCND:USC00413280,20100701,82.1
GHCND:USC00413280,20101001,70.9
GHCND:USC00043417,20100101,48.4
GHCND:USC00043417,20100401,57.1
GHCND:USC00043417,20100701,70.3
GHCND:USC00043417,20101001,67.0
GHCND:USC00416792,20100101,48.1
GHCND:USC00416792,20100401,63.9
GHCND:USC00416792,20100701,81.1
GHCND:USC00416792,20101001,70.8
GHCND:USW00093114,20100101,57.9
GHCND:USW00093114,20100401,62.2
GHCND:USW00093114,20100701,73.0
GHCND:USW00093114,20101001,71.6
GHCND:USW00093115,20100101,56.4
GHCND:USW00093115,20100401,59.5
GHCND:USW00093115,20100701,67.4
GHCND:USW00093115,20101001,66.8
GHCND:USW00093116,20100101,56.6
GHCND:USW00093116,20100401,57.0
GHCND:USW00093116,20100701,64.8
GHCND:USW00093116,20101001,65.0
GHCND:USC00413285,20100101,45.0
GHCND:USC00413285,20100401,61.5
GHCND:USC00413285,20100701,83.0
GHCND:USC00413285,20101001,71.9
GHCND:USC00414375,20100101,44.3
GHCND:USC00414375,20100401,60.0
GHCND:USC00414375,20100701,78.4
GHCND:USC00414375,20101001,68.6
GHCND:USC00416794,20100101,42.7
GHCND:USC00416794,20100401,60.0
GHCND:USC00416794,20100701,83.2
GHCND:USC00416794,20101001,70.8
GHCND:USC00413368,20100101,35.8
GHCND:USC00413368,20100401,51.0
GHCND:USC00413368,20100701,75.9
GHCND:USC00413368,20101001,62.5
GHCND:USC00416636,20100101,41.7
GHCND:USC00416636,20100401,58.5
GHCND:USC00416636,20100701,81.7
GHCND:USC00416636,20101001,69.6
GHCND:USC00418818,20100101,40.6
GHCND:USC00418818,20100401,56.1
GHCND:USC00418818,20100701,79.6
GHCND:USC00418818,20101001,66.6
GHCND:USC00416879,20100101,49.7
GHCND:USC00416879,20100401,64.7
GHCND:USC00416879,20100701,81.3
GHCND:USC00416879,20101001,73.0
GHCND:USW00003032,20100101,48.1
GHCND:USW00003032,20100401,64.9
GHCND:USW00003032,20100701,83.3
GHCND:USW00003032,20101001,73.1
GHCND:USW00003031,20100101,44.4
GHCND:USW00003031,20100401,61.2
GHCND:USW00003031,20100701,82.6
GHCND:USW00003031,20101001,70.5
GHCND:USC00041806,20100101,42.7
GHCND:USC00041806,20100401,50.9
GHCND:USC00041806,20100701,71.3
GHCND:USC00041806,20101001,63.4
GHCND:USC00047109,20100101,44.3
GHCND:USC00047109,20100401,53.1
GHCND:USC00047109,20100701,71.5
GHCND:USC00047109,20101001,64.9
GHCND:USC00046252,20100101,43.7
GHCND:USC00046252,20100401,50.9
GHCND:USC00046252,20100701,73.8
GHCND:USC00046252,20101001,65.8
GHCND:USC00413133,20100101,44.5
GHCND:USC00413133,20100401,60.3
GHCND:USC00413133,20100701,81.9
GHCND:USC00413133,20101001,71.3
GHCND:USC00046498,20100101,43.7
GHCND:USC00046498,20100401,47.8
GHCND:USC00046498,20100701,56.9
GHCND:USC00046498,20101001,55.6
GHCND:USC00419916,20100101,43.9
GHCND:USC00419916,20100401,60.1
GHCND:USC00419916,20100701,81.7
GHCND:USC00419916,20101001,69.1
GHCND:USC00049781,20100101,45.8
GHCND:USC00049781,20100401,58.4
GHCND:USC00049781,20100701,76.7
GHCND:USC00049781,20101001,70.5
GHCND:USC00439988,20100101,17.7
GHCND:USC00439988,20100401,34.9
GHCND:USC00439988,20100701,66.1
GHCND:USC00439988,20101001,50.4
GHCND:USC00416644,20100101,36.2
GHCND:USC00416644,20100401,51.8
GHCND:USC00416644,20100701,75.9
GHCND:USC00416644,20101001,62.4
GHCND:USW00003024,20100101,37.3
GHCND:USW00003024,20100401,54.6
GHCND:USW00003024,20100701,80.5
GHCND:USW00003024,20101001,66.0
GHCND:USC00430942,20100101,15.8
GHCND:USC00430942,20100401,32.8
GHCND:USC00430942,20100701,63.7
GHCND:USC00430942,20101001,49.2
GHCND:USC00417983,20100101,50.0
GHCND:USC00417983,20100401,64.8
GHCND:USC00417983,20100701,83.0
GHCND:USC00417983,20101001,74.2
GHCND:USC00046263,20100101,56.0
GHCND:USC00046263,20100401,60.4
GHCND:USC00046263,20100701,74.5
GHCND:USC00046263,20101001,71.2
GHCND:USC00048200,20100101,49.8
GHCND:USC00048200,20100401,62.2
GHCND:USC00048200,20100701,89.4
GHCND:USC00048200,20101001,75.9
GHCND:USC00417743,20100101,41.6
GHCND:USC00417743,20100401,58.5
GHCND:USC00417743,20100701,80.6
GHCND:USC00417743,20101001,68.6
GHCND:USC00416893,20100101,43.5
GHCND:USC00416893,20100401,60.7
GHCND:USC00416893,20100701,82.6
GHCND:USC00416893,20101001,70.0
GHCND:USC00417981,20100101,57.3
GHCND:USC00417981,20100401,70.3
GHCND:USC00417981,20100701,85.2
GHCND:USC00417981,20101001,77.8
GHCND:USC00435376,20100101,14.6
GHCND:USC00435376,20100401,32.9
GHCND:USC00435376,20100701,64.9
GHCND:USC00435376,20101001,49.8
GHCND:USC00417704,20100101,55.5
GHCND:USC00417704,20100401,68.1
GHCND:USC00417704,20100701,85.0
GHCND:USC00417704,20101001,78.9
GHCND:USC00412013,20100101,57.5
GHCND:USC00412013,20100401,68.9
GHCND:USC00412013,20100701,83.8
GHCND:USC00412013,20101001,77.9
GHCND:USC00417947,20100101,50.2
GHCND:USC00417947,20100401,65.4
GHCND:USC00417947,20100701,82.8
GHCND:USC00417947,20101001,74.3
GHCND:USC00417706,20100101,46.5
GHCND:USC00417706,20100401,61.0
GHCND:USC00417706,20100701,79.0
GHCND:USC00417706,20101001,70.1
GHCND:USC00049792,20100101,47.8
GHCND:USC00049792,20100401,55.9
GHCND:USC00049792,20100701,68.9
GHCND:USC00049792,20101001,66.1
GHCND:USC00417944,20100101,43.2
GHCND:USC00417944,20100401,60.1
GHCND:USC00417944,20100701,81.2
GHCND:USC00417944,20101001,69.8
GHCND:USC00412019,20100101,45.6
GHCND:USC00412019,20100401,60.9
GHCND:USC00412019,20100701,82.2
GHCND:USC00412019,20101001,71.9
GHCND:USW00003054,20100101,35.8
GHCND:USW00003054,20100401,52.2
GHCND:USW00003054,20100701,76.3
GHCND:USW00003054,20101001,63.1
GHCND:USC00040738,20100101,41.2
GHCND:USC00040738,20100401,51.4
GHCND:USC00040738,20100701,71.7
GHCND:USC00040738,20101001,63.5
GHCND:USC00048218,20100101,30.2
GHCND:USC00048218,20100401,42.7
GHCND:USC00048218,20100701,62.5
GHCND:USC00048218,20101001,53.6
GHCND:USC00415770,20100101,38.3
GHCND:USC00415770,20100401,55.2
GHCND:USC00415770,20100701,78.1
GHCND:USC00415770,20101001,65.9
GHCND:USC00417951,20100101,46.6
GHCND:USC00417951,20100401,61.7
GHCND:USC00417951,20100701,81.5
GHCND:USC00417951,20101001,71.0
GHCND:USC00049785,20100101,55.5
GHCND:USC00049785,20100401,58.7
GHCND:USC00049785,20100701,75.0
GHCND:USC00049785,20101001,70.6
GHCND:USC00439984,20100101,18.3
GHCND:USC00439984,20100401,37.1
GHCND:USC00439984,20100701,67.9
GHCND:USC00439984,20101001,52.1
GHCND:USC00412266,20100101,51.7
GHCND:USC00412266,20100401,65.2
GHCND:USC00412266,20100701,81.6
GHCND:USC00412266,20101001,75.2
GHCND:USC00414202,20100101,43.5
GHCND:USC00414202,20100401,58.7
GHCND:USC00414202,20100701,80.7
GHCND:USC00414202,20101001,69.5
GHCND:USC00041838,20100101,47.7
GHCND:USC00041838,20100401,56.7
GHCND:USC00041838,20100701,74.0
GHCND:USC00041838,20101001,68.3
GHCND:USW00003047,20100101,44.2
GHCND:USW00003047,20100401,60.8
GHCND:USW00003047,20100701,82.4
GHCND:USW00003047,20101001,71.0
GHCND:USC00040741,20100101,34.0
GHCND:USC00040741,20100401,40.9
GHCND:USC00040741,20100701,62.8
GHCND:USC00040741,20101001,53.0
GHCND:USC00040983,20100101,55.3
GHCND:USC00040983,20100401,66.0
GHCND:USC00040983,20100701,89.0
GHCND:USC00040983,20101001,79.7
GHCND:USW00093193,20100101,45.4
GHCND:USW00093193,20100401,58.7
GHCND:USW00093193,20100701,81.0
GHCND:USW00093193,20101001,71.9
GHCND:USC00415742,20100101,47.6
GHCND:USC00415742,20100401,62.3
GHCND:USC00415742,20100701,80.5
GHCND:USC00415742,20101001,71.3
GHCND:USC00412238,20100101,32.4
GHCND:USC00412238,20100401,48.2
GHCND:USC00412238,20100701,75.9
GHCND:USC00412238,20101001,62.2
GHCND:USW00093197,20100101,56.3
GHCND:USW00093197,20100401,58.4
GHCND:USW00093197,20100701,67.3
GHCND:USW00093197,20101001,66.7
GHCND:USC00413329,20100101,46.5
GHCND:USC00413329,20100401,61.5
GHCND:USC00413329,20100701,80.1
GHCND:USC00413329,20101001,70.8
GHCND:USC00047150,20100101,43.7
GHCND:USC00047150,20100401,50.2
GHCND:USC00047150,20100701,70.6
GHCND:USC00047150,20101001,63.3
GHCND:USW00003072,20100101,41.2
GHCND:USW00003072,20100401,58.9
GHCND:USW00003072,20100701,80.1
GHCND:USW00003072,20101001,69.5
GHCND:USC00040755,20100101,41.4
GHCND:USC00040755,20100401,44.5
GHCND:USC00040755,20100701,66.9
GHCND:USC00040755,20101001,60.8
GHCND:USC00042934,20100101,45.8
GHCND:USC00042934,20100401,56.8
GHCND:USC00042934,20100701,72.8
GHCND:USC00042934,20101001,68.4
GHCND:USC00049325,20100101,45.0
GHCND:USC00049325,20100401,56.3
GHCND:USC00049325,20100701,78.9
GHCND:USC00049325,20101001,69.0
GHCND:USC00411398,20100101,47.2
GHCND:USC00411398,20100401,62.0
GHCND:USC00411398,20100701,81.1
GHCND:USC00411398,20101001,71.6
GHCND:USC00417936,20100101,47.7
GHCND:USC00417936,20100401,62.3
GHCND:USC00417936,20100701,81.6
GHCND:USC00417936,20101001,72.2
GHCND:USC00048490,20100101,43.6
GHCND:USC00048490,20100401,50.5
GHCND:USC00048490,20100701,66.0
GHCND:USC00048490,20101001,62.7
GHCND:USW00093184,20100101,55.9
GHCND:USW00093184,20100401,60.2
GHCND:USW00093184,20100701,69.3
GHCND:USW00093184,20101001,69.3
GHCND:USC00046074,20100101,47.5
GHCND:USC00046074,20100401,56.2
GHCND:USC00046074,20100701,68.9
GHCND:USC00046074,20101001,66.1
GHCND:USC00415757,20100101,45.2
GHCND:USC00415757,20100401,60.8
GHCND:USC00415757,20100701,81.9
GHCND:USC00415757,20101001,71.7
GHCND:USC00042706,20100101,55.0
GHCND:USC00042706,20100401,61.1
GHCND:USC00042706,20100701,73.3
GHCND:USC00042706,20101001,71.6
GHCND:USC00042709,20100101,55.2
GHCND:USC00042709,20100401,59.3
GHCND:USC00042709,20100701,74.2
GHCND:USC00042709,20101001,72.2
GHCND:USC00040521,20100101,45.5
GHCND:USC00040521,20100401,59.4
GHCND:USC00040521,20100701,83.7
GHCND:USC00040521,20101001,71.8
GHCND:USC00042941,20100101,44.5
GHCND:USC00042941,20100401,53.4
GHCND:USC00042941,20100701,76.3
GHCND:USC00042941,20101001,68.2
GHCND:USC00041614,20100101,29.9
GHCND:USC00041614,20100401,42.7
GHCND:USC00041614,20100701,67.6
GHCND:USC00041614,20101001,55.5
GHCND:USC00414670,20100101,44.9
GHCND:USC00414670,20100401,60.6
GHCND:USC00414670,20100701,79.8
GHCND:USC00414670,20101001,69.8
GHCND:USC00413340,20100101,54.2
GHCND:USC00413340,20100401,66.1
GHCND:USC00413340,20100701,83.7
GHCND:USC00413340,20101001,76.4
GHCND:USC00412011,20100101,56.6
GHCND:USC00412011,20100401,68.5
GHCND:USC00412011,20100701,84.3
GHCND:USC00412011,20101001,78.3
GHCND:USC00413787,20100101,33.3
GHCND:USC00413787,20100401,50.4
GHCND:USC00413787,20100701,77.6
GHCND:USC00413787,20101001,62.4
GHCND:USC00049351,20100101,28.4
GHCND:USC00049351,20100401,39.6
GHCND:USC00049351,20100701,61.5
GHCND:USC00049351,20101001,52.8
GHCND:USC00415721,20100101,58.3
GHCND:USC00415721,20100401,72.7
GHCND:USC00415721,20100701,85.7
GHCND:USC00415721,20101001,78.8
GHCND:USC00049111,20100101,51.1
GHCND:USC00049111,20100401,55.7
GHCND:USC00049111,20100701,64.5
GHCND:USC00049111,20101001,63.3
GHCND:USC00413546,20100101,43.4
GHCND:USC00413546,20100401,59.0
GHCND:USC00413546,20100701,80.3
GHCND:USC00413546,20101001,68.8
GHCND:USC00411128,20100101,40.2
GHCND:USC00411128,20100401,56.3
GHCND:USC00411128,20100701,79.3
GHCND:USC00411128,20101001,66.5
GHCND:USC00041864,20100101,46.5
GHCND:USC00041864,20100401,58.9
GHCND:USC00041864,20100701,81.1
GHCND:USC00041864,20101001,71.9
GHCND:USC00042713,20100101,55.8
GHCND:USC00042713,20100401,67.9
GHCND:USC00042713,20100701,90.4
GHCND:USC00042713,20101001,81.5
GHCND:USC00410040,20100101,43.8
GHCND:USC00410040,20100401,60.9
GHCND:USC00410040,20100701,81.8
GHCND:USC00410040,20101001,70.9
GHCND:USC00049102,20100101,50.2
GHCND:USC00049102,20100401,63.4
GHCND:USC00049102,20100701,91.7
GHCND:USC00049102,20101001,76.3
GHCND:USC00412225,20100101,45.7
GHCND:USC00412225,20100401,61.7
GHCND:USC00412225,20100701,82.8
GHCND:USC00412225,20101001,71.8
GHCND:USC00412464,20100101,35.2
GHCND:USC00412464,20100401,50.6
GHCND:USC00412464,20100701,75.9
GHCND:USC00412464,20101001,62.1
GHCND:USC00049122,20100101,45.8
GHCND:USC00049122,20100401,53.9
GHCND:USC00049122,20100701,71.2
GHCND:USC00049122,20101001,65.8
GHCND:USC00411138,20100101,44.2
GHCND:USC00411138,20100401,60.5
GHCND:USC00411138,20100701,81.6
GHCND:USC00411138,20101001,70.6
GHCND:USC00048273,20100101,46.1
GHCND:USC00048273,20100401,48.9
GHCND:USC00048273,20100701,65.2
GHCND:USC00048273,20101001,62.5
GHCND:USW00094299,20100101,29.0
GHCND:USW00094299,20100401,40.1
GHCND:USW00094299,20100701,63.7
GHCND:USW00094299,20101001,51.6
GHCND:USW00023906,20100101,53.7
GHCND:USW00023906,20100401,66.4
GHCND:USW00023906,20100701,82.3
GHCND:USW00023906,20101001,76.7
GHCND:USW00023907,20100101,49.5
GHCND:USW00023907,20100401,63.0
GHCND:USW00023907,20100701,81.5
GHCND:USW00023907,20101001,72.9
GHCND:USC00048025,20100101,40.3
GHCND:USC00048025,20100401,48.1
GHCND:USC00048025,20100701,70.3
GHCND:USC00048025,20101001,62.7
GHCND:USC00413321,20100101,49.2
GHCND:USC00413321,20100401,63.8
GHCND:USC00413321,20100701,82.5
GHCND:USC00413321,20101001,73.2
GHCND:USC00410012,20100101,37.0
GHCND:USC00410012,20100401,52.8
GHCND:USC00410012,20100701,76.5
GHCND:USC00410012,20101001,65.0
GHCND:USC00415701,20100101,59.0
GHCND:USC00415701,20100401,72.7
GHCND:USC00415701,20100701,85.8
GHCND:USC00415701,20101001,79.5
GHCND:USW00053139,20100101,50.8
GHCND:USW00053139,20100401,71.8
GHCND:USW00053139,20100701,99.8
GHCND:USW00053139,20101001,83.6
GHCND:USC00410498,20100101,44.3
GHCND:USC00410498,20100401,60.2
GHCND:USC00410498,20100701,80.7
GHCND:USC00410498,20101001,68.6
GHCND:USC00410013,20100101,43.1
GHCND:USC00410013,20100401,59.4
GHCND:USC00410013,20100701,81.6
GHCND:USC00410013,20101001,70.0
GHCND:USC00412679,20100101,52.3
GHCND:USC00412679,20100401,68.7
GHCND:USC00412679,20100701,86.0
GHCND:USC00412679,20101001,76.7
GHCND:USC00410257,20100101,54.2
GHCND:USC00410257,20100401,65.8
GHCND:USC00410257,20100701,82.5
GHCND:USC00410257,20101001,75.8
GHCND:USC00415707,20100101,44.9
GHCND:USC00415707,20100401,62.6
GHCND:USC00415707,20100701,83.5
GHCND:USC00415707,20101001,72.1
GHCND:USC00046657,20100101,42.7
GHCND:USC00046657,20100401,48.4
GHCND:USC00046657,20100701,71.5
GHCND:USC00046657,20101001,63.2
GHCND:USC00042294,20100101,44.9
GHCND:USC00042294,20100401,56.6
GHCND:USC00042294,20100701,74.7
GHCND:USC00042294,20101001,68.8
GHCND:USC00043384,20100101,43.6
GHCND:USC00043384,20100401,50.4
GHCND:USC00043384,20100701,73.5
GHCND:USC00043384,20101001,66.1
GHCND:USW00053144,20100101,44.0
GHCND:USW00053144,20100401,55.4
GHCND:USW00053144,20100701,81.4
GHCND:USW00053144,20101001,68.0
GHCND:USC00044232,20100101,40.6
GHCND:USC00044232,20100401,55.2
GHCND:USC00044232,20100701,80.8
GHCND:USC00044232,20101001,67.7
GHCND:USC00436893,20100101,19.0
GHCND:USC00436893,20100401,35.9
GHCND:USC00436893,20100701,65.6
GHCND:USC00436893,20101001,51.9
GHCND:USC00435542,20100101,14.9
GHCND:USC00435542,20100401,34.3
GHCND:USC00435542,20100701,66.4
GHCND:USC00435542,20101001,51.0
GHCND:USC00047741,20100101,54.2
GHCND:USC00047741,20100401,58.6
GHCND:USC00047741,20100701,66.3
GHCND:USC00047741,20101001,65.9
GHCND:USC00411596,20100101,46.4
GHCND:USC00411596,20100401,61.3
GHCND:USC00411596,20100701,81.3
GHCND:USC00411596,20101001,71.0
GHCND:USC00415954,20100101,44.7
GHCND:USC00415954,20100401,60.3
GHCND:USC00415954,20100701,82.7
GHCND:USC00415954,20101001,70.3
GHCND:USC00410268,20100101,43.5
GHCND:USC00410268,20100401,60.2
GHCND:USC00410268,20100701,82.8
GHCND:USC00410268,20101001,70.5
GHCND:USC00048606,20100101,39.3
GHCND:USC00048606,20100401,44.6
GHCND:USC00048606,20100701,65.3
GHCND:USC00048606,20101001,59.5
GHCND:USC00419088,20100101,42.6
GHCND:USC00419088,20100401,59.4
GHCND:USC00419088,20100701,81.2
GHCND:USC00419088,20101001,68.6
GHCND:USW00053150,20100101,37.3
GHCND:USW00053150,20100401,39.2
GHCND:USW00053150,20100701,66.2
GHCND:USW00053150,20101001,55.5
GHCND:USW00053151,20100101,56.3
GHCND:USW00053151,20100401,58.7
GHCND:USW00053151,20100701,71.4
GHCND:USW00053151,20101001,71.2
GHCND:USW00053152,20100101,51.0
GHCND:USW00053152,20100401,54.4
GHCND:USW00053152,20100701,62.8
GHCND:USW00053152,20101001,62.0
GHCND:USC00043392,20100101,57.8
GHCND:USC00043392,20100401,59.6
GHCND:USC00043392,20100701,69.4
GHCND:USC00043392,20101001,69.7
GHCND:USC00043157,20100101,29.6
GHCND:USC00043157,20100401,43.2
GHCND:USC00043157,20100701,64.8
GHCND:USC00043157,20101001,55.4
GHCND:USC00410235,20100101,51.5
GHCND:USC00410235,20100401,64.3
GHCND:USC00410235,20100701,82.1
GHCND:USC00410235,20101001,74.1
GHCND:USC00042081,20100101,41.7
GHCND:USC00042081,20100401,51.4
GHCND:USC00042081,20100701,70.5
GHCND:USC00042081,20101001,63.1
GHCND:USC00413507,20100101,47.4
GHCND:USC00413507,20100401,62.9
GHCND:USC00413507,20100701,81.9
GHCND:USC00413507,20101001,72.8
GHCND:USC00419295,20100101,42.2
GHCND:USC00419295,20100401,58.4
GHCND:USC00419295,20100701,79.9
GHCND:USC00419295,20101001,67.9
GHCND:USC00044259,20100101,57.3
GHCND:USC00044259,20100401,71.0
GHCND:USC00044259,20100701,92.1
GHCND:USC00044259,20101001,83.1
GHCND:USC00047767,20100101,50.3
GHCND:USC00047767,20100401,53.5
GHCND:USC00047767,20100701,57.3
GHCND:USC00047767,20101001,59.1
GHCND:USC00043161,20100101,45.8
GHCND:USC00043161,20100401,48.8
GHCND:USC00043161,20100701,56.0
GHCND:USC00043161,20101001,55.1
GHCND:USC00413992,20100101,41.4
GHCND:USC00413992,20100401,58.8
GHCND:USC00413992,20100701,81.8
GHCND:USC00413992,20101001,69.2
GHCND:USC00410482,20100101,45.5
GHCND:USC00410482,20100401,62.3
GHCND:USC00410482,20100701,82.8
GHCND:USC00410482,20101001,71.8
GHCND:USC00411578,20100101,46.8
GHCND:USC00411578,20100401,61.3
GHCND:USC00411578,20100701,81.9
GHCND:USC00411578,20101001,71.1
GHCND:USC00414605,20100101,47.7
GHCND:USC00414605,20100401,62.9
GHCND:USC00414605,20100701,81.8
GHCND:USC00414605,20101001,71.7
GHCND:USW00013904,20100101,48.9
GHCND:USW00013904,20100401,63.5
GHCND:USW00013904,20100701,82.5
GHCND:USW00013904,20101001,73.5
GHCND:USC00045360,20100101,45.0
GHCND:USC00045360,20100401,54.3
GHCND:USC00045360,20100701,73.8
GHCND:USC00045360,20101001,67.5
GHCND:USC00410248,20100101,43.7
GHCND:USC00410248,20100401,60.3
GHCND:USC00410248,20100701,81.2
GHCND:USC00410248,20101001,69.6
GHCND:USC00411337,20100101,54.3
GHCND:USC00411337,20100401,68.3
GHCND:USC00411337,20100701,84.7
GHCND:USC00411337,20101001,76.3
GHCND:USC00045118,20100101,45.6
GHCND:USC00045118,20100401,58.7
GHCND:USC00045118,20100701,77.8
GHCND:USC00045118,20101001,70.9
GHCND:USW00013911,20100101,46.1
GHCND:USW00013911,20100401,62.8
GHCND:USW00013911,20100701,84.2
GHCND:USW00013911,20101001,73.2
GHCND:USC00046685,20100101,46.0
GHCND:USC00046685,20100401,54.2
GHCND:USC00046685,20100701,76.5
GHCND:USC00046685,20101001,69.4
GHCND:USC00410493,20100101,43.8
GHCND:USC00410493,20100401,61.4
GHCND:USC00410493,20100701,82.2
GHCND:USC00410493,20101001,70.5
GHCND:USC00044025,20100101,48.2
GHCND:USC00044025,20100401,55.5
GHCND:USC00044025,20100701,66.5
GHCND:USC00044025,20101001,65.0
GHCND:USC00411541,20100101,48.3
GHCND:USC00411541,20100401,63.1
GHCND:USC00411541,20100701,82.4
GHCND:USC00411541,20101001,73.3
GHCND:USC00043191,20100101,49.3
GHCND:USC00043191,20100401,51.7
GHCND:USC00043191,20100701,57.6
GHCND:USC00043191,20101001,57.9
GHCND:USW00013959,20100101,46.6
GHCND:USW00013959,20100401,62.3
GHCND:USW00013959,20100701,83.7
GHCND:USW00013959,20101001,72.9
GHCND:USW00013958,20100101,51.0
GHCND:USW00013958,20100401,65.7
GHCND:USW00013958,20100701,83.9
GHCND:USW00013958,20101001,75.4
GHCND:USC00419031,20100101,53.4
GHCND:USC00419031,20100401,68.2
GHCND:USC00419031,20100701,84.4
GHCND:USC00419031,20101001,76.6
GHCND:USC00047306,20100101,53.1
GHCND:USC00047306,20100401,59.2
GHCND:USC00047306,20100701,76.1
GHCND:USC00047306,20101001,71.2
GHCND:USC00419270,20100101,42.2
GHCND:USC00419270,20100401,57.0
GHCND:USC00419270,20100701,77.8
GHCND:USC00419270,20101001,66.9
GHCND:USW00003904,20100101,50.7
GHCND:USW00003904,20100401,65.1
GHCND:USW00003904,20100701,83.9
GHCND:USW00003904,20101001,75.2
GHCND:USW00013966,20100101,41.3
GHCND:USW00013966,20100401,58.6
GHCND:USW00013966,20100701,82.7
GHCND:USW00013966,20101001,69.7
GHCND:USW00013962,20100101,44.1
GHCND:USW00013962,20100401,60.7
GHCND:USW00013962,20100701,81.8
GHCND:USW00013962,20101001,70.3
GHCND:USC00046699,20100101,51.3
GHCND:USC00046699,20100401,66.6
GHCND:USC00046699,20100701,92.7
GHCND:USC00046699,20101001,80.1
GHCND:USW00013961,20100101,45.0
GHCND:USW00013961,20100401,61.1
GHCND:USW00013961,20100701,83.3
GHCND:USW00013961,20101001,71.7
GHCND:USC00045123,20100101,47.6
GHCND:USC00045123,20100401,55.4
GHCND:USC00045123,20100701,69.1
GHCND:USC00045123,20101001,65.3
GHCND:USC00435982,20100101,20.0
GHCND:USC00435982,20100401,36.9
GHCND:USC00435982,20100701,68.9
GHCND:USC00435982,20101001,52.6
GHCND:USW00013960,20100101,46.4
GHCND:USW00013960,20100401,62.8
GHCND:USW00013960,20100701,84.9
GHCND:USW00013960,20101001,73.1
GHCND:USC00044278,20100101,44.4
GHCND:USC00044278,20100401,58.0
GHCND:USC00044278,20100701,82.8
GHCND:USC00044278,20101001,70.9
GHCND:USC00047785,20100101,55.6
GHCND:USC00047785,20100401,60.9
GHCND:USC00047785,20100701,73.6
GHCND:USC00047785,20101001,71.2
GHCND:USC00413972,20100101,35.4
GHCND:USC00413972,20100401,51.6
GHCND:USC00413972,20100701,75.8
GHCND:USC00413972,20101001,62.9
GHCND:USC00410225,20100101,51.0
GHCND:USC00410225,20100401,67.6
GHCND:USC00410225,20100701,85.2
GHCND:USC00410225,20101001,75.5
GHCND:USC00412404,20100101,43.9
GHCND:USC00412404,20100401,60.1
GHCND:USC00412404,20100701,82.9
GHCND:USC00412404,20101001,71.0
GHCND:USW00003902,20100101,48.9
GHCND:USW00003902,20100401,65.0
GHCND:USW00003902,20100701,83.7
GHCND:USW00003902,20101001,73.9
GHCND:USC00413734,20100101,44.7
GHCND:USC00413734,20100401,60.7
GHCND:USC00413734,20100701,83.4
GHCND:USC00413734,20101001,71.9
GHCND:USW00003901,20100101,46.4
GHCND:USW00003901,20100401,61.2
GHCND:USW00003901,20100701,82.4
GHCND:USW00003901,20101001,70.6
GHCND:USC00412408,20100101,40.4
GHCND:USC00412408,20100401,55.9
GHCND:USC00412408,20100701,78.1
GHCND:USC00412408,20101001,66.1
GHCND:USC00413979,20100101,32.9
GHCND:USC00413979,20100401,49.1
GHCND:USC00413979,20100701,74.7
GHCND:USC00413979,20101001,61.8
GHCND:USC00040924,20100101,52.5
GHCND:USC00040924,20100401,67.7
GHCND:USC00040924,20100701,91.8
GHCND:USC00040924,20101001,79.5
GHCND:USC00045378,20100101,44.5
GHCND:USC00045378,20100401,55.1
GHCND:USC00045378,20100701,69.5
GHCND:USC00045378,20101001,64.5
GHCND:USW00013973,20100101,45.9
GHCND:USW00013973,20100401,62.7
GHCND:USW00013973,20100701,81.4
GHCND:USW00013973,20101001,70.8
GHCND:USW00013972,20100101,46.6
GHCND:USW00013972,20100401,60.3
GHCND:USW00013972,20100701,81.6
GHCND:USW00013972,20101001,71.5
GHCND:USW00053119,20100101,43.9
GHCND:USW00053119,20100401,57.5
GHCND:USW00053119,20100701,77.6
GHCND:USW00053119,20101001,69.0
GHCND:USC00410431,20100101,48.6
GHCND:USC00410431,20100401,62.8
GHCND:USC00410431,20100701,82.8
GHCND:USC00410431,20101001,73.2
GHCND:USW00003933,20100101,48.2
GHCND:USW00003933,20100401,63.1
GHCND:USW00003933,20100701,83.3
GHCND:USW00003933,20101001,73.2
GHCND:USC00410433,20100101,48.7
GHCND:USC00410433,20100401,62.6
GHCND:USC00410433,20100701,82.6
GHCND:USC00410433,20101001,73.2
GHCND:USC00411524,20100101,50.4
GHCND:USC00411524,20100401,69.6
GHCND:USC00411524,20100701,88.8
GHCND:USC00411524,20101001,78.2
GHCND:USC00413943,20100101,59.1
GHCND:USC00413943,20100401,71.8
GHCND:USC00413943,20100701,84.7
GHCND:USC00413943,20101001,78.6
GHCND:USC00412617,20100101,34.9
GHCND:USC00412617,20100401,50.3
GHCND:USC00412617,20100701,77.4
GHCND:USC00412617,20101001,62.3
GHCND:USC00417074,20100101,39.4
GHCND:USC00417074,20100401,55.0
GHCND:USC00417074,20100701,78.1
GHCND:USC00417074,20101001,65.8
GHCND:USC00419491,20100101,48.8
GHCND:USC00419491,20100401,63.5
GHCND:USC00419491,20100701,82.0
GHCND:USC00419491,20101001,72.7
GHCND:USC00040931,20100101,26.5
GHCND:USC00040931,20100401,38.0
GHCND:USC00040931,20100701,58.4
GHCND:USC00040931,20101001,49.5
GHCND:USC00418169,20100101,51.5
GHCND:USC00418169,20100401,66.3
GHCND:USC00418169,20100701,83.3
GHCND:USC00418169,20101001,75.5
GHCND:USW00053120,20100101,49.8
GHCND:USW00053120,20100401,53.8
GHCND:USW00053120,20100701,70.2
GHCND:USW00053120,20101001,66.7
GHCND:USC00430277,20100101,19.0
GHCND:USC00430277,20100401,36.4
GHCND:USC00430277,20100701,65.5
GHCND:USC00430277,20101001,50.5
GHCND:USC00419016,20100101,41.9
GHCND:USC00419016,20100401,59.1
GHCND:USC00419016,20100701,82.1
GHCND:USC00419016,20101001,69.1
GHCND:USW00053121,20100101,52.3
GHCND:USW00053121,20100401,57.0
GHCND:USW00053121,20100701,67.4
GHCND:USW00053121,20101001,65.7
GHCND:USC00044297,20100101,54.7
GHCND:USC00044297,20100401,69.1
GHCND:USC00044297,20100701,94.7
GHCND:USC00044297,20101001,82.0
GHCND:USC00432698,20100101,15.9
GHCND:USC00432698,20100401,33.6
GHCND:USC00432698,20100701,65.3
GHCND:USC00432698,20101001,50.2
GHCND:USW00003927,20100101,45.4
GHCND:USW00003927,20100401,61.8
GHCND:USW00003927,20100701,84.0
GHCND:USW00003927,20101001,72.3
GHCND:USC00431363,20100101,16.7
GHCND:USC00431363,20100401,33.7
GHCND:USC00431363,20100701,64.7
GHCND:USC00431363,20101001,49.2
GHCND:USC00419499,20100101,43.5
GHCND:USC00419499,20100401,59.6
GHCND:USC00419499,20100701,80.9
GHCND:USC00419499,20101001,69.2
GHCND:USC00417079,20100101,37.7
GHCND:USC00417079,20100401,53.7
GHCND:USC00417079,20100701,78.4
GHCND:USC00417079,20101001,64.9
GHCND:USC00049742,20100101,46.0
GHCND:USC00049742,20100401,59.0
GHCND:USC00049742,20100701,77.8
GHCND:USC00049742,20101001,71.2
GHCND:USC00411772,20100101,41.8
GHCND:USC00411772,20100401,57.9
GHCND:USC00411772,20100701,80.5
GHCND:USC00411772,20101001,68.8
GHCND:USC00410204,20100101,52.2
GHCND:USC00410204,20100401,64.3
GHCND:USC00410204,20100701,80.8
GHCND:USC00410204,20101001,73.3
GHCND:USC00410206,20100101,39.7
GHCND:USC00410206,20100401,57.4
GHCND:USC00410206,20100701,81.4
GHCND:USC00410206,20101001,68.9
GHCND:USC00047339,20100101,48.5
GHCND:USC00047339,20100401,55.9
GHCND:USC00047339,20100701,68.4
GHCND:USC00047339,20101001,65.0
GHCND:USC00417081,20100101,35.7
GHCND:USC00417081,20100401,52.0
GHCND:USC00417081,20100701,77.5
GHCND:USC00417081,20101001,63.8
GHCND:USC00040943,20100101,22.3
GHCND:USC00040943,20100401,31.0
GHCND:USC00040943,20100701,54.0
GHCND:USC00040943,20101001,43.8
GHCND:USC00439099,20100101,13.8
GHCND:USC00439099,20100401,32.7
GHCND:USC00439099,20100701,64.9
GHCND:USC00439099,20101001,49.3
GHCND:USC00435733,20100101,17.5
GHCND:USC00435733,20100401,34.8
GHCND:USC00435733,20100701,66.1
GHCND:USC00435733,20101001,50.9
GHCND:USC00410690,20100101,55.0
GHCND:USC00410690,20100401,69.2
GHCND:USC00410690,20100701,84.7
GHCND:USC00410690,20101001,76.4
GHCND:USC00046006,20100101,45.7
GHCND:USC00046006,20100401,49.4
GHCND:USC00046006,20100701,71.7
GHCND:USC00046006,20101001,64.0
GHCND:USC00410691,20100101,44.3
GHCND:USC00410691,20100401,60.3
GHCND:USC00410691,20100701,82.4
GHCND:USC00410691,20101001,71.0
