STATION,ELEVATION,LATITUDE,LONGITUDE,DATE,DLY-TAVG-STDDEV
GHCND:USW00003951,124.1,32.3466,-94.6533,20100115,10.2
GHCND:USW00003951,124.1,32.3466,-94.6533,20100415,6.9
GHCND:USW00003951,124.1,32.3466,-94.6533,20100715,3.3
GHCND:USW00003951,124.1,32.3466,-94.6533,20101015,7.2
GHCND:USC00049099,602,34.12806,-116.03694,20100115,5.4
GHCND:USC00049099,602,34.12806,-116.03694,20100415,6.7
GHCND:USC00049099,602,34.12806,-116.03694,20100715,4.6
GHCND:USC00049099,602,34.12806,-116.03694,20101015,5.8
GHCND:USC00082915,1.5,29.755,-81.5389,20100115,8.3
GHCND:USC00082915,1.5,29.755,-81.5389,20100415,5.1
GHCND:USC00082915,1.5,29.755,-81.5389,20100715,2.4
GHCND:USC00082915,1.5,29.755,-81.5389,20101015,4.9
GHCND:USC00017020,182.9,32.8711,-86.1758,20100115,9.5
GHCND:USC00017020,182.9,32.8711,-86.1758,20100415,6.7
GHCND:USC00017020,182.9,32.8711,-86.1758,20100715,2.7
GHCND:USC00017020,182.9,32.8711,-86.1758,20101015,6.7
GHCND:USC00412715,438.3,32.39889,-98.8175,20100115,9.9
GHCND:USC00412715,438.3,32.39889,-98.8175,20100415,8.2
GHCND:USC00412715,438.3,32.39889,-98.8175,20100715,3.6
GHCND:USC00412715,438.3,32.39889,-98.8175,20101015,7.6
GHCND:USC00085184,6.4,26.49861,-80.21611,20100115,7.1
GHCND:USC00085184,6.4,26.49861,-80.21611,20100415,4.3
GHCND:USC00085184,6.4,26.49861,-80.21611,20100715,2.2
GHCND:USC00085184,6.4,26.49861,-80.21611,20101015,3.3
GHCND:USC00417170,3.7,27.83806,-97.05917,20100115,7.4
GHCND:USC00417170,3.7,27.83806,-97.05917,20100415,4.6
GHCND:USC00417170,3.7,27.83806,-97.05917,20100715,1.9
GHCND:USC00417170,3.7,27.83806,-97.05917,20101015,5.3
GHCND:USC00417179,5.2,26.0941,-97.3094,20100115,8.2
GHCND:USC00417179,5.2,26.0941,-97.3094,20100415,5.2
GHCND:USC00417179,5.2,26.0941,-97.3094,20100715,2.0
GHCND:USC00417179,5.2,26.0941,-97.3094,20101015,5.2
GHCND:USC00418022,841.2,30.13861,-102.39194,20100115,8.2
GHCND:USC00418022,841.2,30.13861,-102.39194,20100415,7.4
GHCND:USC00418022,841.2,30.13861,-102.39194,20100715,4.0
GHCND:USC00418022,841.2,30.1385,-102.3919,20101015,6.8
GHCND:USC00411875,526.4,31.8211,-99.42,20100115,9.7
GHCND:USC00411875,526.4,31.8211,-99.42,20100415,7.6
GHCND:USC00411875,526.4,31.8211,-99.42,20100715,3.5
GHCND:USC00411875,526.4,31.8211,-99.42,20101015,7.1
GHCND:USC00414903,108.8,29.9172,-96.8752,20100115,9.7
GHCND:USC00414903,108.8,29.9172,-96.8752,20100415,6.6
GHCND:USC00414903,108.8,29.9172,-96.8752,20100715,3.0
GHCND:USC00414903,108.8,29.9172,-96.8752,20101015,7.1
GHCND:USC00419361,30.8,28.86083,-97.01806,20100115,8.3
GHCND:USC00419361,30.8,28.86083,-97.01806,20100415,6.1
GHCND:USC00419361,30.8,28.86083,-97.01806,20100715,2.6
GHCND:USC00419361,30.8,28.86083,-97.01806,20101015,5.8
GHCND:USC00417184,2.7,26.5577,-97.4263,20100115,9.1
GHCND:USC00417184,2.7,26.5577,-97.4263,20100415,5.5
GHCND:USC00417184,2.7,26.5577,-97.4263,20100715,2.2
GHCND:USC00417184,2.7,26.5577,-97.4263,20101015,5.9
GHCND:USC00042467,1809.6,39.3239,-120.2331,20100115,6.8
GHCND:USC00042467,1809.6,39.3239,-120.2331,20100415,6.8
GHCND:USC00042467,1809.6,39.3239,-120.2331,20100715,5.2
GHCND:USC00042467,1809.6,39.3239,-120.2331,20101015,5.9
GHCND:USC00046826,6.1,38.2577,-122.6077,20100115,4.5
GHCND:USC00046826,6.1,38.2577,-122.6077,20100415,4.8
GHCND:USC00046826,6.1,38.2577,-122.6077,20100715,3.9
GHCND:USC00046826,6.1,38.2577,-122.6077,20101015,4.4
GHCND:USC00254900,1168,41.1488,-102.6361,20100115,10.7
GHCND:USC00254900,1168,41.1488,-102.6361,20100415,9.2
GHCND:USC00254900,1168,41.1488,-102.6361,20100715,5.6
GHCND:USC00254900,1168,41.1488,-102.6361,20101015,8.6
GHCND:USC00417186,1.5,28.43417,-96.42778,20100115,8.2
GHCND:USC00417186,1.5,28.43417,-96.42778,20100415,5.0
GHCND:USC00417186,1.5,28.43417,-96.42778,20100715,2.5
GHCND:USC00417186,1.5,28.4342,-96.4277,20101015,5.0
GHCND:USW00094745,111.9,41.0624,-73.7046,20100115,10.0
GHCND:USW00094745,111.9,41.0624,-73.7046,20100415,7.3
GHCND:USW00094745,111.9,41.0624,-73.7046,20100715,4.9
GHCND:USW00094745,111.9,41.0624,-73.7046,20101015,6.9
GHCND:USC00419367,31.7,28.84389,-96.92139,20100115,9.0
GHCND:USC00419367,31.7,28.84389,-96.92139,20100415,5.6
GHCND:USC00419367,31.7,28.84389,-96.92139,20100715,3.1
GHCND:USC00419367,31.7,28.84389,-96.92139,20101015,6.0
GHCND:USC00254903,1184.5,41.2663,-102.6585,20100115,11.0
GHCND:USC00254903,1184.5,41.2663,-102.6585,20100415,8.6
GHCND:USC00254903,1184.5,41.2663,-102.6585,20100715,5.3
GHCND:USC00254903,1184.5,41.2663,-102.6585,20101015,9.0
GHCND:USC00410518,140.5,32.26306,-96.63694,20100115,9.6
GHCND:USC00410518,140.5,32.26306,-96.63694,20100415,6.9
GHCND:USC00410518,140.5,32.26306,-96.63694,20100715,3.6
GHCND:USC00410518,140.5,32.26306,-96.63694,20101015,7.3
GHCND:USW00003971,200.6,32.68083,-96.86806,20100115,9.8
GHCND:USW00003971,200.6,32.68083,-96.86806,20100415,6.9
GHCND:USW00003971,200.6,32.68083,-96.86806,20100715,3.9
GHCND:USW00003971,200.6,32.68083,-96.86806,20101015,7.1
GHCND:USC00018323,165.2,31.8075,-85.9722,20100115,9.1
GHCND:USC00018323,165.2,31.8075,-85.9722,20100415,6.8
GHCND:USC00018323,165.2,31.8075,-85.9722,20100715,3.0
GHCND:USC00018323,165.2,31.8075,-85.9722,20101015,6.9
GHCND:USC00419330,1218.6,35.2775,-102.46333,20100115,9.6
GHCND:USC00419330,1218.6,35.2775,-102.46333,20100415,8.6
GHCND:USC00419330,1218.6,35.2775,-102.46333,20100715,4.1
GHCND:USC00419330,1218.6,35.2775,-102.46333,20101015,7.5
GHCND:USC00045502,-54.9,33.5713,-116.0766,20100115,4.8
GHCND:USC00045502,-54.9,33.5713,-116.0766,20100415,5.4
GHCND:USC00045502,-54.9,33.5713,-116.0766,20100715,4.2
GHCND:USC00045502,-54.9,33.5713,-116.0766,20101015,5.1
GHCND:USW00003969,393.2,32.2313,-98.2319,20100715,3.5
GHCND:USW00003969,393.2,32.2313,-98.2319,20101015,7.4
GHCND:USW00012896,2.4,24.72583,-81.05167,20100115,6.9
GHCND:USW00012896,2.4,24.72583,-81.05167,20100415,3.4
GHCND:USW00012896,2.4,24.72583,-81.05167,20100715,2.3
GHCND:USW00012896,2.4,24.72583,-81.05167,20101015,2.9
GHCND:USW00012895,7.3,27.49806,-80.37667,20100115,8.1
GHCND:USW00012895,7.3,27.49806,-80.37667,20100415,4.8
GHCND:USW00012895,7.3,27.49806,-80.37667,20100715,1.9
GHCND:USW00012895,7.3,27.49806,-80.37667,20101015,4.0
GHCND:USW00012894,9.4,26.53611,-81.755,20100115,7.7
GHCND:USW00012894,9.4,26.53611,-81.755,20100415,4.6
GHCND:USW00012894,9.4,26.53611,-81.755,20100715,2.2
GHCND:USW00012894,9.4,26.53611,-81.755,20101015,3.8
GHCND:USC00300093,457.2,42.1004,-78.7501,20100115,11.1
GHCND:USC00300093,457.2,42.1004,-78.7501,20100415,9.2
GHCND:USC00300093,457.2,42.1004,-78.7501,20100715,5.4
GHCND:USC00300093,457.2,42.1004,-78.7501,20101015,7.6
GHCND:USC00252741,938.2,40.418,-101.5147,20100115,11.3
GHCND:USC00252741,938.2,40.418,-101.5147,20100415,9.3
GHCND:USC00252741,938.2,40.418,-101.5147,20100715,6.2
GHCND:USC00252741,938.2,40.418,-101.5147,20101015,8.5
GHCND:USC00419346,368.8,34.15167,-99.3255,20100715,4.5
GHCND:USC00419346,368.8,34.15167,-99.3255,20101015,7.8
GHCND:USC00251415,682.4,40.2847,-100.1433,20100115,11.1
GHCND:USC00251415,682.4,40.2847,-100.1433,20100415,9.3
GHCND:USC00251415,682.4,40.2847,-100.1433,20100715,5.7
GHCND:USC00251415,682.4,40.2847,-100.1433,20101015,8.6
GHCND:USC00305377,29.3,40.73278,-73.61833,20100115,9.1
GHCND:USC00305377,29.3,40.73278,-73.61833,20100415,7.0
GHCND:USC00305377,29.3,40.73278,-73.61833,20100715,5.2
GHCND:USC00305377,29.3,40.73278,-73.61833,20101015,6.6
GHCND:USC00251825,442,41.4638,-97.3277,20100115,11.9
GHCND:USC00251825,442,41.4638,-97.3277,20100415,9.6
GHCND:USC00251825,442,41.4638,-97.3277,20100715,5.8
GHCND:USC00251825,442,41.4638,-97.3277,20101015,8.8
GHCND:USC00300085,539.5,42.2613,-77.7849,20100115,11.6
GHCND:USC00300085,539.5,42.2613,-77.7849,20100415,9.4
GHCND:USW00003999,392.6,30.7397,-98.235,20100115,9.4
GHCND:USW00003999,392.6,30.7397,-98.235,20100415,6.9
GHCND:USW00003999,392.6,30.7397,-98.235,20100715,2.9
GHCND:USW00003999,392.6,30.7406,-98.2354,20101015,6.7
GHCND:USW00023129,9.4,33.8116,-118.1463,20100115,4.7
GHCND:USW00023129,9.4,33.8116,-118.1463,20100415,4.8
GHCND:USW00023129,9.4,33.8116,-118.1463,20100715,3.5
GHCND:USW00023129,9.4,33.8116,-118.1463,20101015,4.3
GHCND:USW00003991,195.7,33.20611,-97.19889,20100115,9.9
GHCND:USW00003991,195.7,33.20611,-97.19889,20100415,7.7
GHCND:USW00003991,195.7,33.20611,-97.19889,20100715,3.8
GHCND:USW00003991,195.7,33.20611,-97.19889,20101015,7.5
GHCND:USC00086078,1.5,26.16861,-81.71583,20100115,7.5
GHCND:USC00086078,1.5,26.16861,-81.71583,20100415,4.3
GHCND:USC00086078,1.5,26.16861,-81.71583,20100715,1.7
GHCND:USC00086078,1.5,26.16861,-81.71583,20101015,3.8
GHCND:USC00016129,195.1,32.6592,-85.4492,20100115,9.6
GHCND:USC00016129,195.1,32.6592,-85.4492,20100415,7.2
GHCND:USC00016129,195.1,32.6592,-85.4492,20100715,3.0
GHCND:USC00016129,195.1,32.6592,-85.4492,20101015,7.1
GHCND:USC00042012,61,36.0975,-119.5817,20100115,5.5
GHCND:USC00042012,61,36.0975,-119.5817,20100415,6.1
GHCND:USC00042012,61,36.0975,-119.5817,20100715,4.8
GHCND:USC00042012,61,36.0975,-119.5817,20101015,5.4
GHCND:USW00023130,234.7,34.20972,-118.48917,20100115,5.9
GHCND:USW00023130,234.7,34.20972,-118.48917,20100415,5.9
GHCND:USW00023130,234.7,34.20972,-118.48917,20100715,4.6
GHCND:USW00023130,234.7,34.20972,-118.48917,20101015,5.9
GHCND:USC00410984,329.2,33.55111,-97.84722,20100115,10.1
GHCND:USC00410984,329.2,33.55111,-97.84722,20100415,8.0
GHCND:USC00410984,329.2,33.55111,-97.84722,20100715,4.1
GHCND:USC00410984,329.2,33.55111,-97.84722,20101015,7.5
GHCND:USC00256290,606.6,42.4594,-98.6563,20100115,13.2
GHCND:USC00256290,606.6,42.4594,-98.6563,20100415,10.2
GHCND:USC00256290,606.6,42.4594,-98.6563,20100715,6.6
GHCND:USC00256290,606.6,42.4594,-98.6563,20101015,9.4
GHCND:USC00016121,271.9,33.94778,-86.46917,20100115,10.3
GHCND:USC00016121,271.9,33.94778,-86.46917,20100415,8.0
GHCND:USC00016121,271.9,33.94778,-86.46917,20100715,3.4
GHCND:USC00016121,271.9,33.94778,-86.46917,20101015,7.4
GHCND:USW00023136,23.5,34.21667,-119.08333,20100115,5.9
GHCND:USW00023136,23.5,34.21667,-119.08333,20100415,4.0
GHCND:USW00023136,23.5,34.21667,-119.08333,20100715,2.7
GHCND:USW00023136,23.5,34.21667,-119.08333,20101015,4.3
GHCND:USC00258465,338.3,40.3544,-96.1938,20100115,12.0
GHCND:USC00258465,338.3,40.3544,-96.1938,20100415,10.0
GHCND:USC00258465,338.3,40.3544,-96.1938,20100715,6.0
GHCND:USC00258465,338.3,40.3544,-96.1938,20101015,9.2
GHCND:USC00417140,6.1,28.6575,-96.55528,20100115,8.5
GHCND:USC00417140,6.1,28.6575,-96.55528,20100415,5.3
GHCND:USC00417140,6.1,28.6575,-96.55528,20100715,2.7
GHCND:USC00417140,6.1,28.6575,-96.55528,20101015,6.1
GHCND:USC00045532,46.6,37.28583,-120.51167,20100115,5.2
GHCND:USC00045532,46.6,37.28583,-120.51167,20100415,5.8
GHCND:USC00045532,46.6,37.28583,-120.51167,20100715,5.0
GHCND:USC00045532,46.6,37.28583,-120.51167,20101015,5.3
GHCND:USW00094704,197.8,42.5675,-77.7143,20100115,10.9
GHCND:USW00094704,208.8,42.57083,-77.71333,20100415,9.2
GHCND:USW00094704,208.8,42.57083,-77.71333,20100715,5.3
GHCND:USW00094704,208.8,42.57083,-77.71333,20101015,7.8
GHCND:USC00300063,185,42.4697,-73.9267,20100115,11.2
GHCND:USC00300063,185,42.4697,-73.9267,20100415,8.3
GHCND:USC00300063,185,42.4697,-73.9267,20100715,5.2
GHCND:USC00300063,185,42.4697,-73.9267,20101015,7.0
GHCND:USW00094740,506.9,44.38528,-74.20667,20100115,13.4
GHCND:USW00094740,506.9,44.38528,-74.20667,20100415,8.2
GHCND:USW00094740,506.9,44.38528,-74.20667,20100715,5.4
GHCND:USW00094740,506.9,44.38528,-74.20667,20101015,7.6
GHCND:USC00411800,238.7,32.3138,-97.4063,20100115,9.7
GHCND:USC00411800,238.7,32.3138,-97.4063,20100415,7.2
GHCND:USC00411800,238.7,32.3138,-97.4063,20100715,3.1
GHCND:USC00411800,238.7,32.3138,-97.4063,20101015,7.2
GHCND:USC00258480,338.3,41.7861,-96.2263,20100115,12.4
GHCND:USC00258480,338.3,41.7861,-96.2263,20100415,10.0
GHCND:USC00258480,338.3,41.7861,-96.2263,20100715,5.5
GHCND:USC00258480,338.3,41.7861,-96.2263,20101015,8.9
GHCND:USC00410958,934.8,35.63639,-101.45417,20100115,10.0
GHCND:USC00410958,934.8,35.63639,-101.45417,20100415,8.7
GHCND:USC00410958,934.8,35.63639,-101.45417,20100715,4.9
GHCND:USC00410958,934.8,35.63639,-101.45417,20101015,7.8
GHCND:USC00089566,12.8,30.11917,-85.20417,20100115,9.1
GHCND:USC00089566,12.8,30.11917,-85.20417,20100415,6.0
GHCND:USC00089566,12.8,30.11917,-85.20417,20100715,2.6
GHCND:USC00089566,12.8,30.11917,-85.20417,20101015,6.3
GHCND:USC00414081,128,32.1822,-94.7966,20100115,10.1
GHCND:USC00414081,128,32.1822,-94.7966,20100415,7.4
GHCND:USC00414081,128,32.1822,-94.7966,20100715,3.5
GHCND:USC00414081,128,32.1822,-94.7966,20101015,7.5
GHCND:USC00418446,80.2,30.33667,-96.54028,20100115,9.4
GHCND:USC00418446,80.2,30.33667,-96.54028,20100415,6.9
GHCND:USC00418446,80.2,30.33667,-96.54028,20100715,3.2
GHCND:USC00418446,80.2,30.33667,-96.54028,20101015,7.4
GHCND:USC00044211,1639.8,33.7572,-116.7066,20100115,6.6
GHCND:USC00044211,1639.8,33.7572,-116.7066,20100415,7.4
GHCND:USC00044211,1639.8,33.7572,-116.7066,20100715,5.1
GHCND:USC00044211,1639.8,33.7572,-116.7066,20101015,6.6
GHCND:USC00300055,134.1,43.2722,-78.1666,20100115,10.6
GHCND:USC00300055,134.1,43.2722,-78.1666,20100415,9.0
GHCND:USC00300055,134.1,43.2722,-78.1666,20100715,5.6
GHCND:USC00300055,134.1,43.2722,-78.1666,20101015,7.6
GHCND:USC00417111,130.8,28.9605,-98.4772,20100115,8.8
GHCND:USC00417111,130.8,28.9605,-98.4772,20100415,6.8
GHCND:USC00417111,130.8,28.9605,-98.4772,20100715,3.0
GHCND:USC00417111,130.8,28.9605,-98.4772,20101015,6.9
GHCND:USC00250525,652.3,41.8277,-98.5494,20100115,12.9
GHCND:USC00250525,652.3,41.8277,-98.5494,20100415,9.9
GHCND:USC00250525,652.3,41.8277,-98.5494,20100715,6.3
GHCND:USC00250525,652.3,41.8277,-98.5494,20101015,8.9
GHCND:USW00023110,70.7,36.33333,-119.95,20100115,5.3
GHCND:USW00023110,70.7,36.33333,-119.95,20100415,6.4
GHCND:USW00023110,70.7,36.33333,-119.95,20100715,4.9
GHCND:USW00023110,70.7,36.33333,-119.95,20101015,5.8
GHCND:USC00082944,4,30.65889,-81.46361,20100115,8.5
GHCND:USC00082944,4,30.65889,-81.46361,20100415,5.7
GHCND:USC00418449,651.7,30.583,-100.6502,20100115,8.4
GHCND:USC00418449,651.7,30.583,-100.6502,20100415,7.5
GHCND:USC00418449,651.7,30.583,-100.6502,20100715,3.6
GHCND:USC00418449,651.7,30.583,-100.6502,20101015,6.8
GHCND:USC00411810,59.7,30.36361,-95.08389,20100115,9.7
GHCND:USC00411810,59.7,30.36361,-95.08389,20100415,6.8
GHCND:USC00411810,59.7,30.36361,-95.08389,20100715,2.8
GHCND:USC00411810,59.7,30.36361,-95.08389,20101015,7.2
GHCND:USW00094728,42.7,40.77898,-73.96925,20100115,9.9
GHCND:USW00094728,42.7,40.77898,-73.96925,20100415,7.7
GHCND:USW00094728,42.7,40.77898,-73.96925,20100715,5.1
GHCND:USW00094728,42.7,40.77898,-73.96925,20101015,6.8
GHCND:USC00087397,6.1,26.91463,-81.99682,20100115,7.7
GHCND:USC00087397,6.1,26.91463,-81.99682,20100415,4.3
GHCND:USC00087397,6.1,26.91463,-81.99682,20100715,1.9
GHCND:USC00087397,6.1,26.91463,-81.99682,20101015,3.9
GHCND:USC00086065,6.1,27.24167,-82.31611,20100115,8.0
GHCND:USC00086065,6.1,27.24167,-82.31611,20100415,4.8
GHCND:USC00086065,6.1,27.24167,-82.31611,20100715,2.0
GHCND:USC00086065,6.1,27.24167,-82.31611,20101015,4.4
GHCND:USC00416276,208.8,29.7191,-98.1188,20100115,9.3
GHCND:USC00416276,208.8,29.7191,-98.1188,20100415,7.1
GHCND:USC00416276,208.8,29.7191,-98.1188,20100715,2.8
GHCND:USC00416276,208.8,29.7191,-98.1188,20101015,7.3
GHCND:USC00414098,1164.3,34.81722,-102.40028,20100115,9.5
GHCND:USC00414098,1164.3,34.81722,-102.40028,20100415,8.7
GHCND:USC00414098,1164.3,34.81722,-102.40028,20100715,4.1
GHCND:USC00414098,1164.3,34.81722,-102.40028,20101015,7.7
GHCND:USW00094725,65.2,44.93583,-74.84583,20100115,13.7
GHCND:USW00094725,65.2,44.93583,-74.84583,20100415,8.2
GHCND:USW00094725,65.2,44.93583,-74.84583,20100715,5.5
GHCND:USW00094725,65.2,44.93583,-74.84583,20101015,7.6
GHCND:USC00044223,-19.5,32.8488,-115.5666,20100115,4.7
GHCND:USC00044223,-19.5,32.8488,-115.5666,20100415,5.8
GHCND:USC00044223,-19.5,32.8488,-115.5666,20100715,3.5
GHCND:USC00044223,-19.5,32.8488,-115.5666,20101015,5.4
GHCND:USC00418415,103.6,30.0155,-97.1538,20100115,9.5
GHCND:USC00418415,103.6,30.0155,-97.1538,20100415,7.4
GHCND:USC00418415,103.6,30.0155,-97.1538,20100715,3.1
GHCND:USC00418415,103.6,30.0155,-97.1538,20101015,7.7
GHCND:USC00049490,599.8,40.7222,-122.933,20100115,4.4
GHCND:USC00049490,599.8,40.7222,-122.933,20100415,6.9
GHCND:USC00049490,599.8,40.7222,-122.933,20100715,5.8
GHCND:USC00049490,599.8,40.7222,-122.933,20101015,5.8
GHCND:USW00023161,584.3,34.85361,-116.78583,20100115,5.6
GHCND:USW00023161,584.3,34.8536,-116.7858,20100415,7.1
GHCND:USW00023161,584.3,34.8536,-116.7858,20100715,4.7
GHCND:USW00023161,584.3,34.8536,-116.7858,20101015,6.3
GHCND:USC00250130,1217.4,42.11028,-102.89667,20100115,11.6
GHCND:USC00250130,1217.4,42.11028,-102.89667,20100415,9.3
GHCND:USC00250130,1217.4,42.11028,-102.89667,20100715,5.8
GHCND:USC00250130,1217.4,42.11028,-102.89667,20101015,8.9
GHCND:USW00024017,1011.3,42.8375,-103.09528,20100115,12.9
GHCND:USW00024017,1011.3,42.8375,-103.09528,20100415,9.9
GHCND:USW00024017,1011.3,42.8375,-103.09528,20100715,6.3
GHCND:USW00024017,1011.3,42.8375,-103.09528,20101015,9.4
GHCND:USC00040673,128,37.08556,-122.07972,20100115,4.5
GHCND:USC00040673,128,37.08556,-122.07972,20100415,5.2
GHCND:USC00040673,128,37.08556,-122.07972,20100715,4.1
GHCND:USC00040673,128,37.08556,-122.07972,20101015,4.7
GHCND:USC00087760,2.1,25.38667,-80.59361,20100115,7.1
GHCND:USC00087760,2.1,25.38667,-80.59361,20100415,3.9
GHCND:USC00087760,2.1,25.38667,-80.59361,20100715,2.3
GHCND:USC00087760,2.1,25.38667,-80.59361,20101015,3.2
GHCND:USW00053820,78.6,31.41556,-87.04417,20100115,9.7
GHCND:USW00053820,78.6,31.41556,-87.04417,20100415,6.7
GHCND:USW00053820,78.6,31.41556,-87.04417,20100715,2.6
GHCND:USW00053820,78.6,31.41556,-87.04417,20101015,6.7
GHCND:USW00024023,846.7,41.1213,-100.6694,20100115,11.2
GHCND:USW00024023,846.7,41.1213,-100.6694,20100415,9.0
GHCND:USW00024023,846.7,41.1213,-100.6694,20100715,5.7
GHCND:USW00024023,846.7,41.1213,-100.6694,20101015,8.5
GHCND:USW00023174,29.6,33.93806,-118.38889,20100115,4.7
GHCND:USW00023174,29.6,33.938,-118.3888,20100415,4.1
GHCND:USW00023174,29.6,33.938,-118.3888,20100715,2.8
GHCND:USW00023174,29.6,33.938,-118.3888,20101015,4.1
GHCND:USW00024020,928.1,40.5232,-101.0345,20100115,11.8
GHCND:USW00024020,928.1,40.5232,-101.0345,20100415,9.5
GHCND:USW00024020,928.1,40.5232,-101.0345,20100715,5.9
GHCND:USW00024020,928.1,40.5232,-101.0345,20101015,9.2
GHCND:USW00023179,271.3,34.7675,-114.61889,20100115,5.3
GHCND:USW00023179,271.3,34.7675,-114.6188,20100415,6.8
GHCND:USW00023179,271.3,34.7675,-114.6188,20100715,4.6
GHCND:USW00023179,271.3,34.7675,-114.6188,20101015,6.0
GHCND:USW00024028,1202.4,41.8705,-103.593,20100115,11.5
GHCND:USW00024028,1202.4,41.8705,-103.593,20100415,8.9
GHCND:USW00024028,1202.4,41.8705,-103.593,20100715,5.5
GHCND:USW00024028,1202.4,41.8705,-103.593,20101015,8.5
GHCND:USC00042863,182.9,33.12111,-117.08833,20101015,4.5
GHCND:USC00043710,1165.9,36.1388,-117.9527,20100115,6.4
GHCND:USC00043710,1165.9,36.1388,-117.9527,20100415,7.1
GHCND:USC00043710,1165.9,36.1388,-117.9527,20100715,5.1
GHCND:USC00043710,1165.9,36.1388,-117.9527,20101015,6.3
GHCND:USC00043714,8.2,37.4725,-122.44333,20100115,4.4
GHCND:USC00043714,8.2,37.4725,-122.44333,20100415,3.6
GHCND:USC00043714,8.2,37.4725,-122.44333,20100715,2.5
GHCND:USC00043714,8.2,37.4725,-122.44333,20101015,4.0
GHCND:USC00418433,706.8,32.71,-100.91111,20100115,9.3
GHCND:USC00418433,706.8,32.71,-100.91111,20100415,8.5
GHCND:USC00418433,706.8,32.71,-100.91111,20100715,4.0
GHCND:USC00418433,706.8,32.71,-100.91111,20101015,7.3
GHCND:USC00254985,627.3,41.2808,-98.968,20100115,12.5
GHCND:USC00254985,627.3,41.2808,-98.968,20100415,9.9
GHCND:USC00254985,627.3,41.2808,-98.968,20100715,5.9
GHCND:USC00254985,627.3,41.2808,-98.968,20101015,8.8
GHCND:USC00307134,30.5,40.96194,-72.71583,20100115,9.1
GHCND:USC00307134,30.5,40.96194,-72.71583,20100415,6.6
GHCND:USC00307134,30.5,40.96194,-72.71583,20100715,4.5
GHCND:USC00307134,30.5,40.96194,-72.71583,20101015,6.2
GHCND:USC00300023,304.5,42.1013,-77.2344,20100115,10.7
GHCND:USC00300023,304.5,42.1013,-77.2344,20100415,8.6
GHCND:USC00300023,304.5,42.1013,-77.2344,20100715,5.2
GHCND:USC00300023,304.5,42.1013,-77.2344,20101015,7.5
GHCND:USC00253660,591.3,40.6475,-98.3833,20100115,12.1
GHCND:USC00253660,591.3,40.6475,-98.3833,20100415,9.6
GHCND:USC00253660,591.3,40.6473,-98.3834,20100715,5.7
GHCND:USC00253660,591.3,40.6473,-98.3834,20101015,8.8
GHCND:USC00040212,522.7,38.573,-122.4405,20100115,5.7
GHCND:USC00040212,522.7,38.573,-122.4405,20100415,7.1
GHCND:USC00040212,522.7,38.573,-122.4405,20100715,6.3
GHCND:USC00040212,522.7,38.573,-122.4405,20101015,6.8
GHCND:USC00049026,567.2,40.7263,-122.7947,20100115,4.1
GHCND:USC00049026,567.2,40.7263,-122.7947,20100415,6.9
GHCND:USC00049026,567.2,40.7263,-122.7947,20100715,5.5
GHCND:USC00049026,567.2,40.7263,-122.7947,20101015,5.6
GHCND:USC00040693,94.5,37.87444,-122.25889,20100115,4.1
GHCND:USC00040693,94.5,37.87444,-122.25889,20100415,5.0
GHCND:USC00040693,94.5,37.87444,-122.25889,20100715,3.6
GHCND:USC00040693,94.5,37.87444,-122.25889,20101015,4.6
GHCND:USC00086414,22.9,29.16361,-82.07778,20100115,8.9
GHCND:USC00086414,22.9,29.16361,-82.07778,20100415,5.6
GHCND:USC00086414,22.9,29.16361,-82.07778,20100715,2.1
GHCND:USC00086414,22.9,29.16361,-82.07778,20101015,5.3
GHCND:USC00049043,1774.9,39.333,-120.173,20100115,7.3
GHCND:USC00049043,1774.9,39.333,-120.173,20100415,7.3
GHCND:USC00049043,1774.9,39.333,-120.173,20100715,5.2
GHCND:USC00049043,1774.9,39.333,-120.173,20101015,6.5
GHCND:USW00023152,225.9,34.20056,-118.3575,20100115,5.2
GHCND:USW00023152,225.9,34.20056,-118.3575,20100415,6.0
GHCND:USW00023152,225.9,34.20056,-118.3575,20100715,4.3
GHCND:USW00023152,225.9,34.20056,-118.3575,20101015,5.2
GHCND:USW00023155,149,35.43444,-119.05417,20100115,5.7
GHCND:USW00023155,149,35.43444,-119.05417,20100415,6.7
GHCND:USW00023155,149,35.4344,-119.0542,20100715,5.5
GHCND:USW00023155,149,35.4344,-119.0542,20101015,5.9
GHCND:USW00093042,1216.2,36.0167,-102.55,20100115,9.2
GHCND:USW00093042,1216.2,36.0167,-102.55,20100415,8.1
GHCND:USW00093042,1216.2,36.0167,-102.55,20100715,4.1
GHCND:USW00093042,1216.2,36.0167,-102.55,20101015,7.6
GHCND:USW00023157,1250.3,37.37111,-118.35806,20100115,6.2
GHCND:USW00023157,1250.3,37.3711,-118.358,20100415,6.6
GHCND:USW00023157,1250.3,37.3711,-118.358,20100715,4.4
GHCND:USW00023157,1250.3,37.3711,-118.358,20101015,5.7
GHCND:USW00023156,792.5,33.92528,-116.96694,20100115,6.4
GHCND:USW00023156,792.5,33.92528,-116.96694,20100415,6.7
GHCND:USW00023156,792.5,33.92528,-116.96694,20100715,4.9
GHCND:USW00023156,792.5,33.92528,-116.96694,20101015,6.1
GHCND:USW00023158,120.4,33.6186,-114.7142,20100115,5.0
GHCND:USW00023158,120.4,33.6186,-114.7142,20100415,6.4
GHCND:USW00023158,120.4,33.6186,-114.7142,20100715,4.2
GHCND:USW00023158,120.4,33.6186,-114.7142,20101015,5.6
GHCND:USC00042402,826,39.87167,-121.61083,20100115,5.8
GHCND:USC00042402,826,39.87167,-121.61083,20100415,7.2
GHCND:USC00042402,826,39.87167,-121.61083,20100715,5.5
GHCND:USC00042402,826,39.87167,-121.61083,20101015,7.2
GHCND:USC00045915,661.4,37.87917,-121.93028,20100115,6.5
GHCND:USC00045915,661.4,37.87917,-121.93028,20100415,7.8
GHCND:USC00045915,661.4,37.87917,-121.93028,20100715,8.0
GHCND:USC00045915,661.4,37.87917,-121.93028,20101015,7.9
GHCND:USC00049035,516.6,35.7636,-117.3908,20100115,6.3
GHCND:USC00049035,516.6,35.7636,-117.3908,20100415,7.6
GHCND:USC00049035,516.6,35.7636,-117.3908,20100715,5.1
GHCND:USC00049035,516.6,35.7636,-117.3908,20101015,6.0
GHCND:USC00414058,176.8,27.3194,-98.6775,20100115,9.6
GHCND:USC00414058,176.8,27.3194,-98.6775,20100415,7.1
GHCND:USC00414058,176.8,27.3194,-98.6775,20100715,2.9
GHCND:USC00414058,176.8,27.3194,-98.6775,20101015,6.4
GHCND:USW00053852,180.4,34.6525,-86.94528,20100115,10.5
GHCND:USW00053852,180.4,34.6525,-86.94528,20100415,7.9
GHCND:USW00053852,180.4,34.6525,-86.94528,20100715,3.4
GHCND:USW00053852,180.4,34.6525,-86.94528,20101015,7.6
GHCND:USW00053853,6.7,30.4,-86.47167,20100115,8.5
GHCND:USW00053853,6.7,30.4,-86.47167,20100415,4.9
GHCND:USW00053853,6.7,30.4,-86.47167,20100715,2.4
GHCND:USW00053853,6.7,30.4,-86.47167,20101015,5.3
GHCND:USC00049053,1229.9,41.96,-121.4744,20100115,7.9
GHCND:USC00049053,1229.9,41.96,-121.4744,20100415,6.9
GHCND:USC00049053,1229.9,41.96,-121.4744,20100715,5.4
GHCND:USC00049053,1229.9,41.96,-121.4744,20101015,6.2
GHCND:USC00010425,166.1,32.5992,-85.4653,20100115,9.5
GHCND:USC00010425,166.1,32.5992,-85.4653,20100415,6.3
GHCND:USC00010425,166.1,32.5992,-85.4653,20100715,2.8
GHCND:USC00010425,166.1,32.5992,-85.4653,20101015,6.3
GHCND:USC00043747,72.2,36.3158,-119.637,20100115,5.4
GHCND:USC00043747,72.2,36.3158,-119.637,20100415,6.5
GHCND:USC00043747,72.2,36.3158,-119.637,20100715,4.7
GHCND:USC00043747,72.2,36.3158,-119.637,20101015,5.5
GHCND:USC00417533,13.7,28.32944,-97.29472,20100115,9.0
GHCND:USC00417533,13.7,28.32944,-97.29472,20100415,6.2
GHCND:USC00417533,13.7,28.32944,-97.29472,20100715,2.4
GHCND:USC00417533,13.7,28.32944,-97.29472,20101015,6.2
GHCND:USC00416680,5.5,30.2263,-93.7394,20100115,9.2
GHCND:USC00416680,5.5,30.2263,-93.7394,20100415,6.6
GHCND:USC00416680,5.5,30.2263,-93.7394,20100715,2.4
GHCND:USC00416680,5.5,30.2263,-93.7394,20101015,6.8
GHCND:USC00419711,735.2,33.45611,-101.0925,20100115,8.9
GHCND:USC00419711,735.2,33.45611,-101.0925,20100415,8.3
GHCND:USC00419711,735.2,33.45611,-101.0925,20100715,4.3
GHCND:USC00419711,735.2,33.45611,-101.0925,20101015,7.5
GHCND:USC00253605,1386.8,41.633,-103.9541,20100115,11.8
GHCND:USC00253605,1386.8,41.633,-103.9541,20100415,9.6
GHCND:USC00253605,1386.8,41.633,-103.9541,20100715,5.9
GHCND:USC00253605,1386.8,41.633,-103.9541,20101015,9.3
GHCND:USC00417530,16.5,28.2939,-97.3297,20100115,9.0
GHCND:USC00417530,16.5,28.2939,-97.3297,20100415,6.1
GHCND:USC00417530,16.5,28.2939,-97.3297,20100715,2.4
GHCND:USC00417530,16.5,28.2939,-97.3297,20101015,6.1
GHCND:USC00040232,18.3,37.98556,-121.74583,20100115,4.8
GHCND:USC00040232,18.3,37.98556,-121.74583,20100415,5.5
GHCND:USC00040232,18.3,37.98556,-121.74583,20100715,5.0
GHCND:USC00040232,18.3,37.98556,-121.74583,20101015,5.0
GHCND:USW00003104,-36,33.62667,-116.15944,20100115,5.3
GHCND:USW00003104,-36,33.62667,-116.15944,20100415,6.0
GHCND:USW00003104,-36,33.62667,-116.15944,20100715,4.4
GHCND:USW00003104,-36,33.62667,-116.15944,20101015,5.1
GHCND:USW00094790,96.9,43.98867,-76.02623,20100115,14.3
GHCND:USW00094790,96.9,43.98867,-76.02623,20100415,8.4
GHCND:USW00094790,96.9,43.98867,-76.02623,20100715,5.4
GHCND:USW00094790,96.9,43.98867,-76.02623,20101015,8.0
GHCND:USC00018380,51.5,33.2119,-87.6161,20100115,9.7
GHCND:USC00018380,51.5,33.2119,-87.6161,20100415,7.1
GHCND:USC00018380,51.5,33.2119,-87.6161,20100715,3.1
GHCND:USC00018380,51.5,33.2119,-87.6161,20101015,7.3
GHCND:USC00419715,175,31.86111,-97.375,20100115,9.8
GHCND:USC00419715,175,31.86111,-97.375,20100415,7.4
GHCND:USC00419715,175,31.86111,-97.375,20100715,3.3
GHCND:USC00419715,175,31.86111,-97.375,20101015,7.2
GHCND:USC00410902,440.1,29.7977,-98.7347,20100115,9.3
GHCND:USC00410902,440.1,29.7977,-98.7347,20100415,7.1
GHCND:USC00410902,440.1,29.7977,-98.7347,20100715,2.9
GHCND:USC00410902,440.1,29.7977,-98.7347,20101015,7.3
GHCND:USW00003102,289.3,34.05611,-117.60028,20100115,5.7
GHCND:USW00003102,289.3,34.05611,-117.60028,20100415,6.0
GHCND:USW00003102,289.3,34.05611,-117.60028,20100715,4.4
GHCND:USW00003102,289.3,34.05611,-117.60028,20101015,6.0
GHCND:USC00045933,1282,37.34361,-121.6425,20100115,8.5
GHCND:USC00045933,1282,37.34361,-121.6425,20100415,9.6
GHCND:USC00045933,1282,37.34361,-121.6425,20100715,7.3
GHCND:USC00045933,1282,37.34361,-121.6425,20101015,9.3
GHCND:USC00086485,5.5,27.15083,-80.86528,20100115,8.4
GHCND:USC00086485,5.5,27.15083,-80.86528,20100415,5.1
GHCND:USC00086485,5.5,27.15083,-80.86528,20100715,2.6
GHCND:USC00086485,5.5,27.15083,-80.86528,20101015,4.4
GHCND:USC00416210,138.4,31.96111,-96.68806,20100115,9.9
GHCND:USC00416210,138.4,31.96111,-96.68806,20100415,7.4
GHCND:USC00416210,138.4,31.96111,-96.68806,20100715,3.3
GHCND:USC00416210,138.4,31.96111,-96.68806,20101015,7.6
GHCND:USC00413183,143.3,29.6339,-97.0646,20100115,9.9
GHCND:USC00413183,143.3,29.6339,-97.0646,20100415,6.6
GHCND:USC00413183,143.3,29.6339,-97.0646,20100715,2.9
GHCND:USC00413183,143.3,29.6339,-97.0646,20101015,6.9
GHCND:USC00253615,1478.3,42.6858,-103.8841,20100115,11.7
GHCND:USC00253615,1478.3,42.6858,-103.8841,20100415,9.8
GHCND:USC00253615,1478.3,42.6858,-103.8841,20100715,6.3
GHCND:USC00253615,1478.3,42.6858,-103.8841,20101015,9.6
GHCND:USW00094789,3.4,40.63861,-73.76222,20100115,9.1
GHCND:USW00094789,3.4,40.63861,-73.76222,20100415,6.2
GHCND:USW00094789,3.4,40.63861,-73.76222,20100715,4.7
GHCND:USW00094789,3.4,40.63861,-73.76222,20101015,6.2
GHCND:USW00024032,789.4,42.87833,-100.55,20100115,13.0
GHCND:USW00024032,789.4,42.87833,-100.55,20100415,9.9
GHCND:USW00024032,789.4,42.87833,-100.55,20100715,6.7
GHCND:USW00024032,789.4,42.8783,-100.55,20101015,9.3
GHCND:USW00023188,4.6,32.73361,-117.18306,20100115,4.0
GHCND:USW00023188,4.6,32.73361,-117.18306,20100415,3.7
GHCND:USW00023188,4.6,32.73361,-117.18306,20100715,3.3
GHCND:USW00023188,4.6,32.73361,-117.18306,20101015,3.3
GHCND:USW00023187,1374.6,34.74361,-118.72417,20100115,7.3
GHCND:USW00023187,1374.6,34.74361,-118.72417,20100415,9.2
GHCND:USW00023187,1374.6,34.74361,-118.72417,20100715,6.1
GHCND:USW00023187,1374.6,34.74361,-118.72417,20101015,8.9
GHCND:USW00024030,1313.4,41.10139,-102.98472,20100115,11.1
GHCND:USW00024030,1313.4,41.10139,-102.98472,20100415,8.8
GHCND:USW00024030,1313.4,41.10139,-102.98472,20100715,5.1
GHCND:USW00024030,1313.4,41.10139,-102.98472,20101015,9.0
GHCND:USW00023182,769.2,34.62944,-118.08361,20100115,5.7
GHCND:USW00023182,769.2,34.62944,-118.08361,20100415,6.9
GHCND:USW00023182,769.2,34.62944,-118.08361,20100715,4.6
GHCND:USW00023182,769.2,34.62944,-118.08361,20101015,5.8
GHCND:USC00049073,35.1,37.5005,-120.855,20100115,4.9
GHCND:USC00049073,35.1,37.5005,-120.855,20100415,5.8
GHCND:USC00049073,35.1,37.5005,-120.855,20100715,5.3
GHCND:USC00049073,35.1,37.5005,-120.855,20101015,4.8
GHCND:USC00010402,91.4,31.18194,-87.43889,20100115,9.7
GHCND:USC00010402,91.4,31.182,-87.439,20100415,6.6
GHCND:USC00010402,91.4,31.182,-87.439,20100715,2.8
GHCND:USC00010402,91.4,31.182,-87.439,20101015,7.0
GHCND:USW00003131,127.1,32.81583,-117.13944,20100115,4.9
GHCND:USW00003131,127.1,32.81583,-117.13944,20100415,4.6
GHCND:USW00003131,127.1,32.81583,-117.13944,20100715,4.0
GHCND:USW00003131,127.1,32.81583,-117.13944,20101015,4.4
GHCND:USC00252770,640.1,41.8036,-98.8244,20100115,12.8
GHCND:USC00252770,640.1,41.8036,-98.8244,20100415,9.8
GHCND:USC00252770,640.1,41.8036,-98.8244,20100715,6.0
GHCND:USC00252770,640.1,41.8036,-98.8244,20101015,9.1
GHCND:USC00417994,405.4,31.28417,-98.75889,20100115,9.1
GHCND:USC00417994,405.4,31.28417,-98.75889,20100415,7.3
GHCND:USC00417994,405.4,31.28417,-98.75889,20100715,3.5
GHCND:USC00417994,405.4,31.28417,-98.75889,20101015,6.9
GHCND:USC00301787,349.6,42.1341,-77.0691,20100115,11.0
GHCND:USC00301787,349.6,42.1341,-77.0691,20100415,8.3
GHCND:USC00301787,349.6,42.1341,-77.0691,20100715,5.3
GHCND:USC00301787,349.6,42.1341,-77.0691,20101015,7.3
GHCND:USC00011725,173.4,31.87083,-85.45,20100115,9.4
GHCND:USC00011725,173.4,31.87083,-85.45,20100415,7.1
GHCND:USC00011725,173.4,31.87083,-85.45,20100715,2.9
GHCND:USC00011725,173.4,31.87083,-85.45,20101015,6.8
GHCND:USW00024044,1196,42.05722,-102.8,20100115,11.3
GHCND:USW00024044,1196,42.05722,-102.8,20100415,8.9
GHCND:USW00024044,1196,42.05722,-102.8,20100715,5.4
GHCND:USW00024044,1196,42.05722,-102.8,20101015,8.7
GHCND:USC00258090,760.8,42.8222,-99.7466,20100115,13.4
GHCND:USC00258090,760.8,42.8222,-99.7466,20100415,10.3
GHCND:USC00258090,760.8,42.8222,-99.7466,20100715,6.7
GHCND:USC00258090,760.8,42.8222,-99.7466,20101015,9.6
GHCND:USC00304912,262.1,43.7975,-75.48167,20100115,13.7
GHCND:USC00304912,262.1,43.7975,-75.48167,20100415,8.9
GHCND:USC00304912,262.1,43.7929,-75.4829,20100715,5.7
GHCND:USC00304912,262.1,43.7929,-75.4829,20101015,7.9
GHCND:USW00003122,33.5,33.8016,-118.3411,20100115,4.5
GHCND:USW00003122,27.4,33.8016,-118.3411,20100415,4.6
GHCND:USW00003122,27.4,33.8016,-118.3411,20100715,3.4
GHCND:USW00003122,27.4,33.8016,-118.3411,20101015,4.2
GHCND:USC00017025,228.6,33.15806,-85.29111,20100115,8.8
GHCND:USC00017025,228.6,33.15806,-85.29111,20100415,7.0
GHCND:USC00017025,228.6,33.15806,-85.29111,20100715,2.9
GHCND:USC00017025,228.6,33.15806,-85.29111,20101015,7.0
GHCND:USC00251450,719.9,40.6944,-99.7008,20100115,12.1
GHCND:USC00251450,719.9,40.6944,-99.7008,20100415,9.5
GHCND:USC00251450,719.9,40.6944,-99.7008,20100715,5.5
GHCND:USC00251450,719.9,40.6944,-99.7008,20101015,8.8
GHCND:USC00300448,341.4,42.3488,-77.3477,20100115,11.5
GHCND:USC00300448,341.4,42.3488,-77.3477,20100415,8.8
GHCND:USC00300448,341.4,42.3488,-77.3477,20100715,5.6
GHCND:USC00300448,341.4,42.3488,-77.3477,20101015,7.7
GHCND:USC00253630,417.6,42.6166,-97.2608,20100115,12.9
GHCND:USC00253630,417.6,42.6166,-97.2608,20100415,9.8
GHCND:USC00253630,417.6,42.6166,-97.2608,20100715,5.8
GHCND:USC00253630,417.6,42.6166,-97.2608,20101015,8.7
GHCND:USC00415341,100.6,32.4725,-94.7172,20100115,9.7
GHCND:USC00415341,100.6,32.4725,-94.7172,20100415,7.3
GHCND:USC00415341,100.6,32.4725,-94.7172,20100715,3.1
GHCND:USC00415341,100.6,32.4725,-94.7172,20101015,7.0
GHCND:USC00084289,12.2,28.80306,-82.3125,20100115,9.2
GHCND:USC00084289,12.2,28.8029,-82.3126,20100415,6.0
GHCND:USC00084289,12.2,28.8029,-82.3126,20100715,2.2
GHCND:USC00084289,12.2,28.8029,-82.3126,20101015,5.5
GHCND:USC00303955,243.8,42.79139,-77.51306,20100115,11.7
GHCND:USC00303955,243.8,42.79139,-77.51306,20100415,9.3
GHCND:USC00303955,243.8,42.7915,-77.5131,20100715,6.0
GHCND:USC00303955,243.8,42.7915,-77.5131,20101015,8.0
GHCND:USC00255810,321.6,40.6986,-95.8866,20100115,11.8
GHCND:USC00255810,321.6,40.6986,-95.8866,20100415,9.7
GHCND:USC00255810,321.6,40.6986,-95.8866,20100715,5.5
GHCND:USC00255810,321.6,40.6986,-95.8866,20101015,8.8
GHCND:USW00023191,488.3,33.405,-118.41583,20100115,6.9
GHCND:USW00023191,488.3,33.405,-118.41583,20100415,5.4
GHCND:USW00023191,488.3,33.405,-118.41583,20100715,6.7
GHCND:USW00023191,488.3,33.405,-118.41583,20101015,8.1
GHCND:USW00023190,2.7,34.42583,-119.8425,20100115,4.2
GHCND:USW00023190,2.7,34.42583,-119.8425,20100415,4.1
GHCND:USW00023190,2.7,34.42583,-119.8425,20100715,2.9
GHCND:USW00023190,2.7,34.42583,-119.8425,20101015,3.8
GHCND:USC00300443,278.3,43.03028,-78.16917,20100115,11.1
GHCND:USC00300443,278.3,43.0302,-78.1693,20100415,9.5
GHCND:USC00300443,278.3,43.0302,-78.1693,20100715,5.5
GHCND:USC00300443,278.3,43.0302,-78.1693,20101015,8.0
GHCND:USW00003159,712.6,34.74111,-118.21167,20100115,5.4
GHCND:USW00003159,712.6,34.7411,-118.2116,20100415,6.9
GHCND:USW00003159,712.6,34.7411,-118.2116,20100715,5.4
GHCND:USW00003159,712.6,34.7411,-118.2116,20101015,5.8
GHCND:USC00414577,62.5,32.768,-94.3561,20100115,9.5
GHCND:USC00414577,62.5,32.768,-94.3561,20100415,7.2
GHCND:USC00414577,62.5,32.768,-94.3561,20100715,3.4
GHCND:USC00414577,62.5,32.768,-94.3561,20101015,7.6
GHCND:USC00415429,121.9,29.6753,-97.6564,20100115,9.5
GHCND:USC00415429,121.9,29.6753,-97.6564,20100415,7.1
GHCND:USC00415429,121.9,29.6753,-97.6564,20100715,2.8
GHCND:USC00415429,121.9,29.6753,-97.6564,20101015,7.4
GHCND:USC00048560,3.7,37.9994,-121.3177,20100115,5.1
GHCND:USC00048560,3.7,37.9994,-121.3177,20100415,5.8
GHCND:USC00048560,3.7,37.9994,-121.3177,20100715,5.5
GHCND:USC00048560,3.7,37.9994,-121.3177,20101015,5.5
GHCND:USW00003154,22.9,33.3,-117.35,20100115,5.1
GHCND:USW00003154,22.9,33.3,-117.35,20100415,4.7
GHCND:USW00003154,22.9,33.3,-117.35,20100715,3.6
GHCND:USW00003154,22.9,33.3,-117.35,20101015,4.5
GHCND:USC00015635,189.6,34.48833,-87.29889,20100115,10.6
GHCND:USC00015635,189.6,34.48833,-87.29889,20100415,8.0
GHCND:USC00015635,189.6,34.48833,-87.29889,20100715,3.3
GHCND:USC00015635,189.6,34.48833,-87.29889,20101015,7.5
GHCND:USC00254455,1011.3,41.2097,-101.6705,20100115,10.7
GHCND:USC00254455,1011.3,41.2097,-101.6705,20100415,9.1
GHCND:USC00254455,1011.3,41.2097,-101.6705,20100715,5.6
GHCND:USC00254455,1011.3,41.2097,-101.6705,20101015,8.9
GHCND:USC00309389,36.3,43.5575,-73.4011,20100115,12.1
GHCND:USC00309389,36.3,43.5575,-73.4011,20100415,8.5
GHCND:USC00309389,36.3,43.5575,-73.4011,20100715,5.5
GHCND:USC00309389,36.3,43.5575,-73.4011,20101015,7.0
GHCND:USW00024091,996.1,40.51,-101.62,20100115,10.8
GHCND:USW00024091,996.1,40.51,-101.62,20100415,8.2
GHCND:USW00024091,996.1,40.51,-101.62,20100715,5.1
GHCND:USW00024091,996.1,40.51,-101.62,20101015,8.5
GHCND:USC00418942,118.9,33.43667,-94.07722,20100115,9.8
GHCND:USC00418942,118.9,33.43667,-94.07722,20100415,7.5
GHCND:USC00418942,118.9,33.43667,-94.07722,20100715,3.7
GHCND:USC00418942,118.9,33.43667,-94.07722,20101015,7.4
GHCND:USC00302610,288.6,42.0997,-76.8358,20100115,11.2
GHCND:USC00302610,288.6,42.0997,-76.8358,20100415,8.8
GHCND:USC00302610,288.6,42.0997,-76.8358,20100715,5.5
GHCND:USC00302610,288.6,42.0997,-76.8358,20101015,7.5
GHCND:USC00301761,167.6,42.1131,-73.5522,20100115,11.2
GHCND:USC00301761,167.6,42.1131,-73.5522,20100415,8.3
GHCND:USC00301761,167.6,42.1131,-73.5522,20100715,5.3
GHCND:USC00301761,167.6,42.1131,-73.5522,20101015,7.5
GHCND:USC00082008,12.8,29.6333,-83.1053,20100115,9.4
GHCND:USC00082008,12.8,29.6333,-83.1053,20100415,6.0
GHCND:USC00082008,12.8,29.6333,-83.1053,20100715,2.4
GHCND:USC00082008,12.8,29.6333,-83.1053,20101015,6.1
GHCND:USW00054757,647.4,42.10944,-77.99194,20100115,10.9
GHCND:USW00054757,647.4,42.10944,-77.99194,20100415,9.8
GHCND:USW00054757,647.4,42.10944,-77.99194,20100715,5.3
GHCND:USW00054757,647.4,42.10944,-77.99194,20101015,8.5
GHCND:USC00413257,704.1,30.8275,-100.11028,20100115,9.1
GHCND:USC00413257,704.1,30.8275,-100.11028,20100415,7.4
GHCND:USC00413257,704.1,30.8275,-100.11028,20100715,4.0
GHCND:USC00413257,704.1,30.8275,-100.11028,20101015,7.1
GHCND:USW00003144,-17.7,32.83417,-115.57861,20100115,4.9
GHCND:USW00003144,-17.7,32.83417,-115.57861,20100415,5.2
GHCND:USW00003144,-17.7,32.83417,-115.57861,20100715,3.5
GHCND:USW00003144,-17.7,32.83417,-115.57861,20101015,5.5
GHCND:USC00086842,1.5,30.24917,-85.66056,20100115,9.2
GHCND:USC00086842,1.5,30.24917,-85.66056,20100415,5.8
GHCND:USC00086842,1.5,30.24917,-85.66056,20100715,2.7
GHCND:USC00086842,1.5,30.24917,-85.66056,20101015,6.3
GHCND:USC00413262,1480.7,30.60333,-103.88611,20100115,7.5
GHCND:USC00413262,1480.7,30.60333,-103.88611,20100415,6.5
GHCND:USC00413262,1482.5,30.59944,-103.88694,20100715,3.8
GHCND:USC00413262,1482.5,30.59944,-103.88694,20101015,5.7
GHCND:USC00419800,158.5,32.70167,-96.015,20100115,10.0
GHCND:USC00419800,158.5,32.70167,-96.015,20100415,7.2
GHCND:USC00419800,158.5,32.70167,-96.015,20100715,3.2
GHCND:USC00419800,158.5,32.70167,-96.015,20101015,7.3
GHCND:USC00417622,52.4,26.3769,-98.8116,20100115,9.3
GHCND:USC00417622,52.4,26.3769,-98.8116,20100415,7.0
GHCND:USC00417622,52.4,26.3769,-98.8116,20100715,3.2
GHCND:USC00417622,52.4,26.3769,-98.8116,20101015,6.7
GHCND:USC00084662,4.9,26.74583,-81.42639,20100115,8.7
GHCND:USC00084662,4.9,26.74583,-81.42639,20100415,5.0
GHCND:USC00084662,4.9,26.74583,-81.42639,20100715,2.1
GHCND:USC00084662,4.9,26.74583,-81.42639,20101015,4.0
GHCND:USC00301752,383.1,42.7166,-74.9266,20100115,11.8
GHCND:USC00301752,383.1,42.7166,-74.9266,20100415,8.5
GHCND:USC00301752,383.1,42.7166,-74.9266,20100715,5.1
GHCND:USC00301752,383.1,42.7166,-74.9266,20101015,7.4
GHCND:USC00413266,1190.2,31.18528,-105.74139,20100115,6.3
GHCND:USC00413266,1190.2,31.18528,-105.74139,20100415,6.4
GHCND:USC00413266,1190.2,31.18528,-105.74139,20100715,3.4
GHCND:USC00413266,1190.2,31.18528,-105.74139,20101015,5.6
GHCND:USC00413225,844.3,36.43278,-100.13694,20100115,10.7
GHCND:USC00413225,844.3,36.43278,-100.13694,20100415,9.3
GHCND:USC00413225,844.3,36.43278,-100.13694,20100715,5.3
GHCND:USC00413225,844.3,36.43278,-100.13694,20101015,8.3
GHCND:USC00411048,95.4,30.15917,-96.39722,20100115,10.0
GHCND:USC00411048,95.4,30.15917,-96.39722,20100415,6.8
GHCND:USC00411048,95.4,30.15917,-96.39722,20100715,3.0
GHCND:USC00411048,95.4,30.1591,-96.3972,20101015,7.0
GHCND:USC00041948,15.2,39.1875,-122.0269,20100115,4.5
GHCND:USC00041948,15.2,39.1875,-122.0269,20100415,6.0
GHCND:USC00041948,15.2,39.1875,-122.0269,20100715,5.2
GHCND:USC00041948,15.2,39.1875,-122.0269,20101015,5.2
GHCND:USW00003177,100,33.12806,-117.27944,20100115,5.0
GHCND:USW00003177,100,33.12806,-117.27944,20100415,3.5
GHCND:USW00003177,100,33.12806,-117.27944,20100715,3.1
GHCND:USW00003177,100,33.12806,-117.27944,20101015,4.0
GHCND:USW00003179,198.1,33.97528,-117.63611,20100115,5.3
GHCND:USW00003179,198.1,33.97528,-117.63611,20100415,5.2
GHCND:USW00003179,198.1,33.97528,-117.63611,20100715,4.3
GHCND:USW00003179,198.1,33.97528,-117.63611,20101015,5.0
GHCND:USW00003178,157,32.57222,-116.97944,20100115,5.2
GHCND:USW00003178,157,32.57222,-116.97944,20100415,4.5
GHCND:USW00003178,157,32.57222,-116.97944,20100715,3.4
GHCND:USW00003178,157,32.57222,-116.97944,20101015,4.5
GHCND:USW00003171,245.2,33.95194,-117.43861,20100115,5.9
GHCND:USW00003171,245.2,33.95194,-117.43861,20100415,5.6
GHCND:USW00003171,245.2,33.95194,-117.43861,20100715,4.3
GHCND:USW00003171,245.2,33.95194,-117.43861,20101015,5.6
GHCND:USC00415891,846.1,32.01861,-102.02583,20100115,8.3
GHCND:USC00415891,846.1,32.01861,-102.02583,20100415,7.4
GHCND:USC00415891,846.1,32.01861,-102.02583,20100715,3.7
GHCND:USC00415891,846.1,32.0185,-102.0257,20101015,6.6
GHCND:USC00045064,29,34.6538,-120.4513,20100115,4.7
GHCND:USC00045064,29,34.65361,-120.45111,20100415,4.7
GHCND:USC00045064,29,34.65361,-120.45111,20100715,3.1
GHCND:USC00045064,29,34.65361,-120.45111,20101015,4.4
GHCND:USW00054773,144.8,43.34972,-76.38472,20100115,11.1
GHCND:USW00054773,144.8,43.34972,-76.38472,20100415,8.4
GHCND:USW00054773,144.8,43.34972,-76.38472,20100715,5.1
GHCND:USW00054773,144.8,43.34972,-76.38472,20101015,7.1
GHCND:USC00416742,558.4,33.80833,-100.29806,20100115,10.3
GHCND:USC00416742,558.4,33.80833,-100.29806,20100415,8.7
GHCND:USC00416742,558.4,33.80833,-100.29806,20100715,4.5
GHCND:USC00416742,558.4,33.80833,-100.29806,20101015,7.9
GHCND:USC00416740,579.1,34.00667,-100.29889,20100115,10.2
GHCND:USC00416740,579.1,34.00667,-100.29889,20100415,8.8
GHCND:USC00416740,579.1,34.00667,-100.29889,20100715,4.4
GHCND:USC00416740,579.1,34.00667,-100.29889,20101015,7.7
GHCND:USC00046399,227.1,34.4477,-119.2275,20100115,5.0
GHCND:USC00046399,227.1,34.4477,-119.2275,20100415,5.6
GHCND:USC00046399,227.1,34.4477,-119.2275,20100715,4.7
GHCND:USC00046399,227.1,34.4477,-119.2275,20101015,5.3
GHCND:USW00054778,275.2,42.6425,-77.05639,20100115,10.6
GHCND:USW00054778,275.2,42.6425,-77.05639,20100415,8.6
GHCND:USW00054778,275.2,42.6425,-77.05639,20100715,5.4
GHCND:USW00054778,275.2,42.6425,-77.05639,20101015,7.6
GHCND:USC00415415,106.7,31.42861,-94.89972,20100115,9.9
GHCND:USC00415415,106.7,31.42861,-94.89972,20100415,7.5
GHCND:USC00415415,106.7,31.42861,-94.89972,20100715,3.1
GHCND:USC00415415,106.7,31.42861,-94.89972,20101015,7.3
GHCND:USC00418926,1122.3,29.47444,-103.40611,20100115,8.5
GHCND:USC00418926,1122.3,29.47444,-103.40611,20100415,7.0
GHCND:USC00418926,1122.3,29.47444,-103.40611,20100715,3.9
GHCND:USC00418926,1122.3,29.47444,-103.40611,20101015,6.3
GHCND:USC00416747,496.8,31.52056,-99.92639,20100115,9.5
GHCND:USC00416747,496.8,31.52056,-99.92639,20100415,7.8
GHCND:USC00416747,496.8,31.52056,-99.92639,20100715,3.9
GHCND:USC00416747,496.8,31.52056,-99.92639,20101015,7.1
GHCND:USC00042805,391.7,33.6692,-117.3319,20100115,5.1
GHCND:USC00042805,391.7,33.6692,-117.3319,20100415,6.0
GHCND:USC00042805,391.7,33.6692,-117.3319,20100715,4.7
GHCND:USC00042805,391.7,33.6692,-117.3319,20101015,5.1
GHCND:USW00003164,801.6,32.616667,-116.466667,20100115,5.8
GHCND:USW00003164,801.6,32.616667,-116.466667,20100415,5.6
GHCND:USW00003164,801.6,32.616667,-116.466667,20100715,5.3
GHCND:USW00003164,801.6,32.616667,-116.466667,20101015,5.7
GHCND:USW00003166,29.3,33.87194,-117.97889,20100115,5.0
GHCND:USW00003166,29.3,33.87194,-117.97889,20100415,4.8
GHCND:USW00003166,29.3,33.87194,-117.97889,20100715,3.7
GHCND:USW00003166,29.3,33.87194,-117.97889,20101015,4.5
GHCND:USW00003167,19.2,33.92278,-118.33417,20100115,5.0
GHCND:USW00003167,19.2,33.92278,-118.33417,20100415,4.3
GHCND:USW00003167,19.2,33.92278,-118.33417,20100715,3.4
GHCND:USW00003167,19.2,33.92278,-118.33417,20101015,4.8
GHCND:USC00300889,18.3,40.946111,-72.306944,20100115,9.1
GHCND:USC00300889,18.3,40.946111,-72.306944,20100415,5.8
GHCND:USC00300889,18.3,40.946111,-72.306944,20100715,4.8
GHCND:USC00300889,18.3,40.946111,-72.306944,20101015,6.5
GHCND:USW00054780,2.1,41.07306,-71.92333,20100115,8.4
GHCND:USW00054780,2.1,41.07306,-71.92333,20100415,5.3
GHCND:USW00054780,2.1,41.07306,-71.92333,20100715,4.2
GHCND:USW00054780,2.1,41.07306,-71.92333,20101015,5.6
GHCND:USC00414570,612.6,33.25444,-100.5725,20100115,9.7
GHCND:USC00414570,612.6,33.25444,-100.5725,20100415,8.8
GHCND:USC00414570,612.6,33.25444,-100.5725,20100715,4.6
GHCND:USC00414570,612.6,33.25444,-100.5725,20101015,7.8
GHCND:USC00048587,243.8,39.58583,-122.53389,20100115,4.8
GHCND:USC00048587,243.8,39.58583,-122.53389,20100415,6.3
GHCND:USC00048587,243.8,39.58583,-122.53389,20100715,5.6
GHCND:USC00048587,243.8,39.58583,-122.53389,20101015,6.1
GHCND:USC00085973,38.1,27.93472,-81.59278,20100115,8.6
GHCND:USC00085973,38.1,27.93472,-81.59278,20100415,5.1
GHCND:USC00085973,38.1,27.93472,-81.59278,20100715,2.4
GHCND:USC00085973,38.1,27.9378,-81.5993,20101015,4.6
GHCND:USC00047253,1088.1,35.3692,-117.6525,20100115,6.1
GHCND:USC00047253,1088.1,35.3692,-117.6525,20100415,7.8
GHCND:USC00047253,1088.1,35.3692,-117.6525,20100715,4.8
GHCND:USC00047253,1088.1,35.3692,-117.6525,20101015,6.9
GHCND:USC00411063,234.4,33.20639,-97.77611,20100115,9.7
GHCND:USC00411063,234.4,33.20639,-97.77611,20100415,7.8
GHCND:USC00411063,234.4,33.20639,-97.77611,20100715,3.8
GHCND:USC00411063,234.4,33.20639,-97.77611,20101015,7.5
GHCND:USW00054787,24.7,40.73417,-73.41694,20100115,9.0
GHCND:USW00054787,24.7,40.73417,-73.41694,20100415,6.8
GHCND:USW00054787,24.7,40.73417,-73.41694,20100715,4.6
GHCND:USW00054787,24.7,40.73417,-73.41694,20101015,6.4
GHCND:USC00412354,1149.1,31.87694,-105.23722,20100115,6.9
GHCND:USC00412354,1149.1,31.87694,-105.23722,20100415,7.0
GHCND:USC00412354,1149.1,31.87694,-105.23722,20100715,3.7
GHCND:USC00412354,1149.1,31.87694,-105.23722,20101015,6.1
GHCND:USC00413201,121.9,29.1333,-98.1629,20100115,9.2
GHCND:USC00413201,121.9,29.1333,-98.1629,20100415,7.0
GHCND:USC00413201,121.9,29.1333,-98.1629,20100715,2.9
GHCND:USC00413201,121.9,29.1333,-98.1629,20101015,7.3
GHCND:USC00413686,169.2,30.7188,-97.3211,20100115,9.6
GHCND:USC00413686,169.2,30.7188,-97.3211,20100415,6.9
GHCND:USC00413686,169.2,30.7188,-97.3211,20100715,3.1
GHCND:USC00413686,169.2,30.7188,-97.3211,20101015,7.2
GHCND:USC00049452,105.2,35.59444,-119.35361,20100115,5.5
GHCND:USC00049452,105.2,35.59444,-119.35361,20100415,6.5
GHCND:USC00049452,105.2,35.59444,-119.35361,20100715,4.9
GHCND:USC00049452,105.2,35.59444,-119.35361,20101015,5.5
GHCND:USW00012904,10.4,26.22806,-97.65417,20100115,9.0
GHCND:USW00012904,10.4,26.22806,-97.65417,20100415,6.4
GHCND:USW00012904,10.4,26.22806,-97.65417,20100715,2.4
GHCND:USW00012904,10.4,26.22806,-97.65417,20101015,5.3
GHCND:USC00415869,161.5,31.70028,-96.51417,20100115,9.4
GHCND:USC00415869,161.5,31.70028,-96.51417,20100415,6.5
GHCND:USC00415869,161.5,31.70028,-96.51417,20100715,3.0
GHCND:USC00041967,12.2,37.98333,-122.06917,20100115,4.5
GHCND:USC00041967,12.2,37.98333,-122.06917,20100415,5.0
GHCND:USC00041967,12.2,37.98333,-122.06917,20100715,4.5
GHCND:USC00041967,12.2,37.98333,-122.06917,20101015,4.6
GHCND:USC00250050,765,42.5522,-99.8555,20100115,13.2
GHCND:USC00250050,765,42.5522,-99.8555,20100415,10.0
GHCND:USC00250050,765,42.5522,-99.8555,20100715,6.1
GHCND:USC00250050,765,42.5522,-99.8555,20101015,9.3
GHCND:USC00010390,210,34.77528,-86.95083,20100115,10.5
GHCND:USC00010390,210,34.77528,-86.95083,20100415,8.0
GHCND:USC00010390,210,34.77528,-86.95083,20100715,3.5
GHCND:USC00010390,210,34.77528,-86.95083,20101015,7.2
GHCND:USC00413691,178.3,32.9506,-97.0553,20100115,10.0
GHCND:USC00413691,178.3,32.9506,-97.0553,20100415,7.5
GHCND:USC00413691,178.3,32.9506,-97.0553,20100715,4.0
GHCND:USC00413691,178.3,32.9506,-97.0553,20101015,7.6
GHCND:USC00084210,10.7,26.42167,-81.41,20100115,7.9
GHCND:USC00084210,10.7,26.46222,-81.44056,20100415,4.6
GHCND:USC00084210,10.7,26.46222,-81.44056,20100715,1.8
GHCND:USC00084210,10.7,26.46222,-81.44056,20101015,3.8
GHCND:USW00053860,12.5,30.33611,-81.51472,20100115,9.1
GHCND:USW00053860,12.5,30.33611,-81.51472,20100415,6.0
GHCND:USW00053860,12.5,30.33611,-81.51472,20100715,2.7
GHCND:USW00053860,12.5,30.33611,-81.51472,20101015,5.5
GHCND:USW00053862,13.7,30.07194,-83.57361,20100115,9.7
GHCND:USW00053862,13.7,30.07194,-83.57361,20100415,6.0
GHCND:USW00053862,13.7,30.07194,-83.57361,20100715,2.3
GHCND:USW00053862,13.7,30.07194,-83.57361,20101015,6.4
GHCND:USC00411033,1268,35.62,-103.00722,20100115,9.7
GHCND:USC00411033,1268,35.62,-103.00722,20100415,8.2
GHCND:USC00411033,1268,35.62,-103.00722,20100715,4.0
GHCND:USC00411033,1268,35.62,-103.00722,20101015,7.7
GHCND:USC00412361,329.2,29.4228,-100.9108,20100115,7.8
GHCND:USC00412361,329.2,29.4228,-100.9108,20100415,6.9
GHCND:USC00412361,329.2,29.4228,-100.9108,20100715,3.9
GHCND:USC00412361,329.2,29.4228,-100.9108,20101015,6.0
GHCND:USW00053864,172.2,33.17833,-86.78167,20100115,10.1
GHCND:USW00053864,172.2,33.17833,-86.78167,20100415,7.2
GHCND:USW00053864,172.2,33.17833,-86.78167,20100715,3.1
GHCND:USW00053864,172.2,33.17833,-86.78167,20101015,6.9
GHCND:USC00413214,981.5,33.98694,-101.33611,20100115,9.5
GHCND:USC00413214,981.5,33.98694,-101.33611,20100415,8.7
GHCND:USC00413214,981.5,33.98694,-101.33611,20100715,4.4
GHCND:USC00413214,981.5,33.9849,-101.3338,20101015,7.6
GHCND:USW00012919,7.3,25.9141,-97.423,20100115,9.0
GHCND:USW00012919,7.3,25.9141,-97.423,20100415,5.9
GHCND:USW00012919,7.3,25.9141,-97.423,20100715,2.0
GHCND:USW00012919,7.3,25.9141,-97.423,20101015,5.4
GHCND:USW00012918,13.4,29.63806,-95.28194,20100115,9.2
GHCND:USW00012918,13.4,29.63806,-95.28194,20100415,5.8
GHCND:USW00012918,13.4,29.63806,-95.28194,20100715,2.3
GHCND:USW00012918,13.4,29.63806,-95.28194,20101015,6.4
GHCND:USW00012917,4.9,29.95056,-94.02056,20100115,9.1
GHCND:USW00012917,4.9,29.95056,-94.02056,20100415,6.0
GHCND:USW00012917,4.9,29.95056,-94.02056,20100715,2.1
GHCND:USW00012917,4.9,29.95056,-94.02056,20101015,6.7
GHCND:USW00012912,35.1,28.8614,-96.9303,20100115,9.2
GHCND:USW00012912,35.1,28.8614,-96.9303,20100415,6.1
GHCND:USW00012912,35.1,28.8614,-96.9303,20100715,2.4
GHCND:USW00012912,35.1,28.8614,-96.9303,20101015,6.4
GHCND:USC00086880,18.3,27.6089,-82.3478,20100115,8.2
GHCND:USC00086880,18.3,27.6089,-82.3478,20100415,5.3
GHCND:USC00086880,18.3,27.6089,-82.3478,20100715,1.9
GHCND:USC00086880,18.3,27.6089,-82.3478,20101015,4.6
GHCND:USW00012921,240.5,29.5443,-98.4839,20100115,9.0
GHCND:USW00012921,240.5,29.5443,-98.4839,20100415,6.7
GHCND:USW00012921,240.5,29.5443,-98.4839,20100715,3.0
GHCND:USW00012921,240.5,29.5443,-98.4839,20101015,6.9
GHCND:USC00411042,356.6,32.75,-98.90167,20100115,10.2
GHCND:USC00411042,356.6,32.75,-98.90167,20100415,8.3
GHCND:USC00411042,356.6,32.75,-98.90167,20100715,4.1
GHCND:USC00411042,356.6,32.75,-98.9016,20101015,7.7
GHCND:USC00086406,2.4,25.85806,-81.03194,20100115,7.3
GHCND:USC00086406,2.4,25.86028,-81.03306,20100415,4.3
GHCND:USC00086406,2.4,25.86028,-81.03306,20100715,2.0
GHCND:USC00086406,2.4,25.86028,-81.03306,20101015,3.5
GHCND:USC00411486,186.8,28.4897,-99.8739,20100115,8.5
GHCND:USC00411486,186.8,28.4897,-99.8739,20100415,7.1
GHCND:USC00411486,186.8,28.4897,-99.8739,20100715,3.2
GHCND:USC00411486,186.8,28.4897,-99.8739,20101015,7.0
GHCND:USC00049473,29,36.93083,-121.76917,20100115,4.5
GHCND:USC00049473,29,36.93083,-121.76917,20100415,4.9
GHCND:USC00049473,29,36.93083,-121.76917,20100715,3.6
GHCND:USC00049473,29,36.93083,-121.76917,20101015,4.8
GHCND:USC00414517,329.8,33.22056,-98.15611,20100115,10.3
GHCND:USC00414517,329.8,33.22056,-98.15611,20100415,8.0
GHCND:USC00414517,329.8,33.22056,-98.15611,20100715,4.2
GHCND:USC00414517,329.8,33.22056,-98.15611,20101015,8.0
GHCND:USC00010369,311.5,33.29417,-85.77889,20100115,9.8
GHCND:USC00010369,311.5,33.29417,-85.77889,20100415,7.2
GHCND:USC00010369,311.5,33.29417,-85.77889,20100715,3.3
GHCND:USC00010369,311.5,33.29417,-85.77889,20101015,7.0
GHCND:USC00411007,341.4,29.31667,-100.41444,20100115,8.7
GHCND:USC00411007,341.4,29.31667,-100.41444,20100415,6.4
GHCND:USC00411007,341.4,29.31667,-100.41444,20100715,4.0
GHCND:USC00411007,341.4,29.31667,-100.41444,20101015,6.4
GHCND:USC00413668,328.6,33.12028,-98.56694,20100115,9.9
GHCND:USC00413668,328.6,33.12028,-98.56694,20100415,8.3
GHCND:USC00413668,328.6,33.12028,-98.56694,20100715,4.3
GHCND:USC00413668,328.6,33.12028,-98.56694,20101015,7.9
GHCND:USC00011694,185.9,32.82,-86.6522,20100115,10.0
GHCND:USC00011694,185.9,32.82,-86.6522,20100415,7.3
GHCND:USC00011694,185.9,32.82,-86.6522,20100715,3.0
GHCND:USC00011694,185.9,32.82,-86.6522,20101015,7.1
GHCND:USC00301708,246.3,43.3203,-73.9256,20100115,11.0
GHCND:USC00301708,246.3,43.3203,-73.9256,20100415,7.4
GHCND:USC00301708,246.3,43.3203,-73.9256,20100715,4.8
GHCND:USC00301708,246.3,43.3203,-73.9256,20101015,6.6
GHCND:USC00254432,926.6,42.9502,-100.945,20100115,12.3
GHCND:USC00254432,926.6,42.9502,-100.945,20100415,9.3
GHCND:USC00254432,926.6,42.9502,-100.945,20100715,5.9
GHCND:USC00254432,926.6,42.9502,-100.945,20101015,9.3
GHCND:USC00048135,327.7,40.7141,-122.4161,20100115,5.3
GHCND:USC00048135,327.7,40.7141,-122.4161,20100415,7.8
GHCND:USC00048135,327.7,40.7141,-122.4161,20100715,5.9
GHCND:USC00048135,327.7,40.7141,-122.4161,20101015,7.0
GHCND:USC00411492,564.2,29.7909,-100.6742,20100115,8.0
GHCND:USC00411492,564.2,29.7909,-100.6742,20100415,7.7
GHCND:USC00411492,564.2,29.7909,-100.6742,20100715,3.4
GHCND:USC00411492,564.2,29.7909,-100.6742,20101015,6.9
GHCND:USC00305840,158.2,43.10139,-78.95,20100115,10.2
GHCND:USC00305840,158.2,43.10139,-78.95,20100415,7.7
GHCND:USC00305840,158.2,43.10139,-78.95,20100715,5.2
GHCND:USC00305840,158.2,43.10139,-78.95,20101015,7.1
GHCND:USC00411013,536.4,29.61,-100.47444,20100115,8.0
GHCND:USC00411013,536.4,29.61,-100.47444,20100415,6.7
GHCND:USC00411013,536.4,29.61,-100.47444,20100715,3.4
GHCND:USC00411013,536.4,29.6101,-100.452,20101015,6.2
GHCND:USC00304996,268.2,44.842,-74.3081,20100115,13.8
GHCND:USC00304996,268.2,44.842,-74.3081,20100415,9.0
GHCND:USC00304996,268.2,44.842,-74.3081,20100715,5.7
GHCND:USC00304996,268.2,44.842,-74.3081,20101015,8.4
GHCND:USC00049001,18.6,37.7967,-121.5828,20100115,5.0
GHCND:USC00049001,18.6,37.7967,-121.5828,20100415,5.7
GHCND:USC00049001,18.6,37.7967,-121.5828,20100715,5.7
GHCND:USC00049001,18.6,37.7967,-121.5828,20101015,4.7
GHCND:USC00085539,19.8,30.10639,-83.18194,20100115,9.9
GHCND:USC00085539,19.8,30.10639,-83.18194,20100415,6.5
GHCND:USC00085539,19.8,30.10639,-83.18194,20100715,2.5
GHCND:USC00085539,19.8,30.10639,-83.18194,20101015,6.7
GHCND:USC00411017,521.2,31.14444,-99.34917,20100115,9.9
GHCND:USC00411017,521.2,31.14444,-99.34917,20100415,7.6
GHCND:USC00411017,521.2,31.14444,-99.34917,20100715,3.5
GHCND:USC00411017,521.2,31.1444,-99.3491,20101015,7.1
GHCND:USC00414525,170.7,31.9622,-95.2736,20100115,9.5
GHCND:USC00414525,170.7,31.9622,-95.2736,20100415,6.7
GHCND:USC00414525,170.7,31.9622,-95.2736,20100715,3.1
GHCND:USC00414525,170.7,31.9622,-95.2736,20101015,6.9
GHCND:USC00254440,1435,41.2452,-103.6344,20100115,11.3
GHCND:USC00254440,1435,41.2452,-103.6344,20100415,9.4
GHCND:USC00254440,1435,41.2452,-103.6344,20100715,5.5
GHCND:USC00254440,1435,41.2452,-103.6344,20101015,9.0
GHCND:USC00253595,609.6,40.0892,-99.2133,20100115,11.6
GHCND:USC00253595,609.6,40.0892,-99.2133,20100415,9.3
GHCND:USC00253595,609.6,40.0892,-99.2133,20100715,5.9
GHCND:USC00253595,609.6,40.0892,-99.2133,20101015,8.9
GHCND:USC00413680,739.1,31.30278,-102.82194,20100115,8.4
GHCND:USC00413680,739.1,31.30278,-102.82194,20100415,8.0
GHCND:USC00413680,739.1,31.30278,-102.82194,20100715,3.9
GHCND:USC00413680,739.1,31.30278,-102.82194,20101015,7.0
GHCND:USC00412352,103.9,33.4797,-94.6175,20100715,3.6
GHCND:USC00412352,103.9,33.4797,-94.6175,20101015,7.2
GHCND:USC00410174,1356.4,30.37639,-103.66,20100115,8.2
GHCND:USC00410174,1356.4,30.37639,-103.66,20100415,7.4
GHCND:USC00410174,1356.4,30.37639,-103.66,20100715,3.8
GHCND:USC00410174,1356.4,30.37639,-103.66,20101015,6.2
GHCND:USC00415822,612.6,30.91444,-99.79583,20100115,9.3
GHCND:USC00415822,612.6,30.91444,-99.79583,20100415,7.9
GHCND:USC00415822,612.6,30.91444,-99.79583,20100715,3.6
GHCND:USC00415822,612.6,30.9144,-99.7958,20101015,7.3
GHCND:USC00415821,637,34.72611,-100.53722,20100115,9.6
GHCND:USC00415821,637,34.72611,-100.53722,20100415,8.5
GHCND:USC00415821,637,34.72611,-100.53722,20100715,4.5
GHCND:USC00415821,637,34.72611,-100.53722,20101015,7.8
GHCND:USW00012947,145.1,28.45667,-99.21833,20100115,8.5
GHCND:USW00012947,145.1,28.45667,-99.21833,20100415,7.1
GHCND:USW00012947,145.1,28.45667,-99.21833,20100715,3.2
GHCND:USW00012947,145.1,28.45667,-99.21833,20101015,6.2
GHCND:USC00414976,126.2,32.8241,-95.5275,20100115,9.6
GHCND:USC00414976,126.2,32.8241,-95.5275,20100415,7.3
GHCND:USC00414976,126.2,32.8241,-95.5275,20100715,3.5
GHCND:USC00414976,126.2,32.8241,-95.5275,20101015,7.3
GHCND:USC00045449,999.7,41.2514,-122.1383,20100115,5.7
GHCND:USC00045449,999.7,41.2514,-122.1383,20100415,7.4
GHCND:USC00045449,999.7,41.2514,-122.1383,20100715,6.0
GHCND:USC00045449,999.7,41.2514,-122.1383,20101015,6.7
GHCND:USC00255388,727.6,40.3761,-100.2227,20100115,11.4
GHCND:USC00255388,727.6,40.3761,-100.2227,20100415,9.6
GHCND:USC00255388,727.6,40.3761,-100.2227,20100715,5.8
GHCND:USC00255388,727.6,40.3761,-100.2227,20101015,8.8
GHCND:USC00043261,125,36.9969,-119.7072,20100115,5.8
GHCND:USC00043261,125,36.9969,-119.7072,20100415,6.6
GHCND:USC00043261,125,36.9969,-119.7072,20100715,5.4
GHCND:USC00043261,125,36.9969,-119.7072,20101015,6.3
GHCND:USC00414982,355.7,33.75417,-99.14417,20100115,9.9
GHCND:USC00414982,355.7,33.75417,-99.14417,20100415,8.2
GHCND:USC00414982,355.7,33.75417,-99.14417,20100715,4.6
GHCND:USC00414982,355.7,33.75417,-99.14417,20101015,7.8
GHCND:USC00414980,136.6,32.85222,-95.88639,20100115,10.2
GHCND:USC00414980,136.6,32.85222,-95.88639,20100415,7.2
GHCND:USC00414980,136.6,32.85222,-95.88639,20100715,3.6
GHCND:USC00414980,136.6,32.85222,-95.88639,20101015,7.0
GHCND:USC00046773,929.6,34.5025,-117.8952,20100115,5.9
GHCND:USC00046773,929.6,34.50278,-117.89444,20100415,7.5
GHCND:USC00046773,929.6,34.50278,-117.89444,20100715,4.9
GHCND:USC00046773,929.6,34.50278,-117.89444,20101015,6.7
GHCND:USC00081544,39.6,30.78361,-85.48472,20100115,9.3
GHCND:USC00081544,39.6,30.78361,-85.48472,20100415,6.5
GHCND:USC00081544,39.6,30.78361,-85.48472,20100715,2.7
GHCND:USC00081544,39.6,30.78361,-85.48472,20101015,6.8
GHCND:USC00080228,7.6,27.21785,-81.8742,20100115,8.4
GHCND:USC00080228,7.6,27.21785,-81.8742,20100415,5.2
GHCND:USC00080228,7.6,27.21785,-81.8742,20100715,2.0
GHCND:USC00080228,7.6,27.21785,-81.8742,20101015,4.4
GHCND:USW00012959,30.5,26.18389,-98.25389,20100115,9.3
GHCND:USW00012959,30.5,26.18389,-98.25389,20100415,6.3
GHCND:USW00012959,30.5,26.18389,-98.25389,20100715,2.7
GHCND:USW00012959,30.5,26.18389,-98.25389,20101015,5.9
GHCND:USW00012957,5.8,26.16583,-97.34583,20100115,8.2
GHCND:USW00012957,5.8,26.16583,-97.34583,20100415,5.4
GHCND:USW00012957,5.8,26.16583,-97.34583,20100715,2.2
GHCND:USW00012957,5.8,26.16583,-97.34583,20101015,5.3
GHCND:USW00012962,280.4,29.36028,-99.17444,20100115,8.6
GHCND:USW00012962,280.4,29.36028,-99.17444,20100415,6.7
GHCND:USW00012962,280.4,29.36028,-99.17444,20100715,2.9
GHCND:USW00012962,280.4,29.3601,-99.1742,20101015,6.8
GHCND:USC00411000,972.6,35.53028,-102.25639,20100115,9.0
GHCND:USC00411000,972.6,35.53028,-102.25639,20100415,8.3
GHCND:USC00411000,972.6,35.53028,-102.25639,20100715,4.2
GHCND:USC00411000,972.6,35.53028,-102.25639,20101015,7.4
GHCND:USW00012960,29,29.98,-95.36,20100115,9.5
GHCND:USW00012960,29,29.98,-95.36,20100415,6.6
GHCND:USW00012960,29,29.98,-95.36,20100715,2.7
GHCND:USW00012960,29,29.98,-95.36,20101015,7.0
GHCND:USC00413622,115.8,29.5174,-97.4596,20100115,9.5
GHCND:USC00413622,115.8,29.5174,-97.4596,20100415,6.9
GHCND:USC00413622,115.8,29.5174,-97.4596,20100715,2.9
GHCND:USC00413622,115.8,29.5174,-97.4596,20101015,7.2
GHCND:USW00012928,17.1,27.5,-97.81667,20100115,9.6
GHCND:USW00012928,17.1,27.5,-97.81667,20100415,6.4
GHCND:USW00012928,17.1,27.5,-97.81667,20100715,2.6
GHCND:USW00012928,17.1,27.5,-97.81667,20101015,6.3
GHCND:USC00414950,732.4,29.26944,-103.7575,20100115,6.6
GHCND:USC00414950,732.4,29.26944,-103.7575,20100415,6.0
GHCND:USC00414950,732.4,29.26944,-103.7575,20100715,4.0
GHCND:USC00414950,732.4,29.26944,-103.7575,20101015,5.5
GHCND:USW00012926,5.5,27.68333,-97.28333,20100115,8.3
GHCND:USW00012926,5.5,27.68333,-97.28333,20100415,5.0
GHCND:USW00012926,5.5,27.68333,-97.28333,20100715,2.0
GHCND:USW00012926,5.5,27.68333,-97.28333,20101015,5.6
GHCND:USW00012925,20.1,28.36667,-97.66667,20100115,8.9
GHCND:USW00012925,20.1,28.36667,-97.66667,20100415,6.2
GHCND:USW00012925,20.1,28.36667,-97.66667,20100715,2.7
GHCND:USW00012925,20.1,28.36667,-97.66667,20101015,6.4
GHCND:USC00308906,115.8,41.55139,-74.16278,20100115,11.0
GHCND:USC00308906,115.8,41.55139,-74.16278,20100415,8.1
GHCND:USC00308906,115.8,41.55139,-74.16278,20100715,5.3
GHCND:USC00308906,115.8,41.55139,-74.16278,20101015,7.3
GHCND:USW00012924,13.4,27.7742,-97.5122,20100115,9.2
GHCND:USW00012924,13.4,27.7742,-97.5122,20100415,6.0
GHCND:USW00012924,13.4,27.7742,-97.5122,20100715,2.1
GHCND:USW00012924,13.4,27.7742,-97.5122,20101015,6.1
GHCND:USW00012923,1.5,29.2733,-94.8592,20100115,7.8
GHCND:USW00012923,1.5,29.2733,-94.8592,20100415,4.9
GHCND:USW00012923,1.5,29.2733,-94.8592,20100715,2.1
GHCND:USW00012923,1.5,29.2733,-94.8592,20101015,5.7
GHCND:USC00257110,780.6,40.3575,-100.6608,20100115,11.3
GHCND:USC00257110,780.6,40.3575,-100.6608,20100415,9.0
GHCND:USC00257110,780.6,40.3575,-100.6608,20100715,5.6
GHCND:USC00257110,780.6,40.3575,-100.6608,20101015,8.5
GHCND:USW00012932,52.7,27.74111,-98.02472,20100115,8.9
GHCND:USW00012932,52.7,27.74111,-98.02472,20100415,6.6
GHCND:USW00012932,52.7,27.74111,-98.02472,20100715,3.3
GHCND:USW00012932,52.7,27.74111,-98.02472,20101015,5.8
GHCND:USC00049822,1828.8,34.3617,-117.6386,20100115,6.7
GHCND:USC00049822,1828.8,34.3617,-117.6386,20100415,7.0
GHCND:USC00049822,1828.8,34.3617,-117.6386,20100715,3.9
GHCND:USC00049822,1828.8,34.3617,-117.6386,20101015,6.1
GHCND:USC00082850,1.5,25.84889,-81.38972,20100115,7.3
GHCND:USC00082850,1.5,25.84889,-81.38972,20100415,4.2
GHCND:USC00082850,1.5,25.84889,-81.38972,20100715,2.2
GHCND:USC00082850,1.5,25.84889,-81.38972,20101015,3.8
GHCND:USC00410120,441.4,32.7047,-99.3012,20100115,10.1
GHCND:USC00410120,441.4,32.7047,-99.3012,20100415,8.3
GHCND:USC00410120,441.4,32.7047,-99.3012,20100715,4.2
GHCND:USC00410120,441.4,32.7047,-99.3012,20101015,7.7
GHCND:USC00047643,68.6,38.50667,-122.47139,20100115,4.8
GHCND:USC00047643,68.6,38.50667,-122.47139,20100415,5.9
GHCND:USC00047643,68.6,38.50667,-122.47139,20100715,4.7
GHCND:USC00047643,68.6,38.50667,-122.47139,20101015,5.1
GHCND:USC00304555,591.3,44.2444,-73.9855,20100115,12.8
GHCND:USC00304555,591.3,44.2444,-73.9855,20100415,8.8
GHCND:USC00304555,591.3,44.2444,-73.9855,20100715,5.6
GHCND:USC00304555,591.3,44.2444,-73.9855,20101015,8.0
GHCND:USC00308910,332.2,42.7412,-78.51,20100115,11.6
GHCND:USC00308910,332.2,42.7412,-78.51,20100415,9.5
GHCND:USC00308910,332.2,42.7412,-78.51,20100715,5.6
GHCND:USC00308910,332.2,42.7412,-78.51,20101015,8.3
GHCND:USC00414967,694.9,33.06417,-101.04889,20100115,9.7
GHCND:USC00414967,694.9,33.06417,-101.04889,20100415,8.7
GHCND:USC00414967,694.9,33.06417,-101.04889,20100715,4.7
GHCND:USC00414967,694.9,33.06417,-101.04889,20101015,7.6
GHCND:USW00012935,3.7,28.72472,-96.25361,20100115,8.9
GHCND:USW00012935,3.7,28.72472,-96.25361,20100415,5.8
GHCND:USW00012935,3.7,28.72472,-96.25361,20100715,2.3
GHCND:USW00012935,3.7,28.72472,-96.25361,20101015,6.5
GHCND:USW00012944,3,29.33333,-94.77167,20100115,7.9
GHCND:USW00012944,3,29.33333,-94.77167,20100415,4.8
GHCND:USW00012944,3,29.33333,-94.77167,20100715,2.4
GHCND:USW00012944,3,29.33333,-94.77167,20101015,5.6
GHCND:USC00099291,175.3,32.8694,-85.1892,20100115,9.2
GHCND:USC00099291,175.3,32.8694,-85.1892,20100415,6.9
GHCND:USC00099291,175.3,32.8694,-85.1892,20100715,3.1
GHCND:USC00099291,175.3,32.8694,-85.1892,20101015,6.8
GHCND:USC00414931,1179.6,31.9835,-106.5915,20100115,6.3
GHCND:USC00414931,1179.6,31.9835,-106.5915,20100415,6.3
GHCND:USC00414931,1179.6,31.9835,-106.5915,20100715,3.9
GHCND:USC00414931,1179.6,31.9835,-106.5915,20101015,5.4
GHCND:USW00013838,7.9,30.62639,-88.06806,20100115,9.1
GHCND:USW00013838,7.9,30.62639,-88.06806,20100415,5.9
GHCND:USW00013838,7.9,30.62639,-88.06806,20100715,2.4
GHCND:USW00013838,7.9,30.62639,-88.06806,20101015,6.5
GHCND:USC00411429,304.8,29.8607,-98.1959,20100115,9.1
GHCND:USC00411429,304.8,29.8607,-98.1959,20100415,6.6
GHCND:USC00411429,304.8,29.8607,-98.1959,20100715,3.3
GHCND:USC00411429,304.8,29.8607,-98.1959,20101015,7.0
GHCND:USC00012172,2.4,30.25028,-88.0775,20100115,8.0
GHCND:USC00012172,2.4,30.2505,-88.0775,20100415,5.1
GHCND:USC00012172,2.4,30.2505,-88.0775,20100715,2.6
GHCND:USC00012172,2.4,30.2505,-88.0775,20101015,5.7
GHCND:USC00047668,13.7,36.65944,-121.66556,20100115,4.8
GHCND:USC00047668,13.7,36.65944,-121.66556,20100415,4.7
GHCND:USC00047668,13.7,36.65944,-121.66556,20100715,2.9
GHCND:USC00047668,13.7,36.65944,-121.66556,20101015,4.5
GHCND:USW00054790,25,40.82167,-72.86889,20100115,9.0
GHCND:USW00054790,25,40.82167,-72.86889,20100415,6.8
GHCND:USW00054790,25,40.82167,-72.86889,20100715,4.8
GHCND:USW00054790,25,40.82167,-72.86889,20101015,6.7
GHCND:USC00046336,9.1,37.79833,-122.26417,20100115,4.1
GHCND:USC00046336,9.1,37.79833,-122.26417,20100415,4.5
GHCND:USC00046336,9.1,37.79833,-122.26417,20100715,3.9
GHCND:USC00046336,9.1,37.79833,-122.26417,20101015,4.4
GHCND:USC00304575,335.3,42.4486,-74.4653,20100115,11.5
GHCND:USC00304575,335.3,42.4486,-74.4653,20100415,8.7
GHCND:USC00304575,335.3,42.4486,-74.4653,20100715,5.4
GHCND:USC00304575,335.3,42.4486,-74.4653,20101015,7.7
GHCND:USW00093901,150,32.73333,-96.96667,20100115,9.6
GHCND:USW00093901,150,32.73333,-96.96667,20100415,6.9
GHCND:USW00093901,150,32.73333,-96.96667,20100715,3.2
GHCND:USW00093901,150,32.73333,-96.96667,20101015,7.3
GHCND:USC00308932,451.1,42.1847,-75.1455,20100115,11.2
GHCND:USC00308932,451.1,42.1847,-75.1455,20100415,8.3
GHCND:USC00308932,451.1,42.1847,-75.1455,20100715,5.0
GHCND:USC00308932,451.1,42.1847,-75.1455,20101015,7.0
GHCND:USC00411430,1094.2,34.98056,-101.92639,20100115,9.5
GHCND:USC00411430,1094.2,34.98056,-101.92639,20100415,8.5
GHCND:USC00411430,1094.2,34.98056,-101.92639,20100715,4.5
GHCND:USC00411430,1094.2,34.98056,-101.92639,20101015,7.3
GHCND:USC00410586,10.4,29.79167,-95.04361,20100115,9.2
GHCND:USC00410586,10.4,29.79167,-95.04361,20100415,6.0
GHCND:USC00410586,10.4,29.79167,-95.04361,20100715,2.9
GHCND:USC00410586,10.4,29.7918,-95.0436,20101015,6.7
GHCND:USC00084625,18.3,28.27639,-81.42389,20100115,8.3
GHCND:USC00084625,18.3,28.27639,-81.42389,20100415,5.1
GHCND:USC00084625,18.3,28.27639,-81.42389,20100715,2.0
GHCND:USC00084625,18.3,28.27639,-81.42389,20101015,4.8
GHCND:USC00305426,379.5,41.7681,-74.155,20100115,10.4
GHCND:USC00305426,379.5,41.7681,-74.155,20100415,8.5
GHCND:USC00305426,379.5,41.7681,-74.155,20100715,5.1
GHCND:USC00305426,379.5,41.7681,-74.155,20101015,7.3
GHCND:USC00413614,459.3,31.44028,-98.59028,20100115,9.8
GHCND:USC00413614,459.3,31.44028,-98.59028,20100415,7.2
GHCND:USC00413614,459.3,31.44028,-98.59028,20100715,2.8
GHCND:USC00413614,459.3,31.44028,-98.59028,20101015,6.9
GHCND:USC00413618,43.3,28.66167,-97.385,20100115,9.4
GHCND:USC00413618,43.3,28.66167,-97.385,20100415,6.5
GHCND:USC00413618,43.3,28.66167,-97.385,20100715,2.7
GHCND:USC00413618,43.3,28.66167,-97.385,20101015,6.5
GHCND:USC00256200,984.5,41.1275,-101.7205,20100115,11.2
GHCND:USC00256200,984.5,41.1275,-101.7205,20100415,9.3
GHCND:USC00256200,984.5,41.1275,-101.7205,20100715,5.8
GHCND:USC00256200,984.5,41.1275,-101.7205,20101015,8.7
GHCND:USC00253175,496.8,40.5313,-97.5963,20100115,11.7
GHCND:USC00253175,496.8,40.5313,-97.5963,20100415,9.5
GHCND:USC00253175,496.8,40.5313,-97.5963,20100715,5.4
GHCND:USC00253175,496.8,40.5313,-97.5963,20101015,8.7
GHCND:USC00049855,1224.7,37.75,-119.58972,20100115,5.2
GHCND:USC00049855,1224.7,37.75,-119.58972,20100415,7.6
GHCND:USC00049855,1224.7,37.75,-119.58972,20100715,4.9
GHCND:USC00049855,1224.7,37.75,-119.58972,20101015,6.8
GHCND:USC00082441,1.2,24.77056,-80.90722,20100115,6.8
GHCND:USC00082441,1.2,24.77056,-80.90722,20100415,3.3
GHCND:USC00082441,1.2,24.77056,-80.90722,20100715,1.8
GHCND:USC00082441,1.2,24.7705,-80.9073,20101015,2.8
GHCND:USC00308944,460.2,44.148,-74.9003,20100115,14.0
GHCND:USC00308944,460.2,44.148,-74.9003,20100415,9.3
GHCND:USC00308944,460.2,44.148,-74.9003,20100715,5.8
GHCND:USC00308944,460.2,44.148,-74.9003,20101015,8.4
GHCND:USC00080236,42.7,27.1819,-81.3508,20100115,9.0
GHCND:USC00080236,42.7,27.1819,-81.3508,20100415,5.9
GHCND:USC00080236,42.7,27.1819,-81.3508,20100715,2.0
GHCND:USC00080236,42.7,27.1819,-81.3508,20101015,4.5
GHCND:USC00308946,3,40.655,-73.50528,20100115,9.1
GHCND:USC00308946,3,40.655,-73.50528,20100415,6.3
GHCND:USC00308946,3,40.655,-73.50528,20100715,5.7
GHCND:USC00308946,3,40.655,-73.50528,20101015,6.7
GHCND:USC00414911,54.9,26.2422,-98.3991,20100115,9.4
GHCND:USC00414911,54.9,26.2422,-98.3991,20100415,6.4
GHCND:USC00414911,54.9,26.2422,-98.3991,20100715,2.8
GHCND:USC00414911,54.9,26.2422,-98.3991,20101015,5.8
GHCND:USC00253185,484.6,41.4513,-97.7644,20100115,12.1
GHCND:USC00253185,484.6,41.4513,-97.7644,20100415,9.6
GHCND:USC00253185,484.6,41.4513,-97.7644,20100715,5.6
GHCND:USC00253185,484.6,41.4513,-97.7644,20101015,8.6
GHCND:USC00418040,894.9,35.70472,-101.54917,20100115,9.6
GHCND:USC00418040,894.9,35.70472,-101.54917,20100415,9.3
GHCND:USC00418040,894.9,35.70472,-101.54917,20100715,4.9
GHCND:USC00418040,894.9,35.70472,-101.54917,20101015,8.0
GHCND:USC00255362,352,41.143,-96.4808,20100115,12.2
GHCND:USC00255362,352,41.143,-96.4808,20100415,9.8
GHCND:USC00255362,352,41.143,-96.4808,20100715,5.8
GHCND:USC00255362,352,41.143,-96.4808,20101015,8.9
GHCND:USC00254035,463.3,41.7175,-97.003,20100115,11.9
GHCND:USC00254035,463.3,41.7175,-97.003,20100415,9.4
GHCND:USC00254035,463.3,41.7175,-97.003,20100715,5.4
GHCND:USC00254035,463.3,41.7175,-97.003,20101015,9.2
GHCND:USC00016988,49.1,30.565,-87.70167,20100115,10.0
GHCND:USC00016988,49.1,30.565,-87.70167,20100415,6.4
GHCND:USC00016988,49.1,30.565,-87.70167,20100715,2.7
GHCND:USC00016988,49.1,30.565,-87.70167,20101015,6.9
GHCND:USW00012976,7.6,29.10972,-95.46194,20100115,9.2
GHCND:USW00012976,7.6,29.10972,-95.46194,20100415,6.1
GHCND:USW00012976,7.6,29.10972,-95.46194,20100715,2.1
GHCND:USW00012976,7.6,29.10972,-95.46194,20101015,6.4
GHCND:USW00012975,13.4,29.51889,-95.24167,20100115,8.8
GHCND:USW00012975,13.4,29.51889,-95.24167,20100415,5.9
GHCND:USW00012975,13.4,29.51889,-95.24167,20100715,2.1
GHCND:USW00012975,13.4,29.51889,-95.24167,20101015,6.2
GHCND:USC00044176,2139.7,37.2275,-119.22056,20100115,7.1
GHCND:USC00044176,2139.7,37.2275,-119.22056,20100415,7.7
GHCND:USC00049866,800.1,41.7036,-122.6408,20100115,5.6
GHCND:USC00049866,800.1,41.7036,-122.6408,20100415,7.1
GHCND:USC00049866,800.1,41.7036,-122.6408,20100715,6.1
GHCND:USC00049866,800.1,41.7036,-122.6408,20101015,6.2
GHCND:USC00045026,2052.8,36.6044,-118.7325,20100115,6.6
GHCND:USC00045026,2052.8,36.6044,-118.7325,20100415,7.4
GHCND:USC00045026,2052.8,36.6044,-118.7325,20100715,5.0
GHCND:USC00045026,2052.8,36.6044,-118.7325,20101015,6.6
GHCND:USW00012972,6.7,28.08361,-97.04639,20100115,8.7
GHCND:USW00012972,6.7,28.08361,-97.04639,20100415,5.5
GHCND:USW00012972,6.7,28.08361,-97.04639,20100715,2.0
GHCND:USW00012972,6.7,28.08361,-97.04639,20101015,5.9
GHCND:USC00306774,176.8,41.3891,-74.6905,20100115,10.3
GHCND:USC00306774,176.8,41.3891,-74.6905,20100415,8.0
GHCND:USC00306774,176.8,41.3891,-74.6905,20100715,5.0
GHCND:USC00306774,176.8,41.3891,-74.6905,20101015,7.2
GHCND:USW00012971,196.6,29.70889,-98.04556,20100115,9.2
GHCND:USW00012971,196.6,29.70889,-98.04556,20100415,6.9
GHCND:USW00012971,196.6,29.7089,-98.0458,20100715,2.9
GHCND:USW00012971,196.6,29.7089,-98.0458,20101015,6.8
GHCND:USW00012970,175.9,29.33861,-98.47222,20100115,8.5
GHCND:USW00012970,175.9,29.33861,-98.47222,20100415,6.5
GHCND:USW00012970,175.9,29.33861,-98.47222,20100715,3.2
GHCND:USW00012970,174,29.3389,-98.472,20101015,6.5
GHCND:USC00041912,725.4,39.0911,-120.948,20100115,5.9
GHCND:USC00041912,725.4,39.0911,-120.948,20100415,7.5
GHCND:USC00041912,725.4,39.0911,-120.948,20100715,5.8
GHCND:USC00041912,725.4,39.0911,-120.948,20101015,7.0
GHCND:USC00014798,39,32.5811,-88.1897,20100115,9.7
GHCND:USC00014798,39,32.5811,-88.1897,20100415,7.3
GHCND:USC00014798,39,32.5811,-88.1897,20100715,3.0
GHCND:USC00014798,39,32.5811,-88.1897,20101015,7.4
GHCND:USC00410569,15.8,28.97972,-95.975,20100115,9.5
GHCND:USC00410569,15.8,28.97972,-95.975,20100415,5.8
GHCND:USC00410569,15.8,28.97972,-95.975,20100715,2.6
GHCND:USC00410569,15.8,28.9798,-95.9749,20101015,6.5
GHCND:USC00411416,876.9,30.13833,-104.68222,20100115,6.3
GHCND:USC00411416,876.9,30.13833,-104.68222,20100415,5.9
GHCND:USC00411416,876.9,30.13833,-104.68222,20100715,3.7
GHCND:USC00411416,876.9,30.1383,-104.6821,20101015,5.3
GHCND:USW00093914,141.7,31.78306,-95.60389,20100115,10.2
GHCND:USW00093914,141.7,31.78306,-95.60389,20100415,7.2
GHCND:USW00093914,141.7,31.78306,-95.60389,20100715,3.2
GHCND:USW00093914,141.7,31.78306,-95.60389,20101015,7.2
GHCND:USC00418059,15.2,26.2655,-97.8713,20100115,9.4
GHCND:USC00418059,15.2,26.2655,-97.8713,20100415,6.6
GHCND:USC00418059,15.2,26.2655,-97.8713,20100715,2.4
GHCND:USC00418059,15.2,26.2655,-97.8713,20101015,6.0
GHCND:USC00045032,12.2,38.10611,-121.28778,20100115,5.1
GHCND:USC00045032,12.2,38.10611,-121.28778,20100415,5.3
GHCND:USC00045032,12.2,38.10611,-121.28778,20100715,5.1
GHCND:USC00045032,12.2,38.10611,-121.28778,20101015,4.7
GHCND:USC00308962,554.7,42.6855,-78.2202,20100115,11.5
GHCND:USC00308962,554.7,42.6855,-78.2202,20100415,9.9
GHCND:USC00308962,554.7,42.6855,-78.2202,20100715,5.7
GHCND:USC00308962,554.7,42.6855,-78.2202,20101015,8.3
GHCND:USC00307633,12.2,40.95861,-73.10472,20100115,9.1
GHCND:USC00307633,12.2,40.95861,-73.10472,20100415,6.6
GHCND:USC00307633,12.2,40.95861,-73.10472,20100715,4.7
GHCND:USC00307633,12.2,40.95861,-73.10472,20101015,6.0
GHCND:USC00303033,231.6,42.4496,-79.312,20100115,10.8
GHCND:USC00303033,231.6,42.4496,-79.312,20100415,9.6
GHCND:USC00303033,231.6,42.4496,-79.312,20100715,5.2
GHCND:USC00303033,231.6,42.4496,-79.312,20101015,7.7
GHCND:USC00010505,85.3,33.4527,-87.3572,20100115,9.7
GHCND:USC00010505,85.3,33.4527,-87.3572,20100415,7.7
GHCND:USC00010505,85.3,33.4527,-87.3572,20100715,3.2
GHCND:USC00010505,85.3,33.4527,-87.3572,20101015,7.3
GHCND:USC00411500,93,32.1615,-94.3398,20100115,10.0
GHCND:USC00411500,93,32.1615,-94.3398,20100415,7.2
GHCND:USC00411500,93,32.1615,-94.3398,20100715,3.2
GHCND:USC00411500,93,32.1615,-94.3398,20101015,7.3
GHCND:USC00041244,82,35.4047,-119.4731,20100115,5.9
GHCND:USC00041244,82,35.4047,-119.4731,20100415,6.2
GHCND:USC00041244,82,35.4047,-119.4731,20100715,4.6
GHCND:USC00041244,82,35.4047,-119.4731,20101015,5.7
GHCND:USC00018469,323.7,34.56667,-85.61278,20100115,10.5
GHCND:USC00018469,323.7,34.56667,-85.61278,20100415,8.3
GHCND:USC00018469,323.7,34.56667,-85.61278,20100715,3.2
GHCND:USC00018469,323.7,34.5667,-85.6128,20101015,7.7
GHCND:USW00014732,3.4,40.77944,-73.88028,20100115,9.7
GHCND:USW00014732,3.4,40.77944,-73.88028,20100415,7.1
GHCND:USW00014732,3.4,40.77944,-73.88028,20100715,5.1
GHCND:USW00014732,3.4,40.77944,-73.88028,20101015,6.7
GHCND:USW00014733,214.9,42.94639,-78.72278,20100115,10.8
GHCND:USW00014733,214.9,42.9408,-78.7358,20100415,8.7
GHCND:USW00014733,214.9,42.9408,-78.7358,20100715,5.1
GHCND:USW00014733,214.9,42.9408,-78.7358,20101015,7.5
GHCND:USW00014735,85.3,42.74722,-73.79912,20100115,11.5
GHCND:USW00014735,85.3,42.74722,-73.79912,20100415,8.1
GHCND:USW00014735,85.3,42.74722,-73.79912,20100715,5.2
GHCND:USW00014735,85.3,42.74722,-73.79912,20101015,7.3
GHCND:USW00013889,7.9,30.495,-81.6936,20100115,9.2
GHCND:USW00013889,7.9,30.495,-81.6936,20100415,6.3
GHCND:USW00013889,7.9,30.495,-81.6936,20100715,2.6
GHCND:USW00013889,7.9,30.495,-81.6936,20101015,6.0
GHCND:USW00013884,57.9,30.77972,-86.5225,20100115,9.6
GHCND:USW00013884,57.9,30.77972,-86.5225,20100415,6.4
GHCND:USW00013884,57.9,30.77972,-86.5225,20100715,2.7
GHCND:USW00013884,57.9,30.77972,-86.5225,20101015,6.6
GHCND:USC00303025,484.6,42.3296,-78.4633,20100115,12.3
GHCND:USC00303025,484.6,42.3296,-78.4633,20100415,9.3
GHCND:USC00303025,484.6,42.3296,-78.4633,20100715,5.5
GHCND:USC00303025,484.6,42.3296,-78.4633,20101015,7.8
GHCND:USC00042574,661.4,41.1833,-122.2736,20100115,5.0
GHCND:USC00042574,661.4,41.1833,-122.2736,20100415,6.7
GHCND:USC00042574,661.4,41.1833,-122.2736,20100715,5.1
GHCND:USC00042574,661.4,41.1833,-122.2736,20101015,5.8
GHCND:USC00306314,106.7,43.4623,-76.4934,20100115,10.8
GHCND:USC00306314,106.7,43.4623,-76.4934,20100415,8.7
GHCND:USC00306314,106.7,43.4623,-76.4934,20100715,5.2
GHCND:USC00306314,106.7,43.4623,-76.4934,20101015,7.1
GHCND:USC00250420,637,42.5136,-99.0302,20100115,13.0
GHCND:USC00250420,637,42.5136,-99.0302,20100415,10.1
GHCND:USC00250420,637,42.5136,-99.0302,20100715,6.2
GHCND:USC00250420,637,42.5136,-99.0302,20101015,9.2
GHCND:USC00017131,253,34.51,-87.73194,20100115,11.0
GHCND:USC00017131,253,34.51,-87.7319,20100415,8.5
GHCND:USC00017131,253,34.51,-87.7319,20100715,3.5
GHCND:USC00017131,253,34.51,-87.7319,20101015,8.0
GHCND:USC00258395,335.3,40.6825,-96.1886,20100115,12.1
GHCND:USC00258395,335.3,40.6825,-96.1886,20100415,10.0
GHCND:USC00258395,335.3,40.6825,-96.1886,20100715,6.0
GHCND:USC00258395,335.3,40.6825,-96.1886,20101015,9.1
GHCND:USW00023213,34.7,38.5038,-122.8102,20100115,4.1
GHCND:USW00023213,34.7,38.5038,-122.8102,20100415,5.1
GHCND:USW00023213,34.7,38.5038,-122.8102,20100715,4.4
GHCND:USW00023213,34.7,38.5038,-122.8102,20101015,4.6
GHCND:USW00014743,136.6,44.5772,-75.1097,20100115,14.4
GHCND:USW00014743,136.6,44.5772,-75.1097,20100415,9.3
GHCND:USW00014743,136.6,44.5772,-75.1097,20100715,6.0
GHCND:USW00014743,136.6,44.5772,-75.1097,20101015,8.4
GHCND:USW00014747,203,42.49333,-79.27222,20100115,10.5
GHCND:USW00014747,203,42.49333,-79.27222,20100415,8.9
GHCND:USW00014747,203,42.49333,-79.27222,20100715,5.3
GHCND:USW00014747,203,42.49333,-79.27222,20101015,7.5
GHCND:USW00014748,291.1,42.15944,-76.89194,20100115,10.8
GHCND:USW00014748,291.1,42.15944,-76.89194,20100415,8.2
GHCND:USW00014748,291.1,42.15944,-76.89194,20100715,5.1
GHCND:USW00014748,291.1,42.15944,-76.89194,20101015,7.1
GHCND:USW00013899,34.1,30.47806,-87.18694,20100115,9.2
GHCND:USW00013899,34.1,30.47806,-87.18694,20100415,5.6
GHCND:USW00013899,34.1,30.47806,-87.18694,20100715,2.8
GHCND:USW00013899,34.1,30.47806,-87.18694,20101015,6.2
GHCND:USW00013896,164.6,34.7441,-87.5997,20100115,10.3
GHCND:USW00013896,164.6,34.7441,-87.5997,20100415,7.8
GHCND:USW00013896,164.6,34.7441,-87.5997,20100715,3.4
GHCND:USW00013896,164.6,34.7441,-87.5997,20101015,7.4
GHCND:USW00013895,61.6,32.29972,-86.4075,20100115,9.5
GHCND:USW00013895,61.6,32.29972,-86.4075,20100415,6.7
GHCND:USW00013895,61.6,32.29972,-86.4075,20100715,2.8
GHCND:USW00013895,61.6,32.29972,-86.4075,20101015,7.1
GHCND:USC00041253,238.7,34.5825,-119.98083,20100115,5.4
GHCND:USC00041253,238.7,34.5825,-119.98083,20100415,6.1
GHCND:USC00041253,238.7,34.5825,-119.98083,20100715,4.7
GHCND:USC00041253,238.7,34.5825,-119.98083,20101015,5.7
GHCND:USW00013894,65.5,30.68833,-88.24556,20100115,9.6
GHCND:USW00013894,65.5,30.68833,-88.24556,20100415,6.2
GHCND:USW00013894,65.5,30.68833,-88.24556,20100715,2.6
GHCND:USW00013894,65.5,30.68833,-88.24556,20101015,6.7
GHCND:USC00250435,283.5,40.37028,-95.74667,20100115,11.9
GHCND:USC00250435,283.5,40.37028,-95.74667,20100415,9.8
GHCND:USC00250435,283.5,40.37028,-95.74667,20100715,5.7
GHCND:USC00250435,283.5,40.37028,-95.74667,20101015,9.2
GHCND:USC00257070,524.3,40.0977,-98.5197,20100115,11.4
GHCND:USC00257070,524.3,40.0977,-98.5197,20100415,9.5
GHCND:USC00257070,524.3,40.0977,-98.5197,20100715,6.0
GHCND:USC00257070,524.3,40.0977,-98.5197,20101015,9.0
GHCND:USC00410639,77.7,28.4575,-97.70611,20100115,9.6
GHCND:USC00410639,77.7,28.4575,-97.70611,20100415,6.6
GHCND:USC00410639,77.7,28.4575,-97.70611,20100715,2.9
GHCND:USC00410639,77.7,28.4575,-97.70611,20101015,6.6
GHCND:USC00042598,296.6,33.8089,-115.4508,20100115,5.4
GHCND:USC00042598,296.6,33.8089,-115.4508,20100415,6.9
GHCND:USC00042598,296.6,33.8089,-115.4508,20100715,4.5
GHCND:USC00042598,296.6,33.8089,-115.4508,20101015,6.0
GHCND:USC00415094,155.4,33.03528,-96.48611,20100115,9.2
GHCND:USC00415094,155.4,33.03528,-96.48611,20100415,7.2
GHCND:USC00415094,155.4,33.03528,-96.48611,20100715,3.5
GHCND:USC00415094,155.4,33.03528,-96.48611,20101015,7.0
GHCND:USC00011803,3.7,30.38778,-88.22806,20100115,9.2
GHCND:USC00011803,3.7,30.38778,-88.22806,20100415,6.2
GHCND:USC00011803,3.7,30.38778,-88.22806,20100715,2.4
GHCND:USC00011803,3.7,30.38778,-88.22806,20101015,6.7
GHCND:USC00411974,755.9,31.53333,-101.28417,20100115,9.0
GHCND:USC00411974,755.9,31.53333,-101.28417,20100415,8.5
GHCND:USC00411974,755.9,31.53333,-101.28417,20100715,4.3
GHCND:USC00411974,755.9,31.53333,-101.28417,20101015,7.5
GHCND:USC00412820,176.5,30.3494,-97.3683,20100115,9.9
GHCND:USC00412820,176.5,30.3494,-97.3683,20100415,6.9
GHCND:USC00412820,176.5,30.3494,-97.3683,20100715,3.0
GHCND:USC00412820,176.5,30.3494,-97.3683,20101015,7.0
GHCND:USW00014719,20.4,40.84361,-72.63222,20100115,9.3
GHCND:USW00014719,20.4,40.84361,-72.63222,20100415,6.3
GHCND:USW00014719,20.4,40.84361,-72.63222,20100715,5.0
GHCND:USW00014719,20.4,40.84361,-72.63222,20101015,6.8
GHCND:USW00013871,181.1,33.58722,-85.85556,20100115,9.5
GHCND:USW00013871,181.1,33.58722,-85.85556,20100415,7.3
GHCND:USW00013871,181.1,33.58722,-85.85556,20100715,3.0
GHCND:USW00013871,181.1,33.58722,-85.85556,20101015,7.2
GHCND:USC00041277,1431,38.27694,-120.31139,20100115,6.2
GHCND:USC00041277,1431,38.27694,-120.31139,20100415,7.7
GHCND:USC00041277,1431,38.27694,-120.31139,20100715,5.2
GHCND:USC00041277,1431,38.27694,-120.31139,20101015,7.3
GHCND:USC00047813,475.5,33.7869,-116.9583,20100115,5.5
GHCND:USC00047813,475.5,33.7869,-116.9583,20100415,6.5
GHCND:USC00047813,475.5,33.7869,-116.9583,20100715,5.2
GHCND:USC00047813,475.5,33.7869,-116.9583,20101015,5.8
GHCND:USC00018438,134.1,32.0142,-85.7464,20100115,10.0
GHCND:USC00018438,134.1,32.0142,-85.7464,20100415,7.3
GHCND:USC00018438,134.1,32.0142,-85.7464,20100715,2.8
GHCND:USC00018438,134.1,32.0142,-85.7464,20101015,7.3
GHCND:USW00013876,187.5,33.56556,-86.745,20100115,10.2
GHCND:USW00013876,187.5,33.56556,-86.745,20100415,7.7
GHCND:USW00013876,187.5,33.56556,-86.745,20100715,3.2
GHCND:USW00013876,187.5,33.56556,-86.745,20101015,7.5
GHCND:USC00046960,563.9,38.6955,-120.8244,20100115,5.5
GHCND:USC00046960,563.9,38.6955,-120.8244,20100415,7.0
GHCND:USC00046960,563.9,38.6955,-120.8244,20100715,6.7
GHCND:USC00046960,563.9,38.6955,-120.8244,20101015,7.4
GHCND:USC00410613,8.2,30.06889,-94.29278,20100115,9.4
GHCND:USC00410613,8.2,30.06889,-94.29278,20100415,6.3
GHCND:USC00410613,8.2,30.06889,-94.29278,20100715,2.4
GHCND:USC00410613,8.2,30.06889,-94.29278,20101015,6.9
GHCND:USW00023244,11.9,37.40583,-122.04806,20100115,4.3
GHCND:USW00023244,11.9,37.40583,-122.04806,20100415,5.0
GHCND:USW00023244,11.9,37.40583,-122.04806,20100715,3.8
GHCND:USW00023244,11.9,37.40583,-122.04806,20101015,4.4
GHCND:USC00257002,682.8,40.3119,-99.2902,20100115,11.6
GHCND:USC00257002,682.8,40.3119,-99.2902,20100415,9.6
GHCND:USW00093985,283.5,32.78167,-98.06028,20100115,9.4
GHCND:USW00093985,283.5,32.78167,-98.06028,20100415,7.6
GHCND:USW00093985,283.5,32.78167,-98.06028,20100715,3.8
GHCND:USW00093985,283.5,32.78167,-98.06028,20101015,7.3
GHCND:USC00418583,499.9,32.94028,-99.80361,20100115,9.9
GHCND:USC00418583,499.9,32.94028,-99.80361,20100415,8.4
GHCND:USC00418583,499.9,32.94028,-99.80361,20100715,4.6
GHCND:USC00418583,499.9,32.94028,-99.80361,20101015,7.7
GHCND:USC00043463,957.1,35.7269,-118.7006,20100115,6.1
GHCND:USC00043463,957.1,35.7269,-118.7006,20100415,6.4
GHCND:USC00043463,957.1,35.7269,-118.7006,20100715,4.6
GHCND:USC00043463,957.1,35.7269,-118.7006,20101015,6.0
GHCND:USW00014771,125.9,43.1111,-76.1038,20100115,11.9
GHCND:USW00014771,125.9,43.1111,-76.1038,20100415,8.7
GHCND:USW00014771,125.9,43.1111,-76.1038,20100715,5.4
GHCND:USW00014771,125.9,43.1111,-76.1038,20101015,7.2
GHCND:USW00093987,87.8,31.23611,-94.75444,20100115,9.7
GHCND:USW00093987,87.8,31.23611,-94.75444,20100415,7.0
GHCND:USW00093987,87.8,31.23611,-94.75444,20100715,2.7
GHCND:USW00093987,87.8,31.23611,-94.75444,20101015,7.1
GHCND:USC00250865,1121.1,41.0469,-102.1468,20100115,11.3
GHCND:USC00250865,1121.1,41.0469,-102.1468,20100415,9.0
GHCND:USC00250865,1121.1,41.0469,-102.1468,20100715,5.7
GHCND:USC00250865,1121.1,41.0469,-102.1468,20101015,8.8
GHCND:USW00023254,5.5,37.9917,-122.055,20100115,4.0
GHCND:USW00023254,5.5,37.9917,-122.055,20100415,4.9
GHCND:USW00023254,5.5,37.9917,-122.055,20100715,5.2
GHCND:USW00023254,5.5,37.9917,-122.055,20101015,4.5
GHCND:USC00411956,74.7,30.33028,-95.48306,20100115,9.7
GHCND:USC00411956,74.7,30.33028,-95.48306,20100415,6.8
GHCND:USC00411956,74.7,30.33028,-95.48306,20100715,3.0
GHCND:USC00411956,74.7,30.3302,-95.4831,20101015,7.3
GHCND:USW00023259,50.3,36.58806,-121.84528,20100115,4.5
GHCND:USW00023259,50.3,36.58806,-121.84528,20100415,3.4
GHCND:USW00023259,50.3,36.58806,-121.84528,20100715,2.8
GHCND:USW00023259,50.3,36.58806,-121.84528,20101015,4.0
GHCND:USC00259200,399.3,41.845,-96.7141,20100115,12.7
GHCND:USC00259200,399.3,41.845,-96.7141,20100415,10.1
GHCND:USC00259200,399.3,41.845,-96.7141,20100715,6.0
GHCND:USC00259200,399.3,41.845,-96.7141,20101015,9.0
GHCND:USW00023258,22.3,37.62417,-120.95056,20100115,5.0
GHCND:USW00023258,22.3,37.62417,-120.95056,20100415,5.9
GHCND:USW00023258,22.3,37.62417,-120.95056,20100715,5.4
GHCND:USW00023258,22.3,37.62417,-120.95056,20101015,5.1
GHCND:USW00023257,46.3,37.28472,-120.51278,20100115,4.8
GHCND:USW00023257,46.3,37.28472,-120.51278,20100415,5.8
GHCND:USW00023257,46.3,37.28472,-120.51278,20100715,5.0
GHCND:USW00023257,46.3,37.28472,-120.51278,20101015,4.9
GHCND:USC00256167,786.4,41.1439,-99.7633,20100115,11.9
GHCND:USC00256167,786.4,41.1439,-99.7633,20100415,9.4
GHCND:USC00256167,786.4,41.1439,-99.7633,20100715,5.7
GHCND:USC00256167,786.4,41.1439,-99.7633,20101015,8.3
GHCND:USC00042147,13.1,41.7958,-124.2147,20100115,4.8
GHCND:USC00042147,13.1,41.7958,-124.2147,20100415,3.9
GHCND:USC00042147,13.1,41.7958,-124.2147,20100715,2.9
GHCND:USC00042147,13.1,41.7958,-124.2147,20101015,4.3
GHCND:USC00417262,795.5,29.57111,-104.37139,20100115,6.6
GHCND:USC00417262,795.5,29.57111,-104.37139,20100415,6.1
GHCND:USC00417262,795.5,29.57111,-104.37139,20100715,4.1
GHCND:USC00417262,795.5,29.57111,-104.37139,20101015,5.4
GHCND:USC00046508,122.8,41.30889,-123.53167,20100115,4.5
GHCND:USC00046508,122.8,41.30889,-123.53167,20100415,6.0
GHCND:USC00046508,122.8,41.30889,-123.53167,20100715,5.2
GHCND:USC00046508,122.8,41.30889,-123.53167,20101015,4.7
GHCND:USC00046506,77.4,39.7458,-122.1997,20100115,4.8
GHCND:USC00046506,77.4,39.7458,-122.1997,20100415,6.4
GHCND:USC00046506,77.4,39.7458,-122.1997,20100715,5.8
GHCND:USC00046506,77.4,39.7458,-122.1997,20101015,5.9
GHCND:USC00302129,61,41.00722,-73.83444,20100115,9.5
GHCND:USC00302129,61,41.00722,-73.83444,20100415,7.3
GHCND:USC00302129,61,41.00722,-73.83444,20100715,5.0
GHCND:USC00302129,61,41.00722,-73.83444,20101015,6.8
GHCND:USC00258360,710.2,42.1836,-99.0897,20100115,12.7
GHCND:USC00258360,710.2,42.1836,-99.0897,20100415,9.1
GHCND:USC00258360,710.2,42.1836,-99.0897,20100715,5.6
GHCND:USC00258360,710.2,42.1836,-99.0897,20101015,9.0
GHCND:USC00083909,3.7,25.8175,-80.28583,20100115,6.9
GHCND:USC00083909,3.7,25.8175,-80.28583,20100415,4.1
GHCND:USC00083909,3.7,25.8175,-80.28583,20100715,2.3
GHCND:USC00083909,3.7,25.8175,-80.28583,20101015,3.7
GHCND:USW00023225,1608.1,39.2774,-120.7102,20100115,8.6
GHCND:USW00023225,1608.1,39.2774,-120.7102,20100415,9.5
GHCND:USW00023225,1608.1,39.2774,-120.7102,20100715,6.4
GHCND:USW00023225,1608.1,39.2774,-120.7102,20101015,9.1
GHCND:USC00087020,3,25.58194,-80.43611,20100115,7.1
GHCND:USC00087020,3,25.58194,-80.43611,20100415,4.1
GHCND:USC00087020,3,25.58194,-80.43611,20100715,1.7
GHCND:USC00087020,3,25.58194,-80.43611,20101015,3.0
GHCND:USC00087025,13.7,30.09861,-83.57417,20100115,9.3
GHCND:USC00087025,13.7,30.09861,-83.57417,20100415,6.0
GHCND:USC00087025,13.7,30.09861,-83.57417,20100715,2.4
GHCND:USC00087025,13.7,30.09861,-83.57417,20101015,6.4
GHCND:USW00014757,50.6,41.62574,-73.88156,20100115,10.7
GHCND:USW00014757,50.6,41.62574,-73.88156,20100415,8.0
GHCND:USW00014757,50.6,41.62574,-73.88156,20100715,5.3
GHCND:USW00014757,50.6,41.62574,-73.88156,20101015,7.3
GHCND:USC00418566,700.1,33.47917,-100.87611,20100115,9.3
GHCND:USC00418566,700.1,33.47917,-100.87611,20100415,8.5
GHCND:USC00418566,700.1,33.47917,-100.87611,20100715,4.3
GHCND:USC00418566,700.1,33.47917,-100.87611,20101015,7.5
GHCND:USW00014750,97.8,43.33845,-73.61028,20100115,12.5
GHCND:USW00014750,97.8,43.33845,-73.61028,20100415,7.8
GHCND:USW00014750,97.8,43.33845,-73.61028,20100715,5.2
GHCND:USW00014750,97.8,43.33845,-73.61028,20101015,7.0
GHCND:USC00417232,625.4,29.91667,-99.79083,20100115,8.4
GHCND:USC00417232,625.4,29.91667,-99.79083,20100415,7.1
GHCND:USC00417232,625.4,29.91667,-99.79083,20100715,3.2
GHCND:USC00417232,625.4,29.91667,-99.79083,20101015,6.9
GHCND:USW00023230,1.8,37.72139,-122.22083,20100115,4.0
GHCND:USW00023230,1.8,37.72139,-122.22083,20100415,3.9
GHCND:USW00023230,1.8,37.72139,-122.22083,20100715,3.3
GHCND:USW00023230,1.8,37.72139,-122.22083,20101015,4.0
GHCND:USW00023232,4.6,38.50694,-121.495,20100115,4.9
GHCND:USW00023232,4.6,38.50694,-121.495,20100415,5.5
GHCND:USW00023232,4.6,38.50694,-121.495,20100715,5.2
GHCND:USW00023232,4.6,38.50694,-121.495,20101015,4.9
GHCND:USC00419417,150.9,31.6003,-97.2169,20100115,9.5
GHCND:USC00419417,150.9,31.6003,-97.2169,20100415,7.0
GHCND:USC00419417,150.9,31.6003,-97.2169,20100715,3.3
GHCND:USC00419417,150.9,31.6003,-97.2169,20101015,7.3
GHCND:USC00411934,480.1,31.5514,-99.7081,20100115,9.0
GHCND:USC00411934,480.1,31.5514,-99.7081,20100415,7.1
GHCND:USC00411934,480.1,31.5514,-99.7081,20100715,3.9
GHCND:USC00411934,480.1,31.5514,-99.7081,20101015,6.9
GHCND:USC00257040,624.8,41.0338,-98.915,20100115,12.1
GHCND:USC00257040,624.8,41.0338,-98.915,20100415,9.8
GHCND:USC00257040,624.8,41.0338,-98.915,20100715,5.6
GHCND:USC00257040,624.8,41.0338,-98.915,20101015,9.1
GHCND:USW00023237,7.9,37.88917,-121.22583,20100115,5.1
GHCND:USW00023237,7.9,37.88917,-121.22583,20100415,5.5
GHCND:USW00023237,7.9,37.88917,-121.22583,20100715,5.2
GHCND:USW00023237,7.9,37.88917,-121.22583,20101015,4.9
GHCND:USW00023239,9.1,37.78333,-122.31667,20100115,3.8
GHCND:USW00023239,9.1,37.78333,-122.31667,20100415,4.1
GHCND:USW00023239,9.1,37.78333,-122.31667,20100715,3.5
GHCND:USW00023239,9.1,37.78333,-122.31667,20101015,4.0
GHCND:USW00023234,2.4,37.65806,-122.43778,20100115,3.9
GHCND:USW00023234,2.4,37.65806,-122.43778,20100415,4.2
GHCND:USW00023234,2.4,37.65806,-122.43778,20100715,3.4
GHCND:USW00023234,2.4,37.65806,-122.43778,20101015,4.2
GHCND:USW00023233,22.6,36.6636,-121.6081,20100115,4.9
GHCND:USW00023233,22.6,36.6636,-121.6081,20100415,4.7
GHCND:USW00023233,22.6,36.6636,-121.6081,20100715,3.2
GHCND:USW00023233,22.6,36.6636,-121.6081,20101015,4.6
GHCND:USC00045679,1485.9,40.3458,-121.6091,20100115,6.2
GHCND:USC00045679,1485.9,40.3458,-121.6091,20100415,6.9
GHCND:USC00045679,1485.9,40.3458,-121.6091,20100715,5.6
GHCND:USC00045679,1485.9,40.3458,-121.6091,20101015,6.4
GHCND:USC00048702,1275.3,40.4167,-120.6631,20100115,7.4
GHCND:USC00048702,1275.3,40.4167,-120.6631,20100415,7.2
GHCND:USC00048702,1275.3,40.4167,-120.6631,20100715,6.0
GHCND:USC00048702,1275.3,40.4167,-120.6631,20101015,6.4
GHCND:USW00014768,162.5,43.1167,-77.6767,20100115,11.2
GHCND:USW00014768,162.5,43.1167,-77.6767,20100415,8.9
GHCND:USW00014768,162.5,43.1167,-77.6767,20100715,5.5
GHCND:USW00014768,162.5,43.1167,-77.6767,20101015,7.6
GHCND:USC00415060,131.1,27.5683,-99.4917,20100115,9.2
GHCND:USC00415060,131.1,27.5683,-99.4917,20100415,7.2
GHCND:USC00415060,131.1,27.5683,-99.4917,20100715,3.3
GHCND:USC00415060,131.1,27.5683,-99.4917,20101015,6.9
GHCND:USC00089219,6.1,27.65278,-80.40306,20100115,8.2
GHCND:USC00089219,6.1,27.65278,-80.40306,20100415,4.8
GHCND:USC00089219,6.1,27.65278,-80.40306,20100715,2.0
GHCND:USC00089219,6.1,27.65278,-80.40306,20101015,3.9
GHCND:USC00253910,707.1,40.45167,-99.38028,20100115,11.8
GHCND:USC00253910,707.1,40.45167,-99.38028,20100415,9.6
GHCND:USC00253910,707.1,40.45167,-99.38028,20100715,5.6
GHCND:USC00253910,707.1,40.45167,-99.38028,20101015,8.9
GHCND:USC00046521,52.1,39.51778,-121.55306,20100115,4.7
GHCND:USC00046521,52.1,39.51778,-121.55306,20100415,6.0
GHCND:USC00046521,52.1,39.51778,-121.55306,20100715,5.2
GHCND:USC00046521,52.1,39.51778,-121.55306,20101015,5.3
GHCND:USC00047851,96,35.30556,-120.66389,20100115,4.8
GHCND:USC00047851,96,35.30556,-120.66389,20100415,6.2
GHCND:USC00047851,96,35.30556,-120.66389,20100715,3.8
GHCND:USC00047851,96,35.30556,-120.66389,20101015,5.8
GHCND:USW00023285,119.8,37.6927,-121.8144,20100115,4.6
GHCND:USW00023285,119.8,37.6927,-121.8144,20100415,5.1
GHCND:USW00023285,119.8,37.6927,-121.8144,20100715,6.0
GHCND:USW00023285,119.8,37.6927,-121.8144,20101015,4.8
GHCND:USC00417206,795.8,33.19861,-101.37444,20100115,9.8
GHCND:USC00417206,795.8,33.19861,-101.37444,20100415,8.6
GHCND:USC00417206,795.8,33.19861,-101.37444,20100715,4.4
GHCND:USC00417206,795.8,33.19861,-101.37444,20101015,7.7
GHCND:USC00010583,82.6,30.88389,-87.78528,20100115,9.9
GHCND:USC00010583,82.6,30.88389,-87.78528,20100415,6.3
GHCND:USC00010583,82.6,30.88389,-87.78528,20100715,2.7
GHCND:USC00010583,82.6,30.88389,-87.78528,20101015,6.8
GHCND:USC00414182,167.6,32.01611,-97.10944,20100115,10.0
GHCND:USC00414182,167.6,32.01611,-97.10944,20100415,7.2
GHCND:USC00414182,167.6,32.01611,-97.10944,20100715,3.0
GHCND:USC00414182,167.6,32.01611,-97.10944,20101015,7.3
GHCND:USC00043824,919,40.93167,-121.54333,20100115,5.3
GHCND:USC00043824,919,40.93167,-121.54333,20100415,7.1
GHCND:USC00043824,919,40.93167,-121.54333,20100715,5.4
GHCND:USC00043824,919,40.93167,-121.54333,20101015,5.9
GHCND:USC00255702,1054.6,42.2505,-101.3363,20100115,13.0
GHCND:USC00255702,1054.6,42.2505,-101.3363,20100415,10.4
GHCND:USC00251345,663.2,41.7769,-99.1433,20100115,12.1
GHCND:USC00251345,663.2,41.7769,-99.1433,20100415,9.2
GHCND:USC00251345,663.2,41.7769,-99.1433,20100715,5.8
GHCND:USC00251345,663.2,41.7769,-99.1433,20101015,8.7
GHCND:USC00255700,980.5,42.049,-101.0542,20100115,11.3
GHCND:USC00255700,980.5,42.049,-101.0542,20100415,9.6
GHCND:USC00255700,980.5,42.049,-101.0542,20100715,5.7
GHCND:USC00255700,980.5,42.049,-101.0542,20101015,9.0
GHCND:USC00417215,146.3,29.0377,-98.5838,20100115,8.7
GHCND:USC00417215,146.3,29.0377,-98.5838,20100415,6.9
GHCND:USC00417215,146.3,29.0377,-98.5838,20100715,3.2
GHCND:USC00417215,146.3,29.0377,-98.5838,20101015,6.9
GHCND:USC00416368,121.9,29.2691,-97.7574,20100115,9.2
GHCND:USC00416368,121.9,29.2691,-97.7574,20100415,6.7
GHCND:USC00416368,121.9,29.2691,-97.7574,20100715,2.8
GHCND:USC00040790,61,36.2472,-121.7802,20100115,5.0
GHCND:USC00040790,61,36.2472,-121.7802,20100415,5.6
GHCND:USC00040790,61,36.2472,-121.7802,20100715,4.4
GHCND:USC00040790,61,36.2472,-121.7802,20101015,6.1
GHCND:USC00012758,88.4,31.445,-86.95333,20100115,9.8
GHCND:USC00012758,88.4,31.445,-86.95333,20100415,7.2
GHCND:USC00012758,88.4,31.445,-86.95333,20100715,2.8
GHCND:USC00012758,88.4,31.445,-86.95333,20101015,7.1
GHCND:USW00023293,15.5,37.3591,-121.924,20100115,4.3
GHCND:USW00023293,15.5,37.3591,-121.924,20100415,5.0
GHCND:USW00023293,15.5,37.3591,-121.924,20100715,4.3
GHCND:USW00023293,15.5,37.3591,-121.924,20101015,4.1
GHCND:USC00042506,1338.1,39.9717,-120.0828,20100115,7.9
GHCND:USC00042506,1338.1,39.9717,-120.0828,20100415,6.8
GHCND:USC00042506,1338.1,39.9717,-120.0828,20100715,5.1
GHCND:USC00042506,1338.1,39.9717,-120.0828,20101015,6.3
GHCND:USC00411911,68.6,29.69889,-96.57306,20100115,9.8
GHCND:USC00411911,68.6,29.69889,-96.57306,20100415,6.7
GHCND:USC00411911,68.6,29.69889,-96.57306,20100715,3.0
GHCND:USC00411911,68.6,29.69889,-96.57306,20101015,7.5
GHCND:USC00252680,808.9,42.1717,-100.0106,20100115,12.4
GHCND:USC00252680,808.9,42.1717,-100.0106,20100415,9.4
GHCND:USC00252680,808.9,42.1717,-100.0106,20100715,6.1
GHCND:USC00252680,808.9,42.1717,-100.0106,20101015,8.9
GHCND:USC00042500,888.5,39.56333,-120.82389,20100115,4.8
GHCND:USC00042500,888.5,39.56333,-120.82389,20100415,6.6
GHCND:USC00042500,888.5,39.56333,-120.82389,20100715,4.7
GHCND:USC00042500,888.5,39.56333,-120.82389,20101015,5.9
GHCND:USC00252205,490.7,41.2491,-97.1327,20100115,12.3
GHCND:USC00252205,490.7,41.2491,-97.1327,20100415,10.0
GHCND:USC00252205,490.7,41.2491,-97.1327,20100715,5.8
GHCND:USC00252205,490.7,41.2491,-97.1327,20101015,9.2
GHCND:USW00093138,128.3,33.82806,-116.50528,20100115,5.8
GHCND:USW00093138,128.3,33.82806,-116.50528,20100415,6.6
GHCND:USW00093138,128.3,33.82806,-116.50528,20100715,3.9
GHCND:USW00093138,128.3,33.82806,-116.50528,20101015,6.1
GHCND:USC00415048,393.2,29.8097,-101.5604,20100115,7.4
GHCND:USC00415048,393.2,29.8097,-101.5604,20100415,7.1
GHCND:USC00415048,393.2,29.8097,-101.5604,20100715,4.0
GHCND:USC00415048,393.2,29.8097,-101.5604,20101015,6.3
GHCND:USC00049152,131.1,34.06972,-118.44278,20100115,6.1
GHCND:USC00049152,131.1,34.06972,-118.44278,20100415,5.8
GHCND:USC00049152,131.1,34.06972,-118.44278,20100715,3.7
GHCND:USC00049152,131.1,34.06972,-118.44278,20101015,5.5
GHCND:USC00417669,559.9,31.89639,-100.48806,20100115,9.3
GHCND:USC00417669,559.9,31.89639,-100.48806,20100415,8.5
GHCND:USC00417669,559.9,31.89639,-100.48806,20100715,4.1
GHCND:USC00417669,559.9,31.89639,-100.48806,20101015,7.4
GHCND:USC00419847,567.5,31.96778,-99.95861,20100115,9.0
GHCND:USC00419847,567.5,31.96778,-99.95861,20100415,7.6
GHCND:USC00419847,567.5,31.96778,-99.95861,20100715,3.7
GHCND:USC00419847,567.5,31.9678,-99.9586,20101015,6.9
GHCND:USC00250030,1423.4,42.4244,-103.7347,20100115,11.3
GHCND:USC00250030,1423.4,42.4244,-103.7347,20100415,8.7
GHCND:USC00250030,1423.4,42.4244,-103.7347,20100715,5.5
GHCND:USC00250030,1423.4,42.4244,-103.7347,20101015,8.3
GHCND:USC00251365,552,42.913,-98.8511,20100115,13.0
GHCND:USC00251365,552,42.913,-98.8511,20100415,10.0
GHCND:USC00251365,552,42.913,-98.8511,20100715,6.3
GHCND:USC00251365,552,42.913,-98.8511,20101015,9.1
GHCND:USC00083020,0.9,25.14222,-80.91444,20100115,6.9
GHCND:USC00083020,0.9,25.14222,-80.91444,20100415,4.3
GHCND:USC00083020,0.9,25.14222,-80.91444,20100715,1.9
GHCND:USC00083020,0.9,25.14222,-80.91444,20101015,3.0
GHCND:USC00417677,25.9,27.7895,-97.662,20100115,9.3
GHCND:USC00417677,25.9,27.7895,-97.662,20100415,5.9
GHCND:USC00417677,25.9,27.7895,-97.662,20100715,2.2
GHCND:USC00417677,25.9,27.7895,-97.662,20101015,6.1
GHCND:USC00302554,186.2,44.2138,-73.5986,20100115,11.7
GHCND:USC00302554,186.2,44.2138,-73.5986,20100415,8.3
GHCND:USC00302554,186.2,44.2138,-73.5986,20100715,5.7
GHCND:USC00302554,186.2,44.2138,-73.5986,20101015,7.3
GHCND:USC00415013,903.7,32.72278,-101.94556,20100115,8.8
GHCND:USC00415013,903.7,32.72278,-101.94556,20100415,8.3
GHCND:USC00415013,903.7,32.72278,-101.94556,20100715,3.9
GHCND:USC00415013,903.7,32.72278,-101.94556,20101015,7.2
GHCND:USC00415018,314.6,31.07167,-98.18472,20100115,9.5
GHCND:USC00415018,314.6,31.07167,-98.18472,20100415,7.7
GHCND:USC00415018,314.6,31.07167,-98.18472,20100715,3.5
GHCND:USC00415018,314.6,31.07167,-98.18472,20101015,7.5
GHCND:USW00023273,73.8,34.8994,-120.4486,20100115,4.6
GHCND:USW00023273,73.8,34.8994,-120.4486,20100415,4.8
GHCND:USW00023273,73.8,34.8994,-120.4486,20100715,3.1
GHCND:USW00023273,73.8,34.8994,-120.4486,20101015,4.5
GHCND:USW00023275,183.2,39.12583,-123.20083,20100115,4.6
GHCND:USW00023275,183.2,39.12583,-123.20083,20100415,5.8
GHCND:USW00023275,183.2,39.12583,-123.20083,20100715,5.0
GHCND:USW00023275,183.2,39.12583,-123.20083,20101015,5.1
GHCND:USW00023272,45.7,37.7705,-122.4269,20100115,3.8
GHCND:USW00023272,45.7,37.7705,-122.4269,20100415,4.9
GHCND:USW00023272,45.7,37.7705,-122.4269,20100715,3.8
GHCND:USW00023272,45.7,37.7705,-122.4269,20101015,4.9
GHCND:USW00023271,11.6,38.55556,-121.41694,20100115,4.7
GHCND:USW00023271,11.6,38.55556,-121.41694,20100415,5.9
GHCND:USW00023271,11.6,38.55556,-121.41694,20100715,5.5
GHCND:USW00023271,11.6,38.55556,-121.41694,20101015,5.3
GHCND:USC00012730,70.1,32.0112,-85.0901,20100115,9.4
GHCND:USC00012730,70.1,32.0112,-85.0901,20100415,7.0
GHCND:USC00012730,70.1,32.0112,-85.0901,20100715,3.2
GHCND:USC00012730,70.1,32.0112,-85.0901,20101015,7.4
GHCND:USW00023277,48.8,36.93583,-121.78861,20100115,4.6
GHCND:USW00023277,48.8,36.93583,-121.78861,20100415,4.5
GHCND:USW00023277,48.8,36.93583,-121.78861,20100715,2.9
GHCND:USW00023277,48.8,36.93583,-121.78861,20101015,4.4
GHCND:USC00043855,417.6,33.7044,-115.6289,20100115,5.6
GHCND:USC00043855,417.6,33.7044,-115.6289,20100415,6.8
GHCND:USC00043855,417.6,33.7044,-115.6289,20100715,4.9
GHCND:USC00043855,417.6,33.7044,-115.6289,20101015,5.8
GHCND:USC00084366,3,30.2875,-81.39278,20100115,8.2
GHCND:USC00084366,3,30.2875,-81.39278,20100415,5.3
GHCND:USC00084366,3,30.2875,-81.39278,20100715,2.5
GHCND:USC00084366,3,30.2875,-81.39278,20101015,5.1
GHCND:USC00040343,520.6,36.4914,-118.8253,20100115,6.2
GHCND:USC00040343,520.6,36.4914,-118.8253,20100415,7.6
GHCND:USC00040343,520.6,36.4914,-118.8253,20100715,5.4
GHCND:USC00040343,520.6,36.4914,-118.8253,20101015,7.4
GHCND:USW00093110,11,34.20083,-119.20694,20100115,5.3
GHCND:USW00093110,11,34.20083,-119.20694,20100415,3.3
GHCND:USW00093110,11,34.20083,-119.20694,20100715,2.7
GHCND:USW00093110,11,34.20083,-119.20694,20101015,3.6
GHCND:USW00093111,4,34.11667,-119.11667,20100115,5.5
GHCND:USW00093111,4,34.11667,-119.11667,20100415,3.9
GHCND:USW00093111,4,34.11667,-119.11667,20100715,2.9
GHCND:USW00093111,4,34.11667,-119.11667,20101015,4.2
GHCND:USW00093112,7.9,32.7,-117.2,20100115,4.1
GHCND:USW00093112,7.9,32.7,-117.2,20100415,3.6
GHCND:USW00093112,7.9,32.7,-117.2,20100715,3.0
GHCND:USW00093112,7.9,32.7,-117.2,20101015,3.5
GHCND:USC00044712,57.9,38.49194,-122.00389,20100115,4.6
GHCND:USC00044712,57.9,38.49194,-122.00389,20100415,6.2
GHCND:USC00044712,57.9,38.49194,-122.00389,20100715,5.5
GHCND:USC00044712,57.9,38.49194,-122.00389,20101015,5.4
GHCND:USW00093104,679.7,35.6875,-117.6931,20100115,5.2
GHCND:USW00093104,679.7,35.6875,-117.6931,20100415,7.1
GHCND:USW00093104,679.7,35.6875,-117.6931,20100715,5.0
GHCND:USW00093104,679.7,35.6875,-117.6931,20101015,6.0
GHCND:USC00415477,76.8,30.93917,-95.92028,20100115,9.7
GHCND:USC00415477,76.8,30.93917,-95.92028,20100415,7.0
GHCND:USC00415477,76.8,30.93917,-95.92028,20100715,2.8
GHCND:USC00415477,76.8,30.93917,-95.92028,20101015,7.2
GHCND:USC00413299,97.5,28.4689,-98.8167,20100115,9.0
GHCND:USC00413299,97.5,28.4689,-98.8167,20100415,7.4
GHCND:USC00413299,97.5,28.4689,-98.8167,20100715,3.3
GHCND:USW00093107,145.4,32.86667,-117.13333,20100115,4.8
GHCND:USW00093107,145.4,32.86667,-117.13333,20100415,4.9
GHCND:USW00093107,145.4,32.86667,-117.13333,20100715,3.7
GHCND:USW00093107,145.4,32.86667,-117.13333,20101015,4.5
GHCND:USW00053902,74.7,30.35667,-95.41389,20100115,9.6
GHCND:USW00053902,74.7,30.35667,-95.41389,20100415,7.0
GHCND:USW00053902,74.7,30.35667,-95.41389,20100715,2.7
GHCND:USW00053902,74.7,30.35667,-95.41389,20101015,7.1
GHCND:USW00053903,111.6,30.74389,-95.58611,20100115,9.9
GHCND:USW00053903,111.6,30.74389,-95.58611,20100415,7.0
GHCND:USW00053903,111.6,30.74389,-95.58611,20100715,3.0
GHCND:USW00053903,111.6,30.74389,-95.58611,20101015,7.2
GHCND:USW00093101,117,33.66667,-117.73333,20100115,5.1
GHCND:USW00093101,117,33.66667,-117.73333,20100415,5.1
GHCND:USW00093101,117,33.66667,-117.73333,20100715,4.0
GHCND:USW00093101,117,33.66667,-117.73333,20101015,4.7
GHCND:USW00053907,192,32.66361,-97.09389,20100115,9.6
GHCND:USW00053907,192,32.66361,-97.09389,20100415,7.1
GHCND:USW00053907,192,32.66361,-97.09389,20100715,3.4
GHCND:USW00053907,192,32.66361,-97.09389,20101015,7.1
GHCND:USW00053909,208.8,32.97333,-97.31806,20100115,9.6
GHCND:USW00053909,208.8,32.97333,-97.31806,20100415,7.4
GHCND:USW00053909,208.8,32.97333,-97.31806,20100715,4.0
GHCND:USW00053909,208.8,32.97333,-97.31806,20101015,7.6
GHCND:USC00018024,136.6,33.4163,-86.135,20100115,9.9
GHCND:USC00018024,136.6,33.4163,-86.135,20100415,7.3
GHCND:USC00018024,136.6,33.4163,-86.135,20100715,3.2
GHCND:USC00018024,136.6,33.4163,-86.135,20101015,7.3
GHCND:USC00041697,1452.4,37.9747,-119.9161,20100115,7.1
GHCND:USC00041697,1452.4,37.9747,-119.9161,20100415,8.4
GHCND:USC00041697,1452.4,37.9747,-119.9161,20100715,5.3
GHCND:USC00041697,1452.4,37.9747,-119.9161,20101015,7.5
GHCND:USC00041214,974.8,40.8802,-121.6547,20100115,6.4
GHCND:USC00041214,974.8,40.8802,-121.6547,20100415,6.6
GHCND:USC00041214,974.8,40.8802,-121.6547,20100715,6.2
GHCND:USC00041214,974.8,40.8802,-121.6547,20101015,6.2
GHCND:USC00043875,32.9,38.6175,-122.87306,20100115,4.5
GHCND:USC00043875,32.9,38.6175,-122.87306,20100415,5.4
GHCND:USC00043875,32.9,38.6175,-122.87306,20100715,4.6
GHCND:USC00043875,32.9,38.6175,-122.87306,20101015,4.6
GHCND:USC00085275,36.6,30.45167,-83.41194,20100115,9.2
GHCND:USC00085275,36.6,30.45167,-83.41194,20100415,6.0
GHCND:USC00085275,36.6,30.45167,-83.41194,20100715,2.6
GHCND:USC00085275,36.6,30.45167,-83.41194,20101015,6.3
GHCND:USC00088780,4.6,25.76083,-80.82417,20100115,6.7
GHCND:USC00088780,4.6,25.76083,-80.82417,20100415,4.1
GHCND:USC00088780,4.6,25.76083,-80.82417,20100715,2.2
GHCND:USC00088780,4.6,25.76083,-80.82417,20101015,3.2
GHCND:USC00418996,21.3,29.48222,-95.63139,20100115,9.4
GHCND:USC00418996,21.3,29.48222,-95.63139,20100415,6.1
GHCND:USC00418996,21.3,29.48222,-95.63139,20100715,2.7
GHCND:USC00418996,21.3,29.48222,-95.63139,20101015,6.7
GHCND:USC00300343,166.1,42.9201,-77.7556,20100115,11.4
GHCND:USC00300343,166.1,42.9201,-77.7556,20100415,9.0
GHCND:USC00300343,166.1,42.9201,-77.7556,20100715,5.5
GHCND:USC00300343,166.1,42.9201,-77.7556,20101015,7.7
GHCND:USC00252647,1210.1,42.2651,-102.2134,20100115,12.2
GHCND:USC00252647,1210.1,42.2651,-102.2134,20100415,10.2
GHCND:USC00252647,1210.1,42.2651,-102.2134,20100715,6.5
GHCND:USC00252647,1210.1,42.2651,-102.2134,20101015,9.5
GHCND:USW00053910,46.3,30.0675,-95.55611,20100115,9.4
GHCND:USW00053910,46.3,30.0675,-95.55611,20100415,6.6
GHCND:USW00053910,46.3,30.0675,-95.55611,20100715,2.6
GHCND:USW00053910,46.3,30.0675,-95.55611,20101015,6.8
GHCND:USW00053911,144.8,32.71,-96.26722,20100115,9.6
GHCND:USW00053911,144.8,32.71,-96.26722,20100415,7.0
GHCND:USW00053911,144.8,32.71,-96.26722,20100715,3.5
GHCND:USW00053911,144.8,32.71,-96.26722,20101015,7.1
GHCND:USC00416776,960.1,35.55444,-100.97361,20100115,10.4
GHCND:USC00416776,960.1,35.55444,-100.97361,20100415,9.2
GHCND:USC00416776,960.1,35.55444,-100.97361,20100715,4.7
GHCND:USC00416776,960.1,35.55444,-100.97361,20101015,8.3
GHCND:USW00053912,136.6,32.03111,-96.39889,20100115,9.7
GHCND:USW00053912,136.6,32.03111,-96.39889,20100415,6.8
GHCND:USW00053912,136.6,32.03111,-96.39889,20100715,3.0
GHCND:USW00053912,136.6,32.03111,-96.39889,20101015,6.9
GHCND:USW00053914,176.8,33.18028,-96.59028,20100115,9.7
GHCND:USW00053914,176.8,33.18028,-96.59028,20100415,7.4
GHCND:USW00053914,176.8,33.18028,-96.59028,20100715,3.6
GHCND:USW00053914,176.8,33.18028,-96.59028,20101015,7.3
GHCND:USW00093134,54.6,34.0236,-118.2911,20100115,5.2
GHCND:USW00093134,54.6,34.0236,-118.2911,20100415,5.6
GHCND:USW00093134,54.6,34.0236,-118.2911,20100715,3.9
GHCND:USW00093134,54.6,34.0236,-118.2911,20101015,4.9
GHCND:USC00017157,243.8,34.1736,-86.8133,20100115,9.9
GHCND:USC00017157,243.8,34.1736,-86.8133,20100415,7.9
GHCND:USC00017157,243.8,34.1736,-86.8133,20100715,3.7
GHCND:USC00017157,243.8,34.1736,-86.8133,20101015,7.3
GHCND:USC00309000,151.5,43.9761,-75.8753,20100115,13.5
GHCND:USC00309000,151.5,43.9761,-75.8753,20100415,9.1
GHCND:USC00309000,151.5,43.9761,-75.8753,20100715,5.6
GHCND:USC00309000,151.5,43.9761,-75.8753,20101015,8.1
GHCND:USC00084394,44.8,30.5228,-82.9447,20100115,9.6
GHCND:USC00084394,44.8,30.5228,-82.9447,20100415,6.5
GHCND:USC00084394,44.8,30.5228,-82.9447,20100715,2.7
GHCND:USC00084394,44.8,30.5228,-82.9447,20101015,6.4
GHCND:USC00416780,514.8,30.20639,-101.5575,20100115,7.5
GHCND:USC00416780,514.8,30.20639,-101.5575,20100415,7.4
GHCND:USC00416780,514.8,30.20611,-101.5575,20101015,6.9
GHCND:USC00040379,637,37.0919,-119.5128,20100115,6.1
GHCND:USC00040379,637,37.0919,-119.5128,20100415,7.6
GHCND:USC00040379,637,37.0919,-119.5128,20100715,5.5
GHCND:USC00040379,637,37.0919,-119.5128,20101015,7.2
GHCND:USC00087429,74.7,30.54972,-84.58361,20100115,9.4
GHCND:USC00087429,74.7,30.54972,-84.58361,20100415,6.5
GHCND:USC00087429,74.7,30.54972,-84.58361,20100715,2.5
GHCND:USC00087429,74.7,30.54972,-84.58361,20101015,6.3
GHCND:USC00416785,1076.6,35.41389,-101.34167,20100115,10.0
GHCND:USC00416785,1076.6,35.41389,-101.34167,20100415,8.9
GHCND:USC00416785,1076.6,35.41389,-101.34167,20100715,4.4
GHCND:USC00416785,1076.6,35.41389,-101.34167,20101015,8.0
GHCND:USC00300331,253,42.7338,-76.6591,20100115,11.1
GHCND:USC00300331,253,42.7338,-76.6591,20100415,9.6
GHCND:USC00300331,253,42.7338,-76.6591,20100715,5.8
GHCND:USC00300331,253,42.7338,-76.6591,20101015,7.8
GHCND:USC00043896,552,33.7381,-116.8939,20100115,5.4
GHCND:USC00043896,552,33.7381,-116.8939,20100415,6.5
GHCND:USC00043896,552,33.7381,-116.8939,20100715,4.9
GHCND:USC00043896,552,33.7381,-116.8939,20101015,6.1
GHCND:USC00040383,393.8,38.9072,-121.0838,20100115,5.1
GHCND:USC00040383,393.8,38.9072,-121.0838,20100415,6.8
GHCND:USC00040383,393.8,38.9072,-121.0838,20100715,6.1
GHCND:USC00040383,393.8,38.9072,-121.0838,20101015,6.6
GHCND:USC00046926,398.4,36.48167,-121.18222,20100115,5.5
GHCND:USC00046926,398.4,36.48167,-121.18222,20100415,6.8
GHCND:USC00046926,398.4,36.48167,-121.18222,20100715,5.8
GHCND:USC00046926,398.4,36.48167,-121.18222,20101015,6.5
GHCND:USC00309495,54.9,44.38417,-73.38194,20100115,12.4
GHCND:USC00309495,54.9,44.38417,-73.38194,20100415,8.0
GHCND:USC00309495,54.9,44.38417,-73.38194,20100715,5.1
GHCND:USC00309495,54.9,44.38417,-73.38194,20101015,7.1
GHCND:USC00413280,926,30.90722,-102.91528,20100115,9.4
GHCND:USC00413280,926,30.90722,-102.91528,20100415,8.0
GHCND:USC00413280,926,30.90722,-102.91528,20100715,3.9
GHCND:USC00413280,926,30.90722,-102.91528,20101015,6.9
GHCND:USC00043417,59.1,37.00667,-121.56333,20100115,4.7
GHCND:USC00043417,59.1,37.00667,-121.56333,20100415,5.7
GHCND:USC00043417,59.1,37.00667,-121.56333,20100715,4.6
GHCND:USC00043417,59.1,37.00667,-121.56333,20101015,5.2
GHCND:USC00416792,1140,29.32722,-103.20611,20100115,8.9
GHCND:USC00416792,1140,29.32722,-103.20611,20100415,7.5
GHCND:USC00416792,1140,29.32722,-103.20611,20100715,4.4
GHCND:USC00416792,1140,29.32722,-103.20611,20101015,6.4
GHCND:USW00093114,17.1,33.7,-117.83333,20100115,4.3
GHCND:USW00093114,17.1,33.7,-117.83333,20100415,4.2
GHCND:USW00093114,17.1,33.7,-117.83333,20100715,3.5
GHCND:USW00093114,17.1,33.7,-117.83333,20101015,3.9
GHCND:USC00300321,234.7,42.9327,-76.5447,20100115,11.1
GHCND:USC00300321,234.7,42.9327,-76.5447,20100415,9.0
GHCND:USC00300321,234.7,42.9327,-76.5447,20100715,5.4
GHCND:USC00300321,234.7,42.9327,-76.5447,20101015,7.4
GHCND:USC00253515,998.2,40.01333,-101.94056,20100115,10.6
GHCND:USC00253515,998.2,40.01333,-101.94056,20100415,8.8
GHCND:USC00253515,998.2,40.01333,-101.94056,20100715,5.2
GHCND:USC00253515,998.2,40.01333,-101.94056,20101015,8.7
GHCND:USC00413285,196.3,32.83389,-97.2975,20100115,10.3
GHCND:USC00413285,196.3,32.83389,-97.2975,20100415,7.5
GHCND:USC00413285,196.3,32.83389,-97.2975,20100715,3.9
GHCND:USC00413285,196.3,32.83389,-97.2975,20101015,7.2
GHCND:USC00416794,165.2,33.67444,-95.55861,20100115,10.1
GHCND:USC00416794,165.2,33.67444,-95.55861,20100415,7.9
GHCND:USC00416794,165.2,33.67444,-95.55861,20100715,4.3
GHCND:USC00416794,165.2,33.67444,-95.55861,20101015,7.6
GHCND:USC00413368,1222.2,34.64,-102.72306,20100115,9.3
GHCND:USC00413368,1222.2,34.64,-102.72306,20100415,8.2
GHCND:USC00413368,1222.2,34.64,-102.72306,20100715,4.1
GHCND:USC00413368,1222.2,34.64,-102.72306,20101015,7.6
GHCND:USC00416879,193.5,28.8894,-99.0897,20100115,8.9
GHCND:USC00416879,193.5,28.8894,-99.0897,20100415,7.0
GHCND:USC00416879,193.5,28.8894,-99.0897,20100715,3.5
GHCND:USC00416879,193.5,28.8894,-99.0897,20101015,6.9
GHCND:USC00012245,30.5,32.51917,-87.88,20100115,10.3
GHCND:USC00012245,30.5,32.51917,-87.88,20100415,7.4
GHCND:USC00012245,30.5,32.51917,-87.88,20100715,3.2
GHCND:USC00012245,30.5,32.51917,-87.88,20101015,7.3
GHCND:USC00013575,181.4,34.3347,-86.3294,20100115,10.0
GHCND:USC00013575,181.4,34.3347,-86.3294,20100415,7.5
GHCND:USC00013575,181.4,34.3347,-86.3294,20100715,3.3
GHCND:USC00013575,181.4,34.3347,-86.3294,20101015,6.6
GHCND:USC00013573,176.2,34.3344,-86.3297,20100115,9.9
GHCND:USC00013573,176.2,34.3344,-86.3297,20100415,7.5
GHCND:USC00013573,176.2,34.3344,-86.3297,20100715,3.3
GHCND:USC00013573,176.2,34.3344,-86.3297,20101015,6.8
GHCND:USC00254335,649.2,40.7258,-99.0133,20100115,12.2
GHCND:USC00254335,649.2,40.7258,-99.0133,20100415,9.8
GHCND:USC00254335,649.2,40.7258,-99.0133,20100715,5.7
GHCND:USC00254335,649.2,40.7258,-99.0133,20101015,8.9
GHCND:USC00046498,48.8,41.3619,-124.0191,20100115,4.7
GHCND:USC00046498,48.8,41.3619,-124.0191,20100415,4.4
GHCND:USC00046498,48.8,41.3619,-124.0191,20100715,3.3
GHCND:USC00046498,48.8,41.3619,-124.0191,20101015,4.3
GHCND:USC00419916,86,33.3041,-94.1727,20100115,10.0
GHCND:USC00419916,86,33.3041,-94.1727,20100415,7.3
GHCND:USC00419916,86,33.3041,-94.1727,20100715,3.7
GHCND:USC00419916,86,33.3041,-94.1727,20101015,7.2
GHCND:USC00300785,472.4,43.4361,-75.3697,20100115,12.4
GHCND:USC00300785,472.4,43.4361,-75.3697,20100415,9.4
GHCND:USC00300785,472.4,43.4361,-75.3697,20100715,5.4
GHCND:USC00300785,472.4,43.4361,-75.3697,20101015,7.8
GHCND:USC00417743,725.4,32.44806,-100.52639,20100115,9.9
GHCND:USC00417743,725.4,32.44806,-100.52639,20100415,8.2
GHCND:USC00417743,725.4,32.44806,-100.52639,20100715,4.1
GHCND:USC00417743,725.4,32.44806,-100.52639,20101015,7.5
GHCND:USC00081276,9.1,26.86389,-80.62556,20100115,7.3
GHCND:USC00081276,9.1,26.86389,-80.62556,20100415,4.0
GHCND:USC00081276,9.1,26.86389,-80.62556,20100715,2.1
GHCND:USC00081276,9.1,26.86389,-80.62556,20101015,3.3
GHCND:USC00417704,2.7,28.02861,-97.05667,20100115,8.2
GHCND:USC00417704,2.7,28.02861,-97.05667,20100415,5.3
GHCND:USC00417704,2.7,28.02861,-97.05667,20100715,2.1
GHCND:USC00417704,2.7,28.02861,-97.05667,20101015,6.3
GHCND:USC00417706,729.7,30.0038,-100.2066,20100115,9.2
GHCND:USC00417706,729.7,30.0038,-100.2066,20100415,7.0
GHCND:USC00417706,729.7,30.0038,-100.2066,20100715,3.2
GHCND:USC00417706,729.7,30.0038,-100.2066,20101015,6.4
GHCND:USC00412019,125.9,32.1077,-96.4747,20100115,10.0
GHCND:USC00412019,125.9,32.1077,-96.4747,20100415,7.1
GHCND:USC00412019,136.9,32.1225,-96.48667,20100715,3.3
GHCND:USC00412019,136.9,32.1225,-96.48667,20101015,7.3
GHCND:USC00040738,381.9,40.7402,-123.208,20100115,4.5
GHCND:USC00040738,381.9,40.7402,-123.208,20100415,6.8
GHCND:USC00040738,381.9,40.7402,-123.208,20100715,5.3
GHCND:USC00040738,381.9,40.7405,-123.2077,20101015,5.4
GHCND:USC00309047,257.6,42.0019,-76.525,20100115,11.0
GHCND:USC00309047,257.6,42.0019,-76.525,20100415,8.4
GHCND:USC00309047,257.6,42.0019,-76.525,20100715,5.2
GHCND:USC00309047,257.6,42.0019,-76.525,20101015,7.4
GHCND:USC00040741,2060.4,34.2441,-116.904,20100115,6.5
GHCND:USC00040741,2060.4,34.2441,-116.904,20100415,6.5
GHCND:USC00040741,2060.4,34.2441,-116.904,20100715,4.1
GHCND:USC00040741,2060.4,34.2441,-116.904,20101015,5.3
GHCND:USC00253037,612.6,40.0966,-98.9455,20100115,11.4
GHCND:USC00253037,612.6,40.0966,-98.9455,20100415,9.4
GHCND:USC00253037,612.6,40.0966,-98.9455,20100715,5.8
GHCND:USC00253037,612.6,40.0951,-98.9454,20101015,9.1
GHCND:USW00094040,771.1,40.20639,-100.59139,20100115,11.5
GHCND:USW00094040,771.1,40.20639,-100.59139,20100415,9.4
GHCND:USW00094040,771.1,40.20639,-100.59139,20100715,5.9
GHCND:USW00094040,771.1,40.20639,-100.59139,20101015,8.8
GHCND:USW00093193,101.5,36.78,-119.71944,20100115,5.2
GHCND:USW00093193,101.5,36.78,-119.71944,20100415,6.4
GHCND:USW00093193,101.5,36.78,-119.7194,20100715,5.3
GHCND:USW00093193,101.5,36.78,-119.7194,20101015,5.5
GHCND:USW00093197,53,34.01583,-118.45139,20100115,5.4
GHCND:USW00093197,53,34.01583,-118.45139,20100415,3.3
GHCND:USW00093197,53,34.01583,-118.45139,20100715,3.1
GHCND:USW00093197,53,34.01583,-118.45139,20101015,4.0
GHCND:USC00413329,513.6,30.2391,-98.9088,20100115,9.2
GHCND:USC00413329,513.6,30.2391,-98.9088,20100415,7.2
GHCND:USC00413329,513.6,30.2391,-98.9088,20100715,3.2
GHCND:USC00413329,513.6,30.2391,-98.9088,20101015,7.0
GHCND:USC00252595,589.8,41.9872,-98.0747,20100115,12.6
GHCND:USC00252595,589.8,41.9872,-98.0747,20100415,9.5
GHCND:USC00252595,589.8,41.9872,-98.0747,20100715,5.9
GHCND:USC00252595,589.8,41.9872,-98.0747,20101015,9.1
GHCND:USC00042934,12.2,38.27361,-122.06806,20100115,4.6
GHCND:USC00042934,12.2,38.27361,-122.06806,20100415,5.7
GHCND:USC00042934,12.2,38.27361,-122.06806,20100715,5.4
GHCND:USC00042934,12.2,38.27361,-122.06806,20101015,5.1
GHCND:USC00085667,4.3,25.75528,-80.38361,20100115,7.2
GHCND:USC00085667,4.3,25.75528,-80.38361,20100415,3.9
GHCND:USC00085667,4.3,25.75528,-80.38361,20100715,2.1
GHCND:USC00085667,4.3,25.75528,-80.38361,20101015,3.2
GHCND:USW00093184,16.5,33.68,-117.86639,20100115,4.8
GHCND:USW00093184,16.5,33.68,-117.86639,20100415,3.8
GHCND:USW00093184,16.5,33.68,-117.86639,20100715,3.1
GHCND:USW00093184,16.5,33.68,-117.86639,20101015,4.1
GHCND:USC00046074,10.7,38.27778,-122.26472,20100115,4.9
GHCND:USC00046074,10.7,38.27778,-122.26472,20100415,5.3
GHCND:USC00046074,10.7,38.27778,-122.26472,20100715,4.5
GHCND:USC00046074,10.7,38.27778,-122.26472,20101015,4.7
GHCND:USC00012675,121.3,31.31472,-85.87972,20100115,9.5
GHCND:USC00012675,102.7,31.2975,-85.89972,20100415,6.9
GHCND:USC00012675,102.7,31.2975,-85.89972,20100715,2.9
GHCND:USC00012675,102.7,31.2975,-85.89972,20101015,6.6
GHCND:USC00042941,932.7,34.70417,-118.4275,20100115,6.6
GHCND:USC00042941,932.7,34.70417,-118.4275,20100415,8.5
GHCND:USC00042941,932.7,34.70417,-118.4275,20100715,6.4
GHCND:USC00041614,1408.5,41.53056,-120.18028,20100115,7.8
GHCND:USC00041614,1408.5,41.53056,-120.18028,20100415,8.0
GHCND:USC00041614,1408.5,41.53056,-120.18028,20100715,6.2
GHCND:USC00041614,1408.5,41.53056,-120.18028,20101015,7.6
GHCND:USC00414670,532.5,30.44528,-99.80444,20100115,8.9
GHCND:USC00414670,532.5,30.44528,-99.80444,20100415,7.9
GHCND:USC00414670,532.5,30.44528,-99.80444,20100715,3.4
GHCND:USC00414670,532.5,30.44528,-99.80444,20101015,7.5
GHCND:USC00087851,57.9,28.3378,-82.26,20100115,8.5
GHCND:USC00087851,57.9,28.3378,-82.26,20100415,5.0
GHCND:USC00087851,57.9,28.3378,-82.26,20100715,2.1
GHCND:USC00087851,57.9,28.3378,-82.26,20101015,4.8
GHCND:USC00413340,2.4,28.98444,-95.38083,20100115,8.9
GHCND:USC00413340,2.4,28.98444,-95.38083,20100415,5.5
GHCND:USC00413340,2.4,28.98444,-95.38083,20100715,2.4
GHCND:USC00413340,2.4,28.9845,-95.3809,20101015,6.3
GHCND:USC00013519,104.2,31.79472,-86.61472,20100115,9.5
GHCND:USC00013519,104.2,31.7901,-86.6087,20100415,6.9
GHCND:USC00013519,104.2,31.7901,-86.6087,20100715,3.0
GHCND:USC00013519,104.2,31.7901,-86.6087,20101015,7.2
GHCND:USC00413787,966.2,36.26306,-101.405,20100115,10.0
GHCND:USC00413787,966.2,36.26306,-101.405,20100415,9.0
GHCND:USC00413787,966.2,36.26306,-101.405,20100715,4.8
GHCND:USC00413787,966.2,36.26306,-101.405,20101015,8.1
GHCND:USC00049111,177.4,34.988,-120.3211,20100115,5.3
GHCND:USC00049111,177.4,34.98778,-120.32083,20100415,6.1
GHCND:USC00049111,177.4,34.98778,-120.32083,20100715,4.3
GHCND:USC00049111,177.4,34.98778,-120.32083,20101015,6.1
GHCND:USC00087826,3.7,29.8875,-81.29167,20100115,8.4
GHCND:USC00087826,3.7,29.8875,-81.29167,20100415,5.3
GHCND:USC00087826,3.7,29.8875,-81.29167,20100715,2.6
GHCND:USC00087826,3.7,29.8875,-81.29167,20101015,5.1
GHCND:USC00411128,1005.8,33.19083,-102.26806,20100115,9.1
GHCND:USC00411128,1005.8,33.19083,-102.26806,20100415,8.2
GHCND:USC00411128,1005.8,33.19083,-102.26806,20100715,3.9
GHCND:USC00411128,1005.8,33.19083,-102.26806,20101015,7.3
GHCND:USC00013511,67.1,32.70167,-87.58083,20100115,9.3
GHCND:USC00013511,67.1,32.70194,-87.58167,20100415,6.8
GHCND:USC00013511,67.1,32.70194,-87.58167,20100715,2.9
GHCND:USC00013511,67.1,32.70194,-87.58167,20101015,7.1
GHCND:USC00256970,819.9,42.065,-100.2472,20100115,12.7
GHCND:USC00256970,819.9,42.065,-100.2472,20100415,10.0
GHCND:USC00256970,819.9,42.065,-100.2472,20100715,5.9
GHCND:USC00256970,819.9,42.065,-100.2472,20101015,9.2
GHCND:USC00412464,1173.5,34.58583,-102.31194,20100115,9.4
GHCND:USC00412464,1173.5,34.58583,-102.31194,20100415,8.5
GHCND:USC00412464,1173.5,34.58583,-102.31194,20100715,4.1
GHCND:USC00412464,1173.5,34.58583,-102.31194,20101015,7.7
GHCND:USC00049122,193.9,39.1466,-123.2102,20100115,4.6
GHCND:USC00049122,193.9,39.1466,-123.2102,20100415,6.0
GHCND:USC00049122,193.9,39.1466,-123.2102,20100715,5.4
GHCND:USC00049122,193.9,39.1466,-123.2102,20101015,5.3
GHCND:USC00411138,426.7,31.7383,-98.9455,20100115,9.4
GHCND:USC00411138,426.7,31.7383,-98.9455,20100415,7.7
GHCND:USC00411138,426.7,31.7383,-98.9455,20100715,3.4
GHCND:USC00411138,426.7,31.7383,-98.9455,20101015,7.4
GHCND:USC00011324,207.3,32.8236,-85.6561,20100115,9.4
GHCND:USC00011324,207.3,32.8236,-85.6561,20100415,7.2
GHCND:USC00011324,207.3,32.8236,-85.6561,20100715,3.0
GHCND:USC00011324,207.3,32.8236,-85.6561,20101015,6.7
GHCND:USC00048273,691.9,37.3133,-122.1841,20100115,6.3
GHCND:USC00048273,691.9,37.3133,-122.1841,20100415,7.4
GHCND:USC00048273,691.9,37.3133,-122.1841,20100715,8.5
GHCND:USC00048273,691.9,37.3133,-122.1841,20101015,7.5
GHCND:USC00083470,39,30.2717,-82.1856,20100115,9.2
GHCND:USC00083470,39,30.2717,-82.1856,20100415,6.4
GHCND:USC00083470,39,30.2717,-82.1856,20100715,2.4
GHCND:USC00083470,39,30.2717,-82.1856,20101015,6.2
GHCND:USC00252145,1303.9,41.4086,-102.9661,20100115,11.4
GHCND:USC00252145,1303.9,41.4086,-102.9661,20100415,9.4
GHCND:USC00252145,1303.9,41.4086,-102.9661,20100715,5.4
GHCND:USC00252145,1303.9,41.4086,-102.9661,20101015,8.9
GHCND:USC00257830,1316.7,41.2294,-103.0214,20100115,11.4
GHCND:USC00257830,1316.7,41.2294,-103.0214,20100415,9.5
GHCND:USC00257830,1316.7,41.2294,-103.0214,20100715,5.9
GHCND:USC00257830,1316.7,41.2294,-103.0214,20101015,9.3
GHCND:USC00413321,142.3,31.03278,-96.48889,20100115,9.8
GHCND:USC00413321,142.3,31.03278,-96.48889,20100415,6.8
GHCND:USC00413321,142.3,31.03278,-96.48889,20100715,3.2
GHCND:USC00413321,142.3,31.03278,-96.48889,20101015,7.2
GHCND:USC00410257,8.2,29.15722,-95.45917,20100115,9.4
GHCND:USC00410257,8.2,29.15722,-95.45917,20100415,5.8
GHCND:USC00410257,8.2,29.15722,-95.45917,20100715,2.4
GHCND:USC00410257,8.2,29.15722,-95.45917,20101015,6.5
GHCND:USW00094918,399,41.36667,-96.01667,20100115,12.1
GHCND:USW00094918,399,41.36667,-96.01667,20100415,9.7
GHCND:USW00094918,399,41.36667,-96.01667,20100715,5.8
GHCND:USW00094918,399,41.36667,-96.01667,20101015,8.9
GHCND:USC00044232,1204,36.798,-118.2036,20100115,6.4
GHCND:USC00044232,1204,36.798,-118.2036,20100415,7.7
GHCND:USC00044232,1204,36.798,-118.2036,20100715,5.1
GHCND:USC00044232,1204,36.798,-118.2036,20101015,6.4
GHCND:USC00411596,97.5,31.25806,-95.97444,20100115,9.7
GHCND:USC00411596,97.5,31.25806,-95.97444,20100415,7.5
GHCND:USC00411596,97.5,31.25806,-95.97444,20100715,3.2
GHCND:USC00411596,97.5,31.25806,-95.97444,20101015,7.3
GHCND:USC00410268,520.3,32.74889,-99.85278,20100115,9.9
GHCND:USC00410268,520.3,32.74889,-99.85278,20100415,8.4
GHCND:USC00410268,520.3,32.74889,-99.85278,20100715,4.5
GHCND:USC00410268,520.3,32.74889,-99.85278,20101015,7.8
GHCND:USC00048606,1160.7,39.563,-121.1077,20100115,6.3
GHCND:USC00048606,1160.7,39.563,-121.1077,20100415,7.8
GHCND:USC00048606,1160.7,39.563,-121.1077,20100715,5.3
GHCND:USC00048606,1160.7,39.563,-121.1077,20101015,7.3
GHCND:USC00419088,1074.4,31.40278,-106.05806,20100115,6.1
GHCND:USC00419088,1074.4,31.40278,-106.05806,20100415,5.8
GHCND:USC00419088,1074.4,31.40278,-106.05806,20100715,3.1
GHCND:USC00419088,1074.4,31.40278,-106.05806,20101015,5.0
GHCND:USC00305512,396.2,42.8416,-75.7263,20100115,11.8
GHCND:USC00305512,396.2,42.8416,-75.7263,20100415,9.1
GHCND:USC00305512,396.2,42.8416,-75.7263,20100715,5.2
GHCND:USC00305512,396.2,42.8416,-75.7263,20101015,7.5
GHCND:USC00410235,7.3,29.78778,-94.63417,20100115,9.0
GHCND:USC00410235,7.3,29.78778,-94.63417,20100415,5.8
GHCND:USC00410235,7.3,29.78778,-94.63417,20100715,2.7
GHCND:USC00410235,7.3,29.7878,-94.6343,20101015,6.5
GHCND:USC00042081,430.7,39.8158,-123.2444,20100115,4.9
GHCND:USC00042081,430.7,39.8158,-123.2444,20100415,6.1
GHCND:USC00042081,430.7,39.8158,-123.2444,20100715,5.2
GHCND:USC00042081,430.7,39.8158,-123.2444,20101015,5.3
GHCND:USC00258320,493.8,40.0313,-97.9841,20100115,11.2
GHCND:USC00258320,493.8,40.0313,-97.9841,20100415,9.3
GHCND:USC00258320,493.8,40.0313,-97.9841,20100715,5.6
GHCND:USC00258320,493.8,40.0313,-97.9841,20101015,8.7
GHCND:USC00013154,172.2,34.0219,-85.9878,20100115,9.2
GHCND:USC00013154,172.2,34.0219,-85.9878,20100415,7.4
GHCND:USC00013154,172.2,34.0219,-85.9878,20100715,3.4
GHCND:USC00013154,172.2,34.0219,-85.9878,20101015,6.9
GHCND:USC00044259,-6.4,33.7086,-116.2152,20100115,5.2
GHCND:USC00044259,-6.4,33.7086,-116.2152,20100415,6.1
GHCND:USC00044259,-6.4,33.7086,-116.2152,20100715,4.5
GHCND:USC00044259,-6.4,33.7086,-116.2152,20101015,5.3
GHCND:USC00256135,521.2,42.0677,-97.9675,20100115,13.1
GHCND:USC00256135,521.2,42.0677,-97.9675,20100415,10.1
GHCND:USC00256135,521.2,42.0677,-97.9675,20100715,6.3
GHCND:USC00256135,521.2,42.0677,-97.9675,20101015,9.0
GHCND:USC00258795,349,41.3197,-96.3672,20100115,12.1
GHCND:USC00258795,349,41.3197,-96.3672,20100415,9.1
GHCND:USC00258795,349,41.3197,-96.3672,20100715,5.2
GHCND:USC00258795,349,41.3197,-96.3672,20101015,8.9
GHCND:USC00013160,38.1,32.8347,-88.1341,20100115,9.8
GHCND:USC00013160,38.1,32.8347,-88.1341,20100415,7.3
GHCND:USC00013160,38.1,32.8347,-88.1341,20100715,3.0
GHCND:USC00013160,38.1,32.8347,-88.1341,20101015,7.4
GHCND:USC00047767,2.4,37.72778,-122.50444,20100115,3.6
GHCND:USC00047767,2.4,37.72778,-122.50444,20100415,3.4
GHCND:USC00047767,2.4,37.72778,-122.50444,20100715,2.5
GHCND:USC00047767,2.4,37.72778,-122.50444,20101015,4.1
GHCND:USC00089120,10.1,29.40833,-82.81861,20100115,8.9
GHCND:USC00089120,10.1,29.40833,-82.81861,20100415,5.6
GHCND:USC00089120,10.1,29.40833,-82.81861,20100715,2.3
GHCND:USC00089120,10.1,29.4083,-82.8186,20101015,5.5
GHCND:USC00017999,149.4,33.20528,-86.21139,20100115,10.1
GHCND:USC00017999,149.4,33.20528,-86.21139,20100415,7.8
GHCND:USC00017999,149.4,33.20528,-86.21139,20100715,3.0
GHCND:USC00017999,149.4,33.20528,-86.21139,20101015,7.6
GHCND:USC00081641,39.6,28.45528,-81.72333,20100115,8.7
GHCND:USC00081641,39.6,28.45528,-81.72333,20100415,5.1
GHCND:USC00081641,39.6,28.45528,-81.72333,20100715,2.0
GHCND:USC00081641,39.6,28.45528,-81.72333,20101015,4.6
GHCND:USC00307705,333.8,42.67722,-75.50639,20100115,12.5
GHCND:USC00307705,333.8,42.6773,-75.5066,20100415,8.8
GHCND:USC00307705,333.8,42.6773,-75.5066,20100715,5.7
GHCND:USC00307705,333.8,42.6773,-75.5066,20101015,8.1
GHCND:USC00411578,99.1,31.8075,-94.1642,20100115,10.0
GHCND:USC00411578,99.1,31.8075,-94.1642,20100415,7.5
GHCND:USC00411578,99.1,31.8075,-94.1642,20100715,3.2
GHCND:USC00411578,99.1,31.8075,-94.1642,20101015,7.5
GHCND:USC00414605,375.5,30.2836,-98.4172,20100115,9.8
GHCND:USC00414605,375.5,30.2836,-98.4172,20100415,7.7
GHCND:USC00414605,375.5,30.2836,-98.4172,20100715,3.2
GHCND:USC00414605,375.5,30.2836,-98.4172,20101015,7.7
GHCND:USW00013904,146.3,30.18306,-97.68,20100115,9.3
GHCND:USW00013904,146.3,30.18306,-97.68,20100415,7.1
GHCND:USW00013904,146.3,30.1831,-97.6799,20100715,3.1
GHCND:USW00013904,146.3,30.1831,-97.6799,20101015,7.1
GHCND:USC00410248,972.9,32.34833,-102.55167,20100115,8.7
GHCND:USC00410248,972.9,32.34833,-102.55167,20100415,7.8
GHCND:USC00045118,36.6,37.0533,-120.8697,20100115,5.1
GHCND:USC00045118,36.6,37.0533,-120.8697,20100415,6.1
GHCND:USC00045118,36.6,37.0563,-120.8666,20100715,5.5
GHCND:USC00045118,36.6,37.0563,-120.8666,20101015,5.3
GHCND:USC00258328,470.9,41.1041,-97.3094,20100115,12.4
GHCND:USC00258328,470.9,41.1041,-97.3094,20100415,9.9
GHCND:USC00258328,470.9,41.1041,-97.3094,20100715,5.9
GHCND:USC00258328,470.9,41.1041,-97.3094,20101015,9.1
GHCND:USW00013911,185.3,32.76667,-97.45,20100115,9.8
GHCND:USW00013911,185.3,32.76667,-97.45,20100415,7.1
GHCND:USW00013911,185.3,32.76667,-97.45,20100715,3.9
GHCND:USW00013911,185.3,32.76667,-97.45,20101015,7.0
GHCND:USW00013959,152.4,31.61889,-97.22833,20100115,9.7
GHCND:USW00013959,152.4,31.61889,-97.22833,20100415,7.2
GHCND:USW00013959,152.4,31.61889,-97.22833,20100715,3.3
GHCND:USW00013959,152.4,31.61889,-97.22833,20101015,7.4
GHCND:USW00013958,200.6,30.32111,-97.76,20100115,9.6
GHCND:USW00013958,200.6,30.32111,-97.76,20100415,6.6
GHCND:USW00013958,204.2,30.3208,-97.7604,20100715,3.0
GHCND:USW00013958,204.2,30.3208,-97.7604,20101015,6.8
GHCND:USC00253050,359.7,41.43,-96.4669,20100115,12.0
GHCND:USC00253050,359.7,41.43,-96.4669,20100415,9.8
GHCND:USC00253050,359.7,41.43,-96.4669,20100715,5.5
GHCND:USC00253050,359.7,41.43,-96.4669,20101015,9.0
GHCND:USC00419031,105.2,28.4113,-98.5294,20100115,9.1
GHCND:USC00419031,105.2,28.4113,-98.5294,20100415,7.0
GHCND:USC00419031,105.2,28.4113,-98.5294,20100715,3.1
GHCND:USC00419031,105.2,28.4113,-98.5294,20101015,7.2
GHCND:USC00047306,401.7,34.0528,-117.1894,20100115,5.5
GHCND:USC00047306,401.7,34.0528,-117.1894,20100415,6.5
GHCND:USC00047306,401.7,34.0528,-117.1894,20100715,4.5
GHCND:USC00047306,401.7,34.0528,-117.1894,20101015,5.8
GHCND:USW00013966,310,33.9786,-98.4928,20100115,10.0
GHCND:USW00013966,310,33.9786,-98.4928,20100415,8.1
GHCND:USW00013966,310,33.9786,-98.4928,20100715,4.4
GHCND:USW00013966,310,33.9786,-98.4928,20101015,7.7
GHCND:USW00013962,545.6,32.4105,-99.6822,20100115,10.1
GHCND:USW00013962,545.6,32.4105,-99.6822,20100415,8.4
GHCND:USW00013962,545.6,32.4105,-99.6822,20100715,4.0
GHCND:USW00013962,545.6,32.4105,-99.6822,20101015,7.7
GHCND:USW00013961,209.4,32.81917,-97.36139,20100115,10.1
GHCND:USW00013961,209.4,32.81917,-97.36139,20100415,7.4
GHCND:USW00013961,209.4,32.81917,-97.36139,20100715,3.9
GHCND:USW00013961,209.4,32.81917,-97.36139,20101015,7.3
GHCND:USC00045123,111.3,37.23194,-121.95917,20100115,4.5
GHCND:USC00045123,111.3,37.23194,-121.95917,20100415,5.3
GHCND:USC00045123,111.3,37.23194,-121.95917,20100715,4.6
GHCND:USC00045123,111.3,37.23194,-121.95917,20101015,4.4
GHCND:USC00084731,59.4,30.18528,-82.59417,20100115,9.7
GHCND:USC00084731,59.4,30.18528,-82.59417,20100415,6.4
GHCND:USC00084731,59.4,30.18528,-82.59417,20100715,2.5
GHCND:USC00084731,59.4,30.18528,-82.59417,20101015,6.0
GHCND:USW00013960,134.1,32.8519,-96.8555,20100115,10.0
GHCND:USW00013960,134.1,32.8519,-96.8555,20100415,7.2
GHCND:USW00013960,134.1,32.8519,-96.8555,20100715,3.8
GHCND:USW00013960,134.1,32.8519,-96.8555,20101015,7.3
GHCND:USC00044278,743.7,35.6521,-117.8244,20100115,5.6
GHCND:USC00044278,743.7,35.6521,-117.8244,20100415,7.0
GHCND:USC00044278,743.7,35.6521,-117.8244,20100715,4.7
GHCND:USC00044278,743.7,35.6521,-117.8244,20101015,6.1
GHCND:USC00047785,137.2,34.1061,-118.1,20100115,5.2
GHCND:USC00047785,137.2,34.1061,-118.1,20100415,5.5
GHCND:USC00047785,137.2,34.1061,-118.1,20100715,3.7
GHCND:USC00047785,137.2,34.1061,-118.1,20101015,5.0
GHCND:USC00410225,352.7,29.4608,-101.0286,20100115,7.9
GHCND:USC00410225,352.7,29.4608,-101.0286,20100415,6.9
GHCND:USC00410225,352.7,29.4608,-101.0286,20100715,3.9
GHCND:USC00410225,352.7,29.4608,-101.0286,20101015,6.3
GHCND:USC00412404,192,33.19889,-97.105,20100115,9.8
GHCND:USC00412404,192,33.19889,-97.105,20100415,7.4
GHCND:USC00412404,192,33.19889,-97.105,20100715,3.9
GHCND:USC00412404,192,33.19889,-97.105,20101015,7.3
GHCND:USC00413734,166.1,33.1677,-96.0983,20100115,9.9
GHCND:USC00413734,166.1,33.1677,-96.0983,20100415,7.4
GHCND:USC00413734,166.1,33.1677,-96.0983,20100715,3.7
GHCND:USC00413734,166.1,33.1677,-96.0983,20101015,7.5
GHCND:USC00412408,1094.2,32.96194,-102.82194,20100115,8.4
GHCND:USC00412408,1094.2,32.96194,-102.82194,20100415,7.6
GHCND:USC00412408,1094.2,32.96194,-102.82194,20100715,4.0
GHCND:USC00412408,1094.2,32.96194,-102.82194,20101015,7.0
GHCND:USC00256570,378,40.1216,-96.1558,20100115,11.7
GHCND:USC00256570,378,40.1216,-96.1558,20100415,9.6
GHCND:USC00256570,378,40.1216,-96.1558,20100715,5.7
GHCND:USC00256570,378,40.1216,-96.1558,20101015,8.9
GHCND:USC00257415,1145.7,42.7166,-102.4522,20100115,12.1
GHCND:USC00257415,1145.7,42.7166,-102.4522,20100415,9.6
GHCND:USC00257415,1155.2,42.7547,-102.4794,20100715,6.3
GHCND:USC00257415,1155.2,42.7547,-102.4794,20101015,9.0
GHCND:USW00013973,533.1,30.51083,-99.76639,20100115,8.3
GHCND:USW00013973,533.1,30.51083,-99.76639,20100415,7.2
GHCND:USW00013973,533.1,30.51083,-99.76639,20100715,3.3
GHCND:USW00013973,533.1,30.51083,-99.76639,20101015,6.8
GHCND:USW00013972,165.8,32.35417,-95.4025,20100115,10.0
GHCND:USW00013972,165.8,32.35417,-95.4025,20100415,6.9
GHCND:USW00013972,165.8,32.35417,-95.4025,20100715,3.4
GHCND:USW00013972,165.8,32.35417,-95.4025,20101015,7.0
GHCND:USW00053119,75.9,36.31889,-119.62889,20100115,5.1
GHCND:USW00053119,75.9,36.31889,-119.62889,20100415,6.2
GHCND:USW00053119,75.9,36.31889,-119.62889,20100715,4.4
GHCND:USW00053119,75.9,36.31889,-119.62889,20101015,5.0
GHCND:USC00411524,661.1,29.13444,-103.515,20100115,7.2
GHCND:USC00411524,661.1,29.13444,-103.515,20100415,6.8
GHCND:USC00411524,661.1,29.13444,-103.515,20100715,4.4
GHCND:USC00411524,661.1,29.13444,-103.515,20101015,6.2
GHCND:USC00255250,688.8,41.22,-99.298,20100115,12.4
GHCND:USC00255250,688.8,41.22,-99.298,20100415,9.7
GHCND:USC00255250,688.8,41.22,-99.298,20100715,6.2
GHCND:USC00255250,688.8,41.22,-99.298,20101015,9.1
GHCND:USC00258751,789.1,42.8752,-100.5516,20100115,11.7
GHCND:USC00258751,789.1,42.8752,-100.5516,20100415,9.3
GHCND:USC00258751,789.1,42.8752,-100.5516,20100715,5.9
GHCND:USC00258751,789.1,42.8752,-100.5516,20101015,9.0
GHCND:USC00258755,893.1,42.57111,-100.69306,20100115,13.0
GHCND:USC00258755,893.1,42.5711,-100.693,20100415,10.2
GHCND:USC00258755,893.1,42.5711,-100.693,20100715,6.4
GHCND:USC00258755,893.1,42.5711,-100.693,20101015,9.5
GHCND:USC00419491,65.5,30.32361,-96.15944,20100115,9.7
GHCND:USC00419491,65.5,30.32361,-96.15944,20100415,7.2
GHCND:USC00419491,65.5,30.32361,-96.15944,20100715,2.8
GHCND:USC00419491,65.5,30.32361,-96.15944,20101015,7.4
GHCND:USC00418169,286.5,29.4508,-98.7027,20100115,8.3
GHCND:USC00418169,286.5,29.4508,-98.7027,20100415,6.2
GHCND:USC00418169,286.5,29.4508,-98.7027,20100715,3.2
GHCND:USC00418169,286.5,29.4508,-98.7027,20101015,6.4
GHCND:USW00053120,424.6,33.0375,-116.91583,20100115,5.5
GHCND:USW00053120,424.6,33.0375,-116.91583,20100415,5.1
GHCND:USW00053120,424.6,33.0375,-116.91583,20100715,4.5
GHCND:USW00053120,424.6,33.0375,-116.91583,20101015,5.3
GHCND:USC00419016,374.9,33.29361,-99.10056,20100115,9.6
GHCND:USC00419016,374.9,33.29361,-99.10056,20100415,7.8
GHCND:USC00419016,374.9,33.29361,-99.10056,20100715,4.3
GHCND:USC00419016,374.9,33.29361,-99.10056,20101015,7.6
GHCND:USW00053121,8.5,33.21944,-117.34944,20100115,4.6
GHCND:USW00053121,8.5,33.21944,-117.34944,20100415,3.3
GHCND:USW00053121,8.5,33.21944,-117.34944,20100715,2.7
GHCND:USW00053121,8.5,33.21944,-117.34944,20101015,3.3
GHCND:USC00044297,281,34.1472,-115.1219,20100115,5.2
GHCND:USC00044297,281,34.1472,-115.1219,20100415,7.1
GHCND:USC00044297,281,34.1472,-115.1219,20100715,4.6
GHCND:USC00044297,281,34.1472,-115.1219,20101015,6.1
GHCND:USC00419499,644.7,31.67253,-100.72832,20100115,9.2
GHCND:USC00419499,644.7,31.67253,-100.72832,20100415,8.3
GHCND:USC00419499,644.7,31.67253,-100.72832,20100715,4.1
GHCND:USC00419499,644.7,31.67253,-100.72832,20101015,7.4
GHCND:USC00080369,46.9,27.59472,-81.52667,20100115,9.0
GHCND:USC00080369,46.9,27.59472,-81.52667,20100415,5.5
GHCND:USC00080369,46.9,27.59472,-81.52667,20100715,2.0
GHCND:USC00080369,46.9,27.5947,-81.5266,20101015,4.7
GHCND:USC00410204,8.5,29.36528,-95.23361,20100115,9.3
GHCND:USC00410204,8.5,29.36528,-95.23361,20100415,6.0
GHCND:USC00410204,8.5,29.36528,-95.23361,20100715,2.6
GHCND:USC00410204,8.5,29.3653,-95.2337,20101015,6.4
GHCND:USC00047339,9.4,37.47667,-122.23861,20100115,4.4
GHCND:USC00047339,9.4,37.47667,-122.23861,20100415,5.0
GHCND:USC00047339,9.4,37.47667,-122.23861,20100715,4.3
GHCND:USC00047339,9.4,37.47667,-122.23861,20101015,4.4
GHCND:USC00089176,2.4,27.10056,-82.43639,20100115,8.3
GHCND:USC00089176,2.4,27.10056,-82.43639,20100415,4.8
GHCND:USC00089176,2.4,27.10056,-82.43639,20100715,2.3
GHCND:USC00089176,2.4,27.1006,-82.4364,20101015,4.4
GHCND:USC00410690,115.8,27.59694,-98.41611,20100115,9.6
GHCND:USC00410690,115.8,27.59694,-98.41611,20100415,7.1
GHCND:USC00410690,115.8,27.59694,-98.41611,20100715,3.3
GHCND:USC00410690,115.8,27.59694,-98.41611,20101015,6.7
GHCND:USC00083874,3,29.75167,-81.46694,20100115,9.2
GHCND:USC00083874,3,29.75167,-81.46694,20100415,6.1
GHCND:USC00083874,3,29.76528,-81.46972,20100715,2.4
GHCND:USC00083874,3,29.76528,-81.46972,20101015,5.5
GHCND:USC00046006,1740.4,34.2308,-118.0711,20100115,8.7
GHCND:USC00046006,1740.4,34.2308,-118.0711,20100415,10.1
GHCND:USC00046006,1740.4,34.2308,-118.0711,20100715,5.8
GHCND:USC00046006,1740.4,34.2308,-118.0711,20101015,8.9
GHCND:USC00308600,7.3,42.75083,-73.68556,20100115,11.4
GHCND:USC00308600,7.3,42.75083,-73.68556,20100415,8.0
GHCND:USC00308600,7.3,42.75083,-73.68556,20100715,5.1
GHCND:USC00308600,7.3,42.75083,-73.68556,20101015,6.9
GHCND:USC00410691,240.8,32.6475,-97.44389,20100115,9.7
GHCND:USC00410691,240.8,32.6475,-97.44389,20100415,7.3
GHCND:USC00410691,240.8,32.6475,-97.44389,20100715,3.8
GHCND:USC00410691,240.8,32.6475,-97.44389,20101015,7.4
GHCND:USC00302060,304.8,42.0627,-75.4263,20100115,10.9
GHCND:USC00302060,304.8,42.0627,-75.4263,20100415,8.4
GHCND:USC00302060,304.8,42.0627,-75.4263,20100715,5.2
GHCND:USC00302060,304.8,42.0627,-75.4263,20101015,7.3
GHCND:USC00410779,833.3,31.2,-101.4625,20100115,9.2
GHCND:USC00410779,833.3,31.2,-101.4625,20100415,8.0
GHCND:USC00410779,833.3,31.2,-101.4625,20100715,4.0
GHCND:USC00410779,833.3,31.2,-101.4625,20101015,7.2
GHCND:USC00047902,4.9,34.4167,-119.6844,20100115,4.3
GHCND:USC00047902,4.9,34.4167,-119.6844,20100415,4.6
GHCND:USC00047902,4.9,34.4167,-119.6844,20100715,3.1
GHCND:USC00047902,4.9,34.4167,-119.6844,20101015,4.0
GHCND:USC00084095,2.7,25.50111,-80.55,20100115,7.0
GHCND:USC00084095,2.7,25.50111,-80.55,20100415,4.2
GHCND:USC00084095,2.7,25.50111,-80.55,20100715,1.8
GHCND:USC00084095,2.7,25.50111,-80.55,20101015,2.9
GHCND:USC00042214,16.8,34.005,-118.4127,20100115,4.4
GHCND:USC00042214,16.8,34.005,-118.4127,20100415,4.9
GHCND:USC00042214,16.8,34.005,-118.4127,20100715,3.1
GHCND:USC00042214,16.8,34.005,-118.4127,20101015,4.1
GHCND:USC00045721,1325.9,34.9436,-115.5469,20100115,7.0
GHCND:USC00045721,1325.9,34.9436,-115.5469,20100415,8.3
GHCND:USC00045721,1325.9,34.9436,-115.5469,20100715,5.7
GHCND:USC00045721,1325.9,34.9436,-115.5469,20101015,7.5
GHCND:USC00410305,4.6,28.30806,-96.80472,20100115,8.5
GHCND:USC00410305,4.6,28.30806,-96.80472,20100415,5.3
GHCND:USC00410305,4.6,28.30806,-96.80472,20100715,2.3
GHCND:USC00410305,4.6,28.30806,-96.80472,20101015,6.2
GHCND:USC00418274,231.6,33.70333,-96.64194,20100115,10.2
GHCND:USC00418274,231.6,33.70333,-96.64194,20100415,7.4
GHCND:USC00418274,231.6,33.70333,-96.64194,20100715,3.9
GHCND:USC00418274,231.6,33.7033,-96.6419,20101015,7.2
GHCND:USC00047916,39.6,36.99056,-121.99111,20100115,4.3
GHCND:USC00047916,39.6,36.99056,-121.99111,20100415,4.4
GHCND:USC00047916,39.6,36.99056,-121.99111,20100715,3.1
GHCND:USC00047916,39.6,36.99056,-121.99111,20101015,4.1
GHCND:USC00253810,899.8,41.1056,-100.9775,20100115,11.8
GHCND:USC00253810,899.8,41.1056,-100.9775,20100415,9.6
GHCND:USC00253810,899.8,41.1056,-100.9775,20100715,5.9
GHCND:USC00253810,899.8,41.1056,-100.9775,20101015,9.2
GHCND:USC00043551,2011.7,36.73944,-118.96306,20100115,8.2
GHCND:USC00043551,2011.7,36.73944,-118.96306,20100415,8.7
GHCND:USC00043551,2011.7,36.73944,-118.96306,20100715,5.6
GHCND:USC00043551,2011.7,36.7394,-118.9631,20101015,8.4
GHCND:USC00044881,2071.7,37.9567,-119.1194,20100115,7.0
GHCND:USC00044881,2071.7,37.9567,-119.1194,20100415,7.7
GHCND:USC00044881,2071.7,37.9567,-119.1194,20100715,4.0
GHCND:USC00044881,2071.7,37.9567,-119.1194,20101015,6.4
GHCND:USC00305113,373.4,42.4694,-75.0105,20100115,12.3
GHCND:USC00305113,373.4,42.4694,-75.0105,20100415,8.7
GHCND:USC00305113,373.4,42.4694,-75.0105,20100715,5.4
GHCND:USC00305113,373.4,42.4694,-75.0105,20101015,7.8
GHCND:USC00305597,268.2,42.7313,-77.9054,20100115,11.2
GHCND:USC00305597,268.2,42.7313,-77.9054,20100415,9.4
GHCND:USC00305597,268.2,42.7313,-77.9054,20100715,5.4
GHCND:USC00305597,268.2,42.7313,-77.9054,20101015,7.8
GHCND:USW00093210,57.9,39.49,-121.61833,20100115,4.5
GHCND:USW00093210,57.9,39.49,-121.61833,20100415,5.9
GHCND:USW00093210,57.9,39.49,-121.61833,20100715,5.3
GHCND:USW00093210,57.9,39.49,-121.61833,20101015,5.0
GHCND:USW00093209,246.9,35.66972,-120.62833,20100115,4.7
GHCND:USW00093209,246.9,35.6697,-120.6283,20100415,5.7
GHCND:USW00093209,246.9,35.6697,-120.6283,20100715,5.6
GHCND:USW00093209,246.9,35.6697,-120.6283,20101015,5.5
GHCND:USC00042239,1414.3,32.98972,-116.58722,20100115,6.2
GHCND:USC00042239,1414.3,32.98972,-116.58722,20100415,7.4
GHCND:USC00042239,1414.3,32.9897,-116.5872,20100715,5.3
GHCND:USC00042239,1414.3,32.9897,-116.5872,20101015,6.1
GHCND:USC00044890,156.4,36.3817,-119.0264,20100115,5.3
GHCND:USC00044890,156.4,36.3817,-119.0264,20100415,6.7
GHCND:USC00044890,156.4,36.3817,-119.0264,20100715,5.0
GHCND:USC00044890,156.4,36.3817,-119.0264,20101015,5.7
GHCND:USW00093205,18.9,39.10194,-121.56778,20100115,4.3
GHCND:USW00093205,18.9,39.10194,-121.56778,20100415,5.5
GHCND:USW00093205,18.9,39.10194,-121.56778,20100715,4.9
GHCND:USW00093205,18.9,39.10194,-121.56778,20101015,5.0
GHCND:USC00308631,512.1,44.2307,-74.4382,20100115,13.5
GHCND:USC00308631,512.1,44.2307,-74.4382,20100415,9.0
GHCND:USC00308631,512.1,44.2307,-74.4382,20100715,5.9
GHCND:USC00308631,512.1,44.2307,-74.4382,20101015,8.0
GHCND:USW00093206,61,35.23722,-120.64139,20100115,4.7
GHCND:USW00093206,61,35.23722,-120.64139,20100415,5.0
GHCND:USW00093206,61,35.23722,-120.64139,20100715,3.2
GHCND:USW00093206,61,35.23722,-120.64139,20101015,5.0
GHCND:USC00302036,432.8,42.2558,-74.9127,20100115,12.2
GHCND:USC00302036,432.8,42.2558,-74.9127,20100415,9.0
GHCND:USC00302036,432.8,42.2558,-74.9127,20100715,5.7
GHCND:USC00302036,432.8,42.2558,-74.9127,20101015,7.9
GHCND:USC00410764,1261.9,29.43722,-103.95833,20100115,7.4
GHCND:USC00410764,1261.9,29.43722,-103.95833,20100415,6.6
GHCND:USC00410764,1261.9,29.43722,-103.95833,20100715,4.4
GHCND:USC00410764,1261.9,29.43722,-103.95833,20101015,5.6
GHCND:USC00045756,833.6,35.0492,-118.1619,20100115,5.6
GHCND:USC00045756,833.6,35.0492,-118.1619,20100415,7.6
GHCND:USC00045756,833.6,35.0492,-118.1619,20100715,5.2
GHCND:USC00045756,833.6,35.0492,-118.1619,20101015,6.2
GHCND:USC00418252,662.9,30.68861,-101.82722,20100115,7.6
GHCND:USC00418252,662.9,30.68861,-101.82722,20100415,7.3
GHCND:USC00418252,662.9,30.68861,-101.82722,20100715,3.6
GHCND:USC00418252,662.9,30.68861,-101.82722,20101015,6.6
GHCND:USC00043578,61,38.4305,-122.8647,20100115,4.3
GHCND:USC00043578,61,38.4305,-122.8647,20100415,5.0
GHCND:USC00043578,61,38.4305,-122.8647,20100715,4.3
GHCND:USC00043578,61,38.4305,-122.8647,20101015,4.8
GHCND:USC00416074,1146,33.71861,-102.75861,20100115,9.1
GHCND:USC00416074,1146,33.71861,-102.75861,20100415,8.1
GHCND:USC00416074,1146,33.71861,-102.75861,20100715,4.1
GHCND:USC00416074,1146,33.71861,-102.75861,20101015,7.5
GHCND:USC00419588,22.9,26.178,-97.9708,20100115,9.0
GHCND:USC00419588,22.9,26.178,-97.9708,20100415,6.1
GHCND:USC00419588,22.9,26.178,-97.9708,20100715,2.4
GHCND:USC00419588,22.9,26.178,-97.9708,20101015,5.6
GHCND:USC00304207,381,42.1096,-79.1587,20100115,11.5
GHCND:USC00304207,381,42.1096,-79.1587,20100415,9.2
GHCND:USC00304207,381,42.1096,-79.1587,20100715,5.6
GHCND:USC00304207,381,42.1096,-79.1587,20101015,7.5
GHCND:USC00306464,291.4,42.92944,-78.03194,20100115,11.1
GHCND:USC00306464,291.4,42.92944,-78.03194,20100415,8.9
GHCND:USC00306464,291.4,42.92944,-78.03194,20100715,5.4
GHCND:USC00306464,291.4,42.92944,-78.03194,20101015,7.8
GHCND:USC00419101,65.2,30.8,-94.18333,20100115,9.7
GHCND:USC00419101,65.2,30.8,-94.18333,20100415,7.0
GHCND:USC00419101,65.2,30.8,-94.18333,20100715,2.8
GHCND:USC00419101,65.2,30.793,-94.1819,20101015,7.1
GHCND:USC00043573,731.5,39.2041,-121.068,20100115,5.4
GHCND:USC00043573,731.5,39.2041,-121.068,20100415,7.0
GHCND:USC00043573,731.5,39.2041,-121.068,20100715,5.5
GHCND:USC00043573,731.5,39.2041,-121.068,20101015,6.3
GHCND:USC00307799,807.7,42.01667,-74.41667,20100115,11.5
GHCND:USC00307799,807.7,42.01667,-74.41667,20100415,8.8
GHCND:USC00307799,807.7,42.01667,-74.41667,20100715,5.1
GHCND:USC00307799,807.7,42.01667,-74.41667,20101015,7.9
GHCND:USW00024216,107.6,40.15194,-122.25361,20100115,5.1
GHCND:USW00024216,107.6,40.15194,-122.25361,20100415,6.6
GHCND:USW00024216,107.6,40.15194,-122.25361,20100715,5.6
GHCND:USW00024216,107.6,40.15194,-122.25361,20101015,6.2
GHCND:USW00024215,1077.5,41.3325,-122.33278,20100115,5.8
GHCND:USW00024215,1077.5,41.3325,-122.33278,20100415,6.9
GHCND:USW00024215,1077.5,41.3325,-122.33278,20100715,5.3
GHCND:USW00024215,1077.5,41.3325,-122.33278,20101015,6.0
GHCND:USW00024213,6.1,40.8097,-124.1602,20100115,4.9
GHCND:USW00024213,6.1,40.8097,-124.1602,20100415,3.4
GHCND:USW00024213,6.1,40.8097,-124.1602,20100715,2.4
GHCND:USW00024213,6.1,40.8097,-124.1602,20101015,3.8
GHCND:USW00094958,630.6,41.62361,-98.95167,20100115,11.9
GHCND:USW00094958,630.6,41.62361,-98.95167,20100415,8.4
GHCND:USW00094958,630.6,41.62361,-98.95167,20100715,5.4
GHCND:USW00094958,630.6,41.62361,-98.95167,20101015,8.7
GHCND:USC00014193,67.1,31.525,-87.92778,20100115,9.9
GHCND:USC00014193,67.1,31.5253,-87.9277,20100415,7.2
GHCND:USC00014193,67.1,31.5253,-87.9277,20100715,2.8
GHCND:USC00014193,67.1,31.5253,-87.9277,20101015,7.5
GHCND:USC00415193,141.7,30.4063,-97.0136,20100115,9.8
GHCND:USC00415193,141.7,30.4063,-97.0136,20100415,7.2
GHCND:USC00415193,141.7,30.4063,-97.0136,20100715,2.8
GHCND:USC00415193,141.7,30.4063,-97.0136,20101015,7.2
GHCND:USC00415196,10.7,30.0591,-94.7949,20100115,9.1
GHCND:USC00415196,10.7,30.0591,-94.7949,20100415,6.4
GHCND:USC00415196,10.7,30.0591,-94.7949,20100715,2.6
GHCND:USC00415196,10.7,30.0591,-94.7949,20101015,6.8
GHCND:USC00046610,275.8,36.715,-121.34917,20100115,5.1
GHCND:USC00046610,275.8,36.715,-121.34917,20100415,5.3
GHCND:USC00046610,275.8,36.715,-121.34917,20100715,5.0
GHCND:USC00046610,275.8,36.715,-121.34917,20101015,5.0
GHCND:USC00303346,128,44.354,-75.5123,20100115,14.6
GHCND:USC00303346,128,44.354,-75.5123,20100415,8.6
GHCND:USC00303346,128,44.354,-75.5123,20100715,5.6
GHCND:USC00303346,128,44.354,-75.5123,20101015,7.5
GHCND:USW00094957,298.7,40.08028,-95.59194,20100115,11.6
GHCND:USW00094957,298.7,40.08028,-95.59194,20100415,9.8
GHCND:USW00094957,298.7,40.08028,-95.59194,20100715,5.6
GHCND:USW00094957,298.7,40.08028,-95.59194,20101015,9.0
GHCND:USC00419559,15.2,28.1136,-97.4177,20100115,9.0
GHCND:USC00419559,15.2,28.1136,-97.4177,20100415,6.0
GHCND:USC00419559,15.2,28.1136,-97.4177,20100715,2.2
GHCND:USC00419559,15.2,28.1136,-97.4177,20101015,6.6
GHCND:USW00094949,591.3,40.60444,-98.42722,20100115,11.8
GHCND:USW00094949,591.3,40.60444,-98.42722,20100415,8.9
GHCND:USW00094949,591.3,40.60444,-98.42722,20100715,5.7
GHCND:USW00094949,591.3,40.60444,-98.42722,20101015,9.1
GHCND:USC00046624,791.3,34.5877,-118.0941,20100115,5.6
GHCND:USC00046624,791.3,34.588,-118.0938,20100415,7.2
GHCND:USC00046624,791.3,34.588,-118.0938,20100715,4.9
GHCND:USC00046624,791.3,34.588,-118.0938,20101015,6.2
GHCND:USC00017207,362.7,34.28778,-85.96806,20100115,10.5
GHCND:USC00017207,362.7,34.28778,-85.96806,20100415,8.2
GHCND:USC00017207,362.7,34.28778,-85.96806,20100715,3.3
GHCND:USC00017207,362.7,34.28778,-85.96806,20101015,7.5
GHCND:USC00418236,719.3,35.215,-100.25028,20100115,10.3
GHCND:USC00418236,719.3,35.215,-100.25028,20100415,8.6
GHCND:USC00418236,719.3,35.215,-100.25028,20100715,4.6
GHCND:USC00418236,719.3,35.215,-100.25028,20101015,7.8
GHCND:USC00047953,4.3,34.0081,-118.4989,20100115,4.5
GHCND:USC00047953,4.3,34.0075,-118.49972,20100415,4.0
GHCND:USC00047953,4.3,34.0075,-118.49972,20100715,2.7
GHCND:USC00047953,4.3,34.0075,-118.49972,20101015,3.8
GHCND:USW00094946,771.1,41.43333,-99.63333,20100115,11.8
GHCND:USW00094946,771.1,41.43333,-99.63333,20100415,8.5
GHCND:USW00094946,771.1,41.43333,-99.63333,20100715,5.2
GHCND:USW00094946,771.1,41.43333,-99.63333,20101015,8.6
GHCND:USC00419565,621.8,34.84222,-100.21028,20100115,9.5
GHCND:USC00419565,621.8,34.84222,-100.21028,20100415,8.2
GHCND:USC00419565,621.8,34.84222,-100.21028,20100715,4.3
GHCND:USC00419565,621.8,34.84222,-100.21028,20101015,7.0
GHCND:USC00301152,219.5,42.845,-77.28083,20100115,11.0
GHCND:USC00301152,219.5,42.845,-77.28083,20100415,8.8
GHCND:USC00301152,219.5,42.845,-77.28083,20100715,5.7
GHCND:USC00301152,219.5,42.845,-77.28083,20101015,7.9
GHCND:USW00022010,304.5,29.37722,-100.9275,20100115,7.9
GHCND:USW00022010,304.5,29.37722,-100.9275,20100415,6.8
GHCND:USW00022010,304.5,29.37722,-100.9275,20100715,3.7
GHCND:USW00022010,304.5,29.3784,-100.927,20101015,6.2
GHCND:USC00046635,129.5,33.8275,-116.50972,20100115,5.6
GHCND:USC00046635,129.5,33.8275,-116.50972,20100415,6.7
GHCND:USC00046635,129.5,33.8275,-116.50972,20100715,4.4
GHCND:USC00046635,129.5,33.8275,-116.50972,20101015,6.0
GHCND:USC00047965,53,38.43806,-122.69778,20100115,4.5
GHCND:USC00047965,53,38.43806,-122.69778,20100415,5.1
GHCND:USC00047965,53,38.43806,-122.69778,20100715,4.8
GHCND:USC00047965,53,38.43806,-122.69778,20101015,5.1
GHCND:USC00419532,291.1,32.74833,-97.77,20100115,10.0
GHCND:USC00419532,291.1,32.74833,-97.77,20100415,7.8
GHCND:USC00419532,291.1,32.74833,-97.77,20100715,4.0
GHCND:USC00419532,291.1,32.74833,-97.77,20101015,7.5
GHCND:USW00094978,313.3,41.76361,-96.17778,20100115,11.7
GHCND:USW00094978,313.3,41.76361,-96.17778,20100415,9.0
GHCND:USW00094978,313.3,41.76361,-96.17778,20100715,5.4
GHCND:USW00094978,313.3,41.76361,-96.17778,20101015,9.1
GHCND:USC00418201,1016.8,32.71361,-102.65972,20100115,8.7
GHCND:USC00418201,1016.8,32.71361,-102.65972,20100415,8.0
GHCND:USC00418201,1016.8,32.71361,-102.65972,20100715,4.0
GHCND:USC00418201,1016.8,32.71361,-102.65972,20101015,7.1
GHCND:USC00250760,922,40.0525,-101.53861,20100115,11.2
GHCND:USC00250760,922,40.0525,-101.53861,20100415,9.4
GHCND:USC00250760,922,40.0525,-101.53861,20100715,5.8
GHCND:USC00250760,922,40.0525,-101.53861,20101015,9.0
GHCND:USC00412902,147.5,32.87111,-95.77972,20100115,10.1
GHCND:USC00412902,147.5,32.87111,-95.77972,20100415,7.2
GHCND:USC00412902,147.5,32.87111,-95.77972,20100715,3.3
GHCND:USC00412902,147.5,32.87111,-95.77972,20101015,7.3
GHCND:USC00256075,922,41.0569,-100.7494,20100115,12.0
GHCND:USC00256075,922,41.0569,-100.7494,20100415,9.7
GHCND:USC00256075,922,41.0569,-100.7494,20100715,5.9
GHCND:USC00256075,922,41.0569,-100.7494,20101015,9.3
GHCND:USC00412906,176.8,28.02389,-99.35083,20100115,9.1
GHCND:USC00412906,176.8,28.02389,-99.35083,20100415,6.8
GHCND:USC00412906,176.8,28.02389,-99.35083,20100715,3.2
GHCND:USC00412906,176.8,28.02389,-99.35083,20101015,6.7
GHCND:USC00418692,1125.6,36.33722,-102.07528,20100115,9.9
GHCND:USC00418692,1125.6,36.33722,-102.07528,20100415,8.9
GHCND:USC00418692,1125.6,36.33722,-102.07528,20100715,4.6
GHCND:USC00418692,1125.6,36.33722,-102.07528,20101015,8.1
GHCND:USC00046646,7.6,37.44361,-122.14028,20100115,4.5
GHCND:USC00046646,7.6,37.44361,-122.14028,20100415,5.1
GHCND:USC00046646,7.6,37.44361,-122.14028,20100715,4.1
GHCND:USC00046646,7.6,37.44361,-122.14028,20101015,4.2
GHCND:USC00415183,1082,33.58694,-102.38278,20100115,9.1
GHCND:USC00415183,1082,33.58694,-102.38278,20100415,8.2
GHCND:USC00415183,1082,33.58694,-102.38278,20100715,4.0
GHCND:USC00415183,1082,33.58694,-102.38278,20101015,7.2
GHCND:USC00018998,142.6,33.91111,-87.8475,20100115,10.4
GHCND:USC00018998,142.6,33.91111,-87.8475,20100415,7.9
GHCND:USC00018998,142.6,33.91111,-87.8475,20100715,3.2
GHCND:USC00018998,142.6,33.91111,-87.8475,20101015,7.6
GHCND:USC00018517,90.8,33.73917,-88.1275,20100115,10.5
GHCND:USC00018517,90.8,33.73917,-88.1275,20100415,8.0
GHCND:USC00018517,90.8,33.73917,-88.1275,20100715,3.3
GHCND:USC00018517,90.8,33.73917,-88.1275,20101015,7.9
GHCND:USC00303319,246.9,43.04917,-74.35917,20100115,11.6
GHCND:USC00303319,246.9,43.04917,-74.35917,20100415,8.1
GHCND:USC00045790,73.2,34.0191,-118.1038,20100115,5.2
GHCND:USC00045790,75,34.01917,-118.10528,20100415,5.6
GHCND:USC00045790,75,34.01917,-118.10528,20100715,3.8
GHCND:USC00045790,75,34.01917,-118.10528,20101015,4.9
GHCND:USC00045311,1752.6,40.54111,-121.57667,20100115,7.3
GHCND:USC00045311,1752.6,40.54111,-121.57667,20100415,7.8
GHCND:USC00045311,1752.6,40.54111,-121.57667,20100715,6.1
GHCND:USC00045311,1752.6,40.54111,-121.57667,20101015,7.1
GHCND:USC00045795,117.3,36.59028,-121.91,20100115,4.5
GHCND:USC00045795,117.3,36.59028,-121.91,20100415,4.7
GHCND:USC00045795,117.3,36.59028,-121.91,20100715,3.5
GHCND:USC00045795,117.3,36.59028,-121.91,20101015,5.0
GHCND:USC00417327,494.1,32.36644,-99.19245,20100115,10.3
GHCND:USC00417327,494.1,32.36644,-99.19245,20100415,8.3
GHCND:USC00417327,494.1,32.36644,-99.19245,20100715,4.0
GHCND:USC00417327,494.1,32.36644,-99.19245,20101015,7.8
GHCND:USC00250375,326.1,41.0405,-96.3775,20100115,12.1
GHCND:USC00250375,326.1,41.0405,-96.3775,20100415,10.1
GHCND:USC00250375,326.1,41.0405,-96.3775,20100715,6.1
GHCND:USC00250375,326.1,41.0405,-96.3775,20101015,9.3
GHCND:USC00012883,111.3,33.68472,-87.82139,20100115,10.1
GHCND:USC00012883,111.3,33.68472,-87.82139,20100415,7.6
GHCND:USC00012883,111.3,33.68472,-87.82139,20100715,3.2
GHCND:USC00012883,111.3,33.68472,-87.82139,20101015,7.5
GHCND:USW00024259,808,41.78139,-122.46806,20100115,5.7
GHCND:USW00024259,808,41.78139,-122.46806,20100415,6.0
GHCND:USW00024259,808,41.78139,-122.46806,20100715,4.6
GHCND:USW00024259,808,41.78139,-122.46806,20101015,5.8
GHCND:USW00024257,151.5,40.5175,-122.29861,20100115,5.3
GHCND:USW00024257,151.5,40.5175,-122.29861,20100415,6.7
GHCND:USW00024257,151.5,40.5175,-122.29861,20100715,5.6
GHCND:USW00024257,151.5,40.5175,-122.29861,20101015,6.2
GHCND:USC00040436,293.2,35.27611,-116.06278,20100115,5.4
GHCND:USC00040436,293.2,35.27611,-116.06278,20100415,7.0
GHCND:USC00040436,293.2,35.27611,-116.06278,20100715,4.8
GHCND:USC00040436,293.2,35.27611,-116.06278,20101015,6.1
GHCND:USC00083163,4.9,26.10194,-80.20111,20100115,7.0
GHCND:USC00083163,4.9,26.10194,-80.20111,20100415,3.9
GHCND:USC00083163,4.9,26.10194,-80.20111,20100715,2.0
GHCND:USC00083163,4.9,26.10194,-80.20111,20101015,2.9
GHCND:USC00083168,1.2,26.14083,-80.10722,20100115,7.5
GHCND:USC00083168,1.2,26.14083,-80.10722,20100415,4.0
GHCND:USC00083168,1.2,26.14083,-80.10722,20100715,1.8
GHCND:USC00083168,1.2,26.14083,-80.10722,20101015,3.0
GHCND:USC00047085,1478.3,39.8053,-120.4719,20100115,7.2
GHCND:USC00047085,1478.3,39.8053,-120.4719,20100415,6.4
GHCND:USC00047085,1478.3,39.8053,-120.4719,20100715,5.3
GHCND:USC00047085,1478.3,39.8053,-120.4719,20101015,5.6
GHCND:USC00040449,524.3,36.90917,-119.08833,20100115,5.0
GHCND:USC00040449,524.3,36.90917,-119.08833,20100415,7.3
GHCND:USC00040449,524.3,36.9092,-119.0883,20100715,5.3
GHCND:USC00040449,524.3,36.9092,-119.0883,20101015,6.6
GHCND:USC00419522,190.8,32.42806,-96.84222,20100115,9.7
GHCND:USC00419522,190.8,32.42806,-96.84222,20100415,7.0
GHCND:USC00419522,190.8,32.42806,-96.84222,20100715,3.4
GHCND:USC00419522,190.8,32.428,-96.8422,20101015,7.1
GHCND:USC00301595,356.3,42.66717,-74.44239,20100115,11.9
GHCND:USC00301595,356.3,42.66717,-74.44239,20100415,8.7
GHCND:USC00301595,356.3,42.66717,-74.44239,20100715,5.4
GHCND:USC00301595,356.3,42.66717,-74.44239,20101015,7.7
GHCND:USC00303773,274.9,42.77444,-77.60806,20100115,11.4
GHCND:USC00303773,274.9,42.77444,-77.60806,20100415,8.8
GHCND:USC00303773,274.9,42.77444,-77.60806,20100715,5.4
GHCND:USC00303773,274.9,42.77444,-77.60806,20101015,7.7
GHCND:USC00301110,176.8,43.3305,-75.8416,20100115,13.0
GHCND:USC00301110,176.8,43.3305,-75.8416,20100415,9.0
GHCND:USC00301110,176.8,43.3305,-75.8416,20100715,5.6
GHCND:USC00301110,176.8,43.3305,-75.8416,20101015,7.5
GHCND:USC00018178,118.9,31.91722,-87.73472,20100115,9.8
GHCND:USC00018178,118.9,31.91722,-87.73472,20100415,7.3
GHCND:USC00018178,118.9,31.91722,-87.73472,20100715,2.8
GHCND:USC00018178,118.9,31.91722,-87.73472,20101015,7.1
GHCND:USC00087982,3.7,28.81472,-81.27778,20100115,8.7
GHCND:USC00087982,3.7,28.81472,-81.27778,20100415,5.4
GHCND:USC00087982,3.7,28.8147,-81.2778,20100715,2.3
GHCND:USC00087982,3.7,28.8147,-81.2778,20101015,4.7
GHCND:USC00253425,615.7,41.5462,-98.5331,20100115,12.6
GHCND:USC00253425,615.7,41.5462,-98.5331,20100415,9.8
GHCND:USC00253425,615.7,41.5462,-98.5331,20100715,5.6
GHCND:USC00253425,615.7,41.5462,-98.5331,20101015,9.0
GHCND:USC00082298,6.1,26.60333,-81.12917,20100115,8.2
GHCND:USC00082298,6.1,26.60333,-81.12917,20100415,4.7
GHCND:USC00082298,6.1,26.60333,-81.12917,20100715,2.2
GHCND:USC00082298,6.1,26.60333,-81.12917,20101015,4.0
GHCND:USC00418646,215.2,31.03722,-97.52833,20100115,9.6
GHCND:USC00418646,215.2,31.03722,-97.52833,20100415,6.9
GHCND:USC00418646,215.2,31.03722,-97.52833,20100715,3.2
GHCND:USC00418646,215.2,31.03722,-97.52833,20101015,7.3
GHCND:USC00041312,121.9,38.59611,-122.60139,20100115,4.7
GHCND:USC00041312,121.9,38.59611,-122.60139,20100415,5.9
GHCND:USC00041312,121.9,38.59611,-122.60139,20100715,4.6
GHCND:USC00041312,121.9,38.59611,-122.60139,20101015,5.5
GHCND:USC00252100,829.4,40.6741,-100.4936,20100115,11.4
GHCND:USC00252100,829.4,40.6741,-100.4936,20100415,9.4
GHCND:USC00252100,829.4,40.6741,-100.4936,20100715,5.7
GHCND:USC00252100,829.4,40.6741,-100.4936,20101015,8.6
GHCND:USC00041316,970.8,41.31111,-122.80444,20100115,6.3
GHCND:USC00041316,970.8,41.31111,-122.80444,20100415,6.5
GHCND:USC00041316,970.8,41.3111,-122.8044,20100715,5.2
GHCND:USC00041316,970.8,41.3111,-122.8044,20101015,5.7
GHCND:USC00088841,1.5,25.0069,-80.5211,20100115,6.6
GHCND:USC00088841,1.5,25.0069,-80.5211,20100415,3.6
GHCND:USC00088841,1.5,25.0069,-80.5211,20100715,2.1
GHCND:USC00088841,1.5,25.0069,-80.5211,20101015,2.9
GHCND:USC00308248,515.1,43.8999,-75.0367,20100115,14.0
GHCND:USC00308248,515.1,43.8999,-75.0367,20100415,8.9
GHCND:USC00308248,515.1,43.8999,-75.0367,20100715,5.5
GHCND:USC00308248,515.1,43.8999,-75.0367,20101015,8.0
GHCND:USW00093230,1924.5,38.89833,-119.99472,20100115,7.4
GHCND:USW00093230,1924.5,38.89833,-119.99472,20100415,6.6
GHCND:USW00093230,1924.5,38.89833,-119.99472,20100715,4.8
GHCND:USW00093230,1924.5,38.8983,-119.9947,20101015,5.5
GHCND:USC00044838,1453.9,41.74,-121.5066,20100115,6.9
GHCND:USC00044838,1453.9,41.74,-121.5066,20100415,8.2
GHCND:USC00044838,1453.9,41.74,-121.5066,20100715,6.5
GHCND:USC00044838,1453.9,41.74,-121.5066,20101015,7.9
GHCND:USC00419952,89.9,29.2738,-97.1555,20100115,9.5
GHCND:USC00419952,89.9,29.2738,-97.1555,20100415,6.6
GHCND:USC00419952,89.9,29.2738,-97.1555,20100715,2.7
GHCND:USC00419952,89.9,29.2738,-97.1555,20101015,6.9
GHCND:USC00412082,778.5,31.4072,-102.3577,20101015,7.1
GHCND:USW00093225,7,38.69556,-121.58972,20100115,4.5
GHCND:USW00093225,7,38.69556,-121.58972,20100415,5.5
GHCND:USW00093225,7,38.69556,-121.58972,20100715,5.0
GHCND:USW00093225,7,38.69556,-121.58972,20101015,4.7
GHCND:USW00093227,4.3,38.21028,-122.28472,20100115,4.5
GHCND:USW00093227,4.3,38.21028,-122.28472,20100415,4.7
GHCND:USW00093227,4.3,38.21028,-122.28472,20100715,4.0
GHCND:USW00093227,4.3,38.21028,-122.28472,20101015,4.1
GHCND:USW00093228,13.1,37.6542,-122.115,20100115,4.1
GHCND:USW00093228,13.1,37.6542,-122.115,20100415,4.7
GHCND:USW00093228,13.1,37.6542,-122.115,20100715,4.3
GHCND:USW00093228,13.1,37.6542,-122.115,20101015,4.2
GHCND:USC00080945,6.1,27.44667,-82.50139,20100115,8.4
GHCND:USC00080945,6.1,27.44667,-82.50139,20100415,4.9
GHCND:USC00080945,6.1,27.44667,-82.50139,20100715,2.0
GHCND:USC00080945,6.1,27.4467,-82.5014,20101015,4.6
GHCND:USC00010655,182.9,34.69083,-86.8825,20100115,10.5
GHCND:USC00010655,182.9,34.6908,-86.8824,20100415,8.0
GHCND:USC00010655,182.9,34.6908,-86.8824,20100715,3.5
GHCND:USC00010655,182.9,34.6908,-86.8824,20101015,7.6
GHCND:USC00086240,18.3,30.53139,-86.49194,20100115,9.0
GHCND:USC00086240,18.3,30.5316,-86.4928,20100415,5.9
GHCND:USC00086240,18.3,30.5316,-86.4928,20100715,2.7
GHCND:USC00086240,18.3,30.5316,-86.4928,20101015,6.6
GHCND:USC00306085,301.4,42.5117,-75.5197,20100115,11.5
GHCND:USC00306085,301.4,42.5117,-75.5197,20100415,8.4
GHCND:USC00306085,301.4,42.5117,-75.5197,20100715,5.2
GHCND:USC00306085,301.4,42.5117,-75.5197,20101015,7.2
GHCND:USC00417300,372.2,31.96333,-98.49417,20100115,9.5
GHCND:USC00417300,372.2,31.96333,-98.49417,20100415,7.9
GHCND:USC00417300,372.2,31.96333,-98.49417,20100715,3.5
GHCND:USC00417300,372.2,31.96333,-98.49417,20101015,7.3
GHCND:USC00414278,591.9,31.84556,-99.56056,20100115,10.1
GHCND:USC00414278,591.9,31.84556,-99.56056,20100415,8.2
GHCND:USC00414278,591.9,31.84556,-99.56056,20100715,3.7
GHCND:USC00414278,591.9,31.84556,-99.56056,20101015,7.4
GHCND:USC00417782,589.8,32.85556,-100.46111,20100115,9.9
GHCND:USC00417782,589.8,32.85556,-100.46111,20100415,8.1
GHCND:USC00417782,589.8,32.85556,-100.46111,20100715,4.3
GHCND:USC00417782,589.8,32.85556,-100.46111,20101015,7.5
GHCND:USC00418630,694.9,31.8347,-100.9827,20100115,9.2
GHCND:USC00418630,694.9,31.8347,-100.9827,20100415,8.1
GHCND:USC00418630,694.9,31.8347,-100.9827,20100715,3.9
GHCND:USC00418630,694.9,31.8347,-100.9827,20101015,7.3
GHCND:USC00250355,828.4,41.4224,-100.184,20100115,11.8
GHCND:USC00250355,828.4,41.4224,-100.184,20100415,9.3
GHCND:USC00250355,828.4,41.4224,-100.184,20100715,5.8
GHCND:USC00250355,828.4,41.4224,-100.184,20101015,8.8
GHCND:USC00251200,762,41.4083,-99.675,20100115,12.5
GHCND:USC00251200,762,41.4083,-99.675,20100415,9.8
GHCND:USC00251200,762,41.4083,-99.675,20100715,6.0
GHCND:USC00251200,762,41.4083,-99.675,20101015,9.0
GHCND:USC00251684,533.4,40.5208,-98.0536,20100115,11.8
GHCND:USC00251684,533.4,40.5208,-98.0536,20100415,9.4
GHCND:USC00251684,533.4,40.5208,-98.0536,20100715,5.5
GHCND:USC00251684,533.4,40.5208,-98.0536,20101015,8.8
GHCND:USC00415579,1215.8,30.1925,-103.27167,20100115,7.4
GHCND:USC00415579,1215.8,30.1925,-103.27167,20100415,6.5
GHCND:USC00415579,1215.8,30.1925,-103.27167,20100715,3.2
GHCND:USC00415579,1215.8,30.1925,-103.27167,20101015,5.8
GHCND:USC00012813,7,30.54667,-87.88083,20100115,9.7
GHCND:USC00012813,7,30.54667,-87.88083,20100415,6.0
GHCND:USC00012813,7,30.54667,-87.88083,20100715,2.8
GHCND:USC00012813,7,30.54667,-87.88083,20101015,6.7
GHCND:USW00024286,17.1,41.78028,-124.23667,20100115,4.5
GHCND:USW00024286,17.1,41.78028,-124.23667,20100415,3.0
GHCND:USW00024286,17.1,41.78028,-124.23667,20100715,2.6
GHCND:USW00024286,17.1,41.78028,-124.23667,20101015,3.7
GHCND:USW00024283,61,40.97806,-124.10861,20100115,5.3
GHCND:USW00024283,61,40.97806,-124.10861,20100415,3.9
GHCND:USW00024283,61,40.97806,-124.10861,20100715,2.6
GHCND:USW00024283,61,40.97806,-124.10861,20101015,4.4
GHCND:USW00093241,34.4,38.37694,-121.96139,20100115,4.5
GHCND:USW00093241,34.4,38.37694,-121.96139,20100415,5.7
GHCND:USW00093241,34.4,38.37694,-121.96139,20100715,5.5
GHCND:USW00093241,33.2,38.3775,-121.9575,20101015,5.1
GHCND:USW00093242,77.1,36.98778,-120.11056,20100115,5.0
GHCND:USW00093242,77.1,36.98778,-120.11056,20100415,6.0
GHCND:USW00093242,77.1,36.98778,-120.11056,20100715,5.0
GHCND:USW00093242,77.1,36.98778,-120.11056,20101015,5.1
GHCND:USC00250365,1066.8,41.56972,-101.69139,20100115,12.0
GHCND:USC00250365,1066.8,41.56972,-101.69139,20100415,9.9
GHCND:USC00250365,1066.8,41.56972,-101.69139,20100715,5.9
GHCND:USC00250365,1066.8,41.56972,-101.69139,20101015,9.2
GHCND:USC00040029,1278.6,41.1936,-120.9447,20100115,7.3
GHCND:USC00040029,1278.6,41.1936,-120.9447,20100415,7.1
GHCND:USC00040029,1278.6,41.1936,-120.9447,20100715,5.7
GHCND:USC00040029,1278.6,41.1936,-120.9447,20101015,7.0
GHCND:USC00253365,787.9,40.94,-100.1522,20100115,11.4
GHCND:USC00253365,787.9,40.94,-100.1522,20100415,9.2
GHCND:USC00253365,787.9,40.94,-100.1522,20100715,5.7
GHCND:USC00253365,787.9,40.94,-100.1522,20101015,8.2
GHCND:USC00252037,426.7,42.7363,-97.4969,20100115,13.0
GHCND:USC00252037,426.7,42.7363,-97.4969,20100415,9.8
GHCND:USC00252037,426.7,42.7363,-97.4969,20100715,6.2
GHCND:USC00252037,426.7,42.7363,-97.4969,20101015,9.3
GHCND:USC00046136,847.6,39.2466,-121.0008,20100115,5.8
GHCND:USC00046136,847.6,39.2466,-121.0008,20100415,7.7
GHCND:USC00046136,847.6,39.2466,-121.0008,20100715,5.4
GHCND:USC00046136,847.6,39.2466,-121.0008,20101015,7.5
GHCND:USC00414348,496.8,29.988,-101.1786,20100115,7.5
GHCND:USC00414348,496.8,29.988,-101.1786,20100415,7.1
GHCND:USC00414348,496.8,29.988,-101.1786,20100715,3.8
GHCND:USC00414348,496.8,29.988,-101.1786,20101015,6.6
GHCND:USC00010178,59.4,33.12722,-88.155,20100115,10.2
GHCND:USC00010178,59.4,33.12722,-88.155,20100415,7.4
GHCND:USC00010178,59.4,33.12722,-88.155,20100715,3.1
GHCND:USC00010178,59.4,33.12722,-88.155,20101015,7.5
GHCND:USC00300668,536.4,43.8,-74.86667,20100115,13.2
GHCND:USC00300668,536.4,43.8,-74.86667,20100415,7.9
GHCND:USC00300668,536.4,43.8,-74.86667,20100715,5.4
GHCND:USC00300668,536.4,43.8,-74.8667,20101015,7.5
GHCND:USC00046144,3,37.51472,-122.0325,20100115,4.3
GHCND:USC00046144,3,37.51472,-122.0325,20100415,5.0
GHCND:USC00046144,3,37.51472,-122.0325,20100715,4.2
GHCND:USC00046144,3,37.51472,-122.0325,20101015,4.4
GHCND:USC00412173,54.3,29.0925,-97.318,20100115,9.5
GHCND:USC00412173,54.3,29.0925,-97.318,20100415,6.7
GHCND:USC00412173,54.3,29.0925,-97.318,20100715,2.5
GHCND:USC00412173,54.3,29.0925,-97.318,20101015,6.8
GHCND:USC00046161,538,34.3933,-118.5938,20100115,6.4
GHCND:USC00046161,538,34.39306,-118.59361,20100415,7.4
GHCND:USC00046161,538,34.39306,-118.59361,20100715,5.8
GHCND:USC00046161,538,34.39306,-118.59361,20101015,7.1
GHCND:USC00041700,1380.7,40.3033,-121.2422,20100115,5.6
GHCND:USC00041700,1380.7,40.3033,-121.2422,20100415,6.7
GHCND:USC00041700,1380.7,40.3033,-121.2422,20100715,5.2
GHCND:USC00041700,1380.7,40.3033,-121.2422,20101015,6.0
GHCND:USC00255565,658.4,40.5155,-98.9513,20100115,11.8
GHCND:USC00255565,658.4,40.5155,-98.9513,20100415,9.6
GHCND:USC00255565,658.4,40.5155,-98.9513,20100715,5.4
GHCND:USC00255565,658.4,40.5155,-98.9513,20101015,8.9
GHCND:USC00046154,658.4,34.9455,-119.6827,20100115,5.7
GHCND:USC00046154,658.4,34.9455,-119.6827,20100415,6.6
GHCND:USC00046154,658.4,34.9455,-119.6827,20100715,5.1
GHCND:USC00046154,658.4,34.9455,-119.6827,20101015,6.0
GHCND:USC00415650,466.6,30.74765,-99.23067,20100115,9.3
GHCND:USC00415650,466.6,30.74765,-99.23067,20100415,7.5
GHCND:USC00415650,466.6,30.74765,-99.23067,20100715,3.5
GHCND:USC00415650,466.6,30.74765,-99.23067,20101015,7.1
GHCND:USC00414326,5.8,29.73,-95.27361,20100115,9.1
GHCND:USC00414326,5.8,29.73,-95.27361,20100415,5.9
GHCND:USC00414326,5.8,29.73,-95.27361,20100715,2.5
GHCND:USC00414326,5.8,29.73,-95.27361,20101015,6.5
GHCND:USC00082229,7.6,29.0181,-81.3106,20100115,8.8
GHCND:USC00082229,7.6,29.0181,-81.3106,20100415,5.5
GHCND:USC00082229,7.6,29.0181,-81.3106,20100715,2.3
GHCND:USC00082229,7.6,29.0181,-81.3106,20101015,5.1
GHCND:USC00046174,292.6,38.00472,-120.48639,20100115,4.8
GHCND:USC00046174,292.6,38.00472,-120.48639,20100415,6.9
GHCND:USC00046174,292.6,38.00472,-120.48639,20100715,5.8
GHCND:USC00046174,292.6,38.00472,-120.48639,20101015,6.6
GHCND:USC00048351,29.6,38.29944,-122.46222,20100115,4.4
GHCND:USC00048351,29.6,38.29944,-122.46222,20100415,5.3
GHCND:USC00048351,29.6,38.29944,-122.46222,20100715,4.6
GHCND:USC00048351,29.6,38.29944,-122.46222,20101015,4.5
GHCND:USC00415659,3,28.68361,-95.97333,20100115,8.5
GHCND:USC00415659,3,28.68361,-95.97333,20100415,5.4
GHCND:USC00415659,3,28.68361,-95.97333,20100715,2.3
GHCND:USC00415659,3,28.68361,-95.97333,20101015,6.3
GHCND:USC00415658,708.4,34.00917,-100.80139,20100115,10.5
GHCND:USC00415658,722.4,34.025,-100.81722,20100415,9.0
GHCND:USC00415658,722.4,34.025,-100.81722,20100715,4.7
GHCND:USC00415658,722.4,34.025,-100.81722,20101015,8.3
GHCND:USC00041715,56.4,39.69111,-121.82111,20100115,4.9
GHCND:USC00041715,56.4,39.69111,-121.82111,20100415,6.3
GHCND:USC00041715,56.4,39.69111,-121.82111,20100715,5.2
GHCND:USC00041715,56.4,39.69111,-121.82111,20101015,5.6
GHCND:USC00010160,195.1,32.9452,-85.948,20100115,9.3
GHCND:USC00010160,195.1,32.9452,-85.948,20100415,7.0
GHCND:USC00010160,195.1,32.9452,-85.948,20100715,3.3
GHCND:USC00010160,195.1,32.9452,-85.948,20101015,7.1
GHCND:USC00252065,796.7,40.23333,-100.82917,20100115,11.1
GHCND:USC00252065,796.7,40.23333,-100.82917,20100415,9.3
GHCND:USC00252065,796.7,40.23333,-100.82917,20100715,5.9
GHCND:USC00252065,796.7,40.23333,-100.82917,20101015,8.7
GHCND:USC00082220,74.7,30.72444,-86.09389,20100115,9.3
GHCND:USC00082220,74.7,30.72444,-86.09389,20100415,6.4
GHCND:USC00082220,74.7,30.72444,-86.09389,20100715,2.8
GHCND:USC00082220,74.7,30.72444,-86.09389,20101015,6.6
GHCND:USC00417841,219.5,31.8093,-95.1428,20100115,10.1
GHCND:USC00417841,219.5,31.8093,-95.1428,20100415,6.9
GHCND:USC00417841,219.5,31.8093,-95.1428,20100715,3.1
GHCND:USC00417841,219.5,31.8093,-95.1428,20101015,7.1
GHCND:USC00301974,201.2,42.5655,-77.7176,20100115,11.4
GHCND:USC00301974,201.2,42.5655,-77.7176,20100415,9.5
GHCND:USC00301974,201.2,42.5655,-77.7176,20100715,5.6
GHCND:USC00301974,201.2,42.5655,-77.7176,20101015,7.7
GHCND:USC00413485,251.8,31.41444,-97.70194,20100715,3.1
GHCND:USC00413485,251.8,31.41444,-97.70194,20101015,7.3
GHCND:USC00414333,5.8,29.47167,-95.08333,20100115,9.0
GHCND:USC00414333,5.8,29.47167,-95.08333,20100415,6.0
GHCND:USC00414333,5.8,29.47167,-95.08333,20100715,2.1
GHCND:USC00414333,5.8,29.47167,-95.08333,20101015,6.4
GHCND:USC00046168,27.4,37.28111,-121.01778,20100115,5.0
GHCND:USC00046168,27.4,37.28111,-121.01778,20100415,6.1
GHCND:USC00046168,27.4,37.28111,-121.01778,20100715,5.3
GHCND:USC00046168,27.4,37.28111,-121.01778,20101015,4.9
GHCND:USC00415661,42.1,28.03694,-97.8725,20100115,9.2
GHCND:USC00415661,42.1,28.03694,-97.8725,20100415,6.6
GHCND:USC00415661,42.1,28.03694,-97.8725,20100715,2.6
GHCND:USC00415661,42.1,28.03694,-97.8725,20101015,6.2
GHCND:USC00412598,447.4,32.0627,-98.3047,20100115,10.2
GHCND:USC00412598,447.4,32.0627,-98.3047,20100415,7.7
GHCND:USC00412598,447.4,32.0627,-98.3047,20100715,3.6
GHCND:USC00412598,447.4,32.0627,-98.3047,20101015,7.3
GHCND:USC00412114,105.8,31.30722,-95.45083,20100115,9.8
GHCND:USC00412114,105.8,31.30722,-95.45083,20100415,7.1
GHCND:USC00412114,105.8,31.30722,-95.45083,20100715,3.3
GHCND:USC00412114,105.8,31.3072,-95.4509,20101015,7.4
GHCND:USC00416959,873.3,29.66028,-103.17361,20100115,8.0
GHCND:USC00416959,873.3,29.66028,-103.17361,20100415,7.2
GHCND:USC00416959,873.3,29.66028,-103.17361,20100715,4.2
GHCND:USC00416959,873.3,29.66028,-103.17361,20101015,6.7
GHCND:USC00014502,225.6,32.90694,-85.43361,20100115,9.4
GHCND:USC00014502,225.6,32.90694,-85.43361,20100415,6.9
GHCND:USC00014502,225.6,32.90694,-85.43361,20100715,3.0
GHCND:USC00014502,225.6,32.90694,-85.43361,20101015,7.2
GHCND:USC00301966,408.4,44.7192,-73.7205,20100115,12.4
GHCND:USC00301966,408.4,44.7192,-73.7205,20100415,8.8
GHCND:USC00301966,408.4,44.7192,-73.7205,20100715,5.2
GHCND:USC00301966,408.4,44.7192,-73.7205,20101015,7.9
GHCND:USC00251145,1117.4,41.6675,-103.1042,20100115,10.8
GHCND:USC00251145,1117.4,41.6675,-103.1042,20100415,8.7
GHCND:USC00251145,1117.4,41.668,-103.1038,20100715,5.5
GHCND:USC00251145,1117.4,41.668,-103.1038,20101015,7.9
GHCND:USC00046175,3,33.6031,-117.8836,20100115,4.2
GHCND:USC00046175,3,33.6031,-117.8836,20100415,3.4
GHCND:USC00046175,3,33.6031,-117.8836,20100715,2.8
GHCND:USC00046175,3,33.6031,-117.8836,20101015,3.3
GHCND:USC00048353,510.5,37.9672,-120.3872,20100115,5.3
GHCND:USC00048353,510.5,37.9672,-120.3872,20100415,6.5
GHCND:USC00048353,510.5,37.9672,-120.3872,20100715,5.4
GHCND:USC00048353,510.5,37.9672,-120.3872,20101015,6.2
GHCND:USC00049200,33.5,38.39556,-121.96083,20100115,4.7
GHCND:USC00049684,412.4,39.4194,-123.3425,20100115,4.9
GHCND:USC00049684,412.4,39.4194,-123.3425,20100415,6.0
GHCND:USC00049684,412.4,39.4194,-123.3425,20100715,5.3
GHCND:USC00049684,412.4,39.4194,-123.3425,20101015,5.3
GHCND:USC00412121,917.4,33.65167,-101.245,20100115,9.7
GHCND:USC00412121,917.4,33.65167,-101.245,20100415,8.7
GHCND:USC00412121,917.4,33.65167,-101.245,20100715,4.2
GHCND:USC00412121,917.4,33.65167,-101.245,20101015,7.6
GHCND:USC00414782,543.2,30.0744,-99.1086,20100115,9.4
GHCND:USC00414782,543.2,30.0744,-99.1086,20100415,7.5
GHCND:USC00414782,543.2,30.0744,-99.1086,20100715,3.3
GHCND:USC00414782,543.2,30.0744,-99.1086,20101015,7.5
GHCND:USC00304731,481.6,41.8017,-74.74,20100115,11.0
GHCND:USC00304731,481.6,41.8017,-74.74,20100415,8.6
GHCND:USC00304731,481.6,41.8017,-74.74,20100715,5.3
GHCND:USC00304731,481.6,41.8017,-74.74,20101015,7.5
GHCND:USC00013645,132.6,34.0966,-87.9913,20100115,10.7
GHCND:USC00013645,132.6,34.0966,-87.9913,20100415,8.2
GHCND:USC00013645,132.6,34.0966,-87.9913,20100715,3.2
GHCND:USC00013645,132.6,34.0966,-87.9913,20101015,7.9
GHCND:USC00043914,823,33.2372,-116.7614,20100115,5.2
GHCND:USC00043914,823,33.2372,-116.7614,20100415,6.1
GHCND:USC00043914,823,33.2372,-116.7614,20100715,5.6
GHCND:USC00043914,823,33.2372,-116.7614,20101015,5.6
GHCND:USC00252000,1164.3,41.7608,-102.4372,20100115,12.4
GHCND:USC00252000,1164.3,41.7608,-102.4372,20100415,9.7
GHCND:USC00252000,1164.3,41.7608,-102.4372,20100715,6.1
GHCND:USC00252000,1164.3,41.7608,-102.4372,20101015,9.3
GHCND:USC00049699,71,39.523,-122.3058,20100115,5.0
GHCND:USC00049699,71,39.523,-122.3058,20100415,6.5
GHCND:USC00049699,71,39.523,-122.3058,20100715,5.3
GHCND:USC00049699,71,39.523,-122.3058,20101015,5.9
GHCND:USC00088824,2.4,28.15861,-82.76444,20100115,8.5
GHCND:USC00088824,2.4,28.15861,-82.76444,20100415,4.8
GHCND:USC00088824,2.4,28.15222,-82.75389,20100715,2.1
GHCND:USC00088824,2.4,28.1522,-82.7538,20101015,5.3
GHCND:USC00255997,470.9,42.0288,-97.4855,20100115,12.3
GHCND:USC00255997,470.9,42.0288,-97.4855,20100415,9.0
GHCND:USC00255997,470.9,42.0288,-97.4855,20100715,5.3
GHCND:USC00255997,470.9,42.0288,-97.4855,20101015,9.0
GHCND:USC00083137,14.9,27.51389,-80.76944,20101015,3.9
GHCND:USC00414792,256.3,31.08333,-97.68333,20100115,9.9
GHCND:USC00414792,248.4,31.0658,-97.6919,20100415,6.9
GHCND:USC00414792,256.3,31.08333,-97.68333,20100715,3.2
GHCND:USC00414792,256.3,31.08333,-97.68333,20101015,7.3
GHCND:USC00047050,317,34.08111,-117.76556,20100115,5.6
GHCND:USC00047050,317,34.08167,-117.76583,20100415,5.6
GHCND:USC00047050,317,34.08167,-117.76583,20100715,4.8
GHCND:USC00047050,317,34.08167,-117.76583,20101015,5.4
GHCND:USC00416932,894,31.73556,-102.58944,20100115,8.7
GHCND:USC00416932,894,31.73556,-102.58944,20100415,7.9
GHCND:USC00416932,894,31.73556,-102.58944,20100715,4.1
GHCND:USC00416932,894,31.73556,-102.58944,20101015,7.1
GHCND:USC00048380,1538.3,37.50722,-119.63306,20100115,6.5
GHCND:USC00048380,1538.3,37.50722,-119.63306,20100415,7.3
GHCND:USC00048380,1538.3,37.50722,-119.63306,20100715,5.2
GHCND:USC00048380,1538.3,37.50722,-119.63306,20101015,6.9
GHCND:USC00086618,15.2,29.4794,-81.9681,20100115,9.8
GHCND:USC00086618,15.2,29.4794,-81.9681,20100415,5.8
GHCND:USC00086618,15.2,29.4794,-81.9681,20100715,2.2
GHCND:USC00086618,15.2,29.4794,-81.9681,20101015,5.7
GHCND:USC00411246,232.3,32.50667,-97.34417,20100115,9.9
GHCND:USC00411246,232.3,32.50667,-97.34417,20100415,7.2
GHCND:USC00411246,232.3,32.50667,-97.34417,20100715,3.7
GHCND:USC00411246,232.3,32.50667,-97.34417,20101015,7.2
GHCND:USC00411250,391.7,30.75861,-98.23389,20100115,9.4
GHCND:USC00411250,391.7,30.75861,-98.23389,20100415,7.1
GHCND:USC00411250,391.7,30.75861,-98.23389,20100715,3.1
GHCND:USC00411250,391.7,30.75861,-98.23389,20101015,7.4
GHCND:USC00412585,330.4,30.2195,-97.9879,20100115,9.6
GHCND:USC00412585,330.4,30.2195,-97.9879,20100415,6.9
GHCND:USC00412585,330.4,30.2195,-97.9879,20100715,3.4
GHCND:USC00412585,330.4,30.2195,-97.9879,20101015,7.4
GHCND:USC00415611,118.3,31.33389,-96.85722,20100115,9.4
GHCND:USC00415611,118.3,31.33389,-96.85722,20100415,7.0
GHCND:USC00415611,117.3,31.33389,-96.85722,20100715,3.5
GHCND:USC00415611,117.3,31.33389,-96.85722,20101015,6.9
GHCND:USC00041758,17.1,32.64,-117.0858,20100115,4.3
GHCND:USC00041758,17.1,32.64,-117.0858,20100415,3.6
GHCND:USC00041758,17.1,32.64,-117.0858,20100715,2.9
GHCND:USC00041758,17.1,32.64,-117.0858,20101015,3.6
GHCND:USC00013620,280.4,34.2311,-87.6347,20100115,10.7
GHCND:USC00013620,280.4,34.2311,-87.6347,20100415,8.1
GHCND:USC00013620,280.4,34.2311,-87.6347,20100715,3.4
GHCND:USC00013620,280.4,34.2314,-87.6352,20101015,7.7
GHCND:USC00043939,1179.6,37.9613,-119.783,20100115,5.9
GHCND:USC00043939,1179.6,37.9613,-119.783,20100415,8.0
GHCND:USC00043939,1179.6,37.9613,-119.783,20100715,5.0
GHCND:USC00043939,1179.6,37.9613,-119.783,20101015,7.0
GHCND:USC00415618,107.3,32.5402,-94.3508,20100115,10.1
GHCND:USC00415618,107.3,32.5402,-94.3508,20100415,7.4
GHCND:USC00415618,107.3,32.5402,-94.3508,20100715,3.4
GHCND:USC00415618,107.3,32.5402,-94.3508,20101015,7.3
GHCND:USC00252020,437.4,40.6194,-96.9469,20100115,12.0
GHCND:USC00252020,437.4,40.6194,-96.9469,20100415,9.8
GHCND:USC00252020,437.4,40.6194,-96.9469,20100715,5.5
GHCND:USC00252020,437.4,40.6194,-96.9469,20101015,8.8
GHCND:USC00253355,1127.8,42.8947,-102.2036,20100115,12.8
GHCND:USC00253355,1127.8,42.8947,-102.2036,20100415,10.1
GHCND:USC00253355,1127.8,42.8947,-102.2036,20100715,6.5
GHCND:USC00253355,1127.8,42.8947,-102.2036,20101015,9.9
GHCND:USC00257715,438.9,40.9,-97.09083,20100115,11.9
GHCND:USC00257715,438.9,40.9,-97.09083,20100415,9.8
GHCND:USC00257715,438.9,40.9,-97.09083,20100715,5.6
GHCND:USC00257715,438.9,40.9,-97.09083,20101015,8.9
GHCND:USC00416950,896.7,36.38972,-100.82389,20100115,9.9
GHCND:USC00416950,896.7,36.38972,-100.82389,20100415,8.6
GHCND:USC00416950,896.7,36.3897,-100.8238,20100715,4.8
GHCND:USC00416950,896.7,36.3897,-100.8238,20101015,7.9
GHCND:USC00414770,1399.6,31.01694,-104.11028,20100115,9.1
GHCND:USC00414770,1399.6,31.01694,-104.11028,20100415,7.8
GHCND:USC00414770,1402.7,31.01583,-104.11083,20100715,4.3
GHCND:USC00414770,1402.7,31.01583,-104.11083,20101015,7.0
GHCND:USC00081306,1.8,25.67194,-80.15667,20100115,7.3
GHCND:USC00081306,1.8,25.67194,-80.15667,20100415,3.6
GHCND:USC00081306,1.8,25.67194,-80.15667,20100715,1.9
GHCND:USC00081306,1.8,25.67194,-80.15667,20101015,2.9
GHCND:USC00048713,483.4,38.37722,-120.80083,20100115,5.5
GHCND:USC00048713,483.4,38.37722,-120.80083,20100415,6.9
GHCND:USC00048713,483.4,38.37722,-120.80083,20100715,6.8
GHCND:USC00048713,483.4,38.37722,-120.80083,20101015,6.8
GHCND:USC00419191,710.2,34.39556,-100.89722,20100115,9.8
GHCND:USC00419191,710.2,34.39556,-100.89722,20100415,8.9
GHCND:USC00419191,710.2,34.39556,-100.89722,20100715,4.5
GHCND:USC00419191,710.2,34.39556,-100.89722,20101015,7.9
GHCND:USC00413411,771.1,32.77444,-101.45389,20100115,9.7
GHCND:USC00413411,771.1,32.77444,-101.45389,20100415,8.1
GHCND:USC00413411,771.1,32.77444,-101.45389,20100715,4.2
GHCND:USC00413411,771.1,32.77444,-101.45389,20101015,7.2
GHCND:USC00413420,265.2,33.64611,-97.05917,20100115,10.2
GHCND:USC00413420,265.2,33.64611,-97.05917,20100415,7.5
GHCND:USC00413420,265.2,33.64611,-97.05917,20100715,4.5
GHCND:USC00413420,265.2,33.64611,-97.05917,20101015,7.6
GHCND:USC00047874,128,33.0955,-116.9975,20100115,4.9
GHCND:USC00047874,128,33.0955,-116.9975,20100415,4.9
GHCND:USC00410394,509,33.1525,-100.23333,20100115,9.9
GHCND:USC00410394,509,33.1525,-100.23333,20100415,8.9
GHCND:USC00410394,509,33.1525,-100.23333,20100715,4.4
GHCND:USC00410394,509,33.1525,-100.23333,20101015,7.8
GHCND:USC00011099,204.2,34.9786,-85.8008,20100115,9.8
GHCND:USC00011099,204.2,34.9786,-85.8008,20100415,8.0
GHCND:USC00011099,204.2,34.9786,-85.8008,20100715,3.5
GHCND:USC00011099,204.2,34.9786,-85.8008,20101015,7.3
GHCND:USC00419175,1066.8,34.55083,-101.77917,20100115,9.5
GHCND:USC00419175,1072.9,34.52694,-101.83917,20100415,8.6
GHCND:USC00419175,1072.9,34.52694,-101.83917,20100715,4.0
GHCND:USC00419175,1072.9,34.52694,-101.83917,20101015,7.8
GHCND:USC00047404,153.3,40.02611,-123.79306,20100115,4.7
GHCND:USC00047404,153.3,40.02611,-123.79306,20100415,5.7
GHCND:USC00047404,153.3,40.02611,-123.79306,20100715,4.6
GHCND:USC00047404,153.3,40.02611,-123.79306,20101015,4.5
GHCND:USC00047888,41.1,33.7442,-117.8667,20100115,5.0
GHCND:USC00047888,41.1,33.7442,-117.8667,20100415,5.0
GHCND:USC00047888,41.1,33.7442,-117.8667,20100715,3.5
GHCND:USC00047888,41.1,33.7442,-117.8667,20101015,4.4
GHCND:USC00044374,1645.9,41.2683,-120.2947,20100115,7.7
GHCND:USC00044374,1645.9,41.2683,-120.2947,20100415,7.6
GHCND:USC00044374,1645.9,41.2683,-120.2947,20100715,5.7
GHCND:USC00044374,1645.9,41.2683,-120.2947,20101015,7.8
GHCND:USC00304791,274.3,43.0603,-74.8686,20100115,11.4
GHCND:USC00304791,274.3,43.0603,-74.8686,20100415,8.7
GHCND:USC00304791,274.3,43.0603,-74.8686,20100715,5.4
GHCND:USC00304791,274.3,43.0603,-74.8686,20101015,7.5
GHCND:USC00047880,36.6,37.99833,-122.53722,20100115,4.3
GHCND:USC00047880,36.6,37.99833,-122.53722,20100415,5.2
GHCND:USC00047880,36.6,37.99833,-122.53722,20100715,4.9
GHCND:USC00047880,36.6,37.99833,-122.53722,20101015,4.6
GHCND:USC00411694,585.2,34.43861,-100.21833,20100115,9.7
GHCND:USC00411694,585.2,34.43861,-100.21833,20100415,8.5
GHCND:USC00411694,585.2,34.43861,-100.21833,20100715,4.6
GHCND:USC00411694,585.2,34.43861,-100.21833,20101015,7.9
GHCND:USC00413873,83.8,29.4705,-96.9397,20100115,9.7
GHCND:USC00413873,83.8,29.4705,-96.9397,20100415,6.4
GHCND:USC00413873,83.8,29.4705,-96.9397,20100715,2.5
GHCND:USC00413873,83.8,29.4705,-96.9397,20101015,6.7
GHCND:USC00083956,19.8,29.8286,-82.5972,20100115,9.0
GHCND:USC00083956,19.8,29.8286,-82.5972,20100415,6.0
GHCND:USC00083956,19.8,29.8286,-82.5972,20100715,2.5
GHCND:USC00083956,19.8,29.8286,-82.5972,20101015,6.1
GHCND:USC00084802,41.8,27.9914,-82.0136,20100115,8.4
GHCND:USC00084802,41.8,27.9914,-82.0136,20100415,5.0
GHCND:USC00084802,41.8,27.9914,-82.0136,20100715,2.2
GHCND:USC00084802,41.8,27.9914,-82.0136,20101015,4.6
GHCND:USC00304174,292.6,42.4491,-76.4491,20100115,11.8
GHCND:USC00304174,292.6,42.4491,-76.4491,20100415,9.4
GHCND:USC00304174,292.6,42.4491,-76.4491,20100715,5.9
GHCND:USC00304174,292.6,42.4491,-76.4491,20101015,7.9
GHCND:USC00413877,76.2,32.5116,-94.5891,20100115,10.1
GHCND:USC00413877,76.2,32.5116,-94.5891,20100415,7.2
GHCND:USC00413877,76.2,32.5116,-94.5891,20100715,3.6
GHCND:USC00413877,76.2,32.5116,-94.5891,20101015,7.2
GHCND:USC00047414,6.1,37.91917,-122.37722,20100115,4.1
GHCND:USC00047414,6.1,37.91917,-122.37722,20100415,4.5
GHCND:USC00047414,6.1,37.91917,-122.37722,20100715,3.6
GHCND:USC00047414,6.1,37.91917,-122.37722,20101015,4.4
GHCND:USC00045233,82.3,36.9539,-120.0378,20100115,5.3
GHCND:USC00045233,82.3,36.9539,-120.0378,20100415,6.1
GHCND:USC00045233,82.3,36.9539,-120.0378,20100715,4.8
GHCND:USC00045233,82.3,36.9539,-120.0378,20101015,5.3
GHCND:USC00411663,134.4,28.9275,-98.7494,20100115,9.0
GHCND:USC00411663,134.4,28.9275,-98.7494,20100415,6.8
GHCND:USC00411663,134.4,28.9275,-98.7494,20100715,2.6
GHCND:USC00411663,134.4,28.9275,-98.7494,20101015,6.7
GHCND:USC00255590,1243.6,41.948,-103.7008,20100115,11.6
GHCND:USC00255590,1243.6,41.948,-103.7008,20100415,9.4
GHCND:USC00255590,1243.6,41.948,-103.7008,20100715,5.6
GHCND:USC00255590,1243.6,41.948,-103.7008,20101015,8.9
GHCND:USC00011084,25.9,31.058,-87.0547,20100115,9.9
GHCND:USC00011084,25.9,31.058,-87.0547,20100415,7.1
GHCND:USC00011084,25.9,31.058,-87.0547,20100715,2.9
GHCND:USC00011084,25.9,31.058,-87.0547,20101015,7.6
GHCND:USC00048758,1898.9,39.1678,-120.1428,20100115,6.0
GHCND:USC00048758,1898.9,39.1678,-120.1428,20100415,6.7
GHCND:USC00048758,1898.9,39.1678,-120.1428,20100715,4.6
GHCND:USC00048758,1898.9,39.1678,-120.1428,20101015,6.0
GHCND:USC00011080,48.8,31.1413,-87.0486,20100115,10.0
GHCND:USC00011080,48.8,31.1413,-87.0486,20100415,6.9
GHCND:USC00011080,48.8,31.1413,-87.0486,20100715,2.9
GHCND:USC00011080,48.8,31.1413,-87.0486,20101015,7.5
GHCND:USW00014935,560.8,40.9611,-98.3136,20100115,12.3
GHCND:USW00014935,560.8,40.9611,-98.3136,20100415,9.6
GHCND:USW00014935,560.8,40.9611,-98.3136,20100715,5.9
GHCND:USW00014935,560.8,40.9611,-98.3136,20101015,8.9
GHCND:USC00048752,235.6,35.1503,-119.43,20100115,5.5
GHCND:USC00048752,235.6,35.1503,-119.43,20100415,6.8
GHCND:USC00048752,235.6,35.1503,-119.43,20100715,5.3
GHCND:USC00048752,235.6,35.1503,-119.43,20101015,5.7
GHCND:USC00015439,65.5,32.4419,-85.8889,20100115,9.5
GHCND:USC00015439,65.5,32.4419,-85.8889,20100415,7.1
GHCND:USC00015439,65.5,32.4419,-85.8889,20100715,3.0
GHCND:USC00015439,65.5,32.4419,-85.8889,20101015,6.9
GHCND:USC00046572,19.2,34.2114,-119.1386,20100115,5.9
GHCND:USC00046572,19.2,34.2114,-119.1386,20100415,4.1
GHCND:USC00046572,19.2,34.2114,-119.1386,20100715,2.7
GHCND:USC00046572,19.2,34.2114,-119.1386,20101015,4.4
GHCND:USC00307842,128,43.2077,-77.0127,20100115,10.6
GHCND:USC00307842,128,43.2077,-77.0127,20100415,9.1
GHCND:USC00307842,128,43.2077,-77.0127,20100715,5.6
GHCND:USC00307842,128,43.2077,-77.0127,20101015,7.2
GHCND:USW00092811,0.3,25.80639,-80.13361,20100115,6.8
GHCND:USW00092811,0.3,25.80639,-80.13361,20100415,3.9
GHCND:USW00092811,0.3,25.80639,-80.13361,20100715,2.1
GHCND:USW00092811,0.3,25.80639,-80.13361,20101015,3.0
GHCND:USC00043083,86.9,36.36417,-120.15611,20100115,5.3
GHCND:USC00043083,86.9,36.36417,-120.15611,20100415,6.8
GHCND:USC00043083,86.9,36.3642,-120.1561,20100715,5.0
GHCND:USC00043083,86.9,36.3642,-120.1561,20101015,6.0
GHCND:USC00414705,128,32.5589,-96.2725,20100115,9.5
GHCND:USC00414705,128,32.5589,-96.2725,20100415,7.2
GHCND:USC00414705,128,32.5589,-96.2725,20100715,3.2
GHCND:USC00414705,128,32.5589,-96.2725,20101015,7.4
GHCND:USW00014939,362.7,40.8508,-96.7475,20100115,11.9
GHCND:USW00014939,362.7,40.8508,-96.7475,20100415,9.4
GHCND:USW00014939,362.7,40.8508,-96.7475,20100715,5.8
GHCND:USW00014939,362.7,40.8508,-96.7475,20101015,8.8
GHCND:USC00013251,44.2,31.03833,-85.87083,20100115,9.7
GHCND:USC00013251,44.2,31.03833,-85.87083,20100415,6.8
GHCND:USC00013251,44.2,31.03833,-85.87083,20100715,2.6
GHCND:USC00013251,44.2,31.03833,-85.87083,20101015,7.0
GHCND:USC00419163,478.8,33.75694,-99.86167,20100115,9.8
GHCND:USC00419163,478.8,33.75694,-99.86167,20100415,8.3
GHCND:USC00419163,478.8,33.75694,-99.86167,20100715,4.7
GHCND:USC00419163,478.8,33.75694,-99.86167,20101015,7.6
GHCND:USW00014941,472.7,41.9855,-97.4352,20100115,12.6
GHCND:USW00014941,472.7,41.9855,-97.4352,20100415,9.7
GHCND:USW00014941,472.7,41.9855,-97.4352,20100715,5.9
GHCND:USW00014941,472.7,41.9855,-97.4352,20101015,9.0
GHCND:USW00014942,299.3,41.31028,-95.89917,20100115,11.8
GHCND:USW00014942,299.3,41.31028,-95.89917,20100415,9.6
GHCND:USW00014942,299.3,41.31028,-95.89917,20100715,5.6
GHCND:USW00014942,299.3,41.31028,-95.89917,20101015,8.9
GHCND:USW00092805,6.4,26.25,-80.10833,20100115,7.5
GHCND:USW00092805,6.4,26.25,-80.10833,20100415,4.1
GHCND:USW00092805,6.4,26.25,-80.10833,20100715,2.1
GHCND:USW00092805,6.4,26.25,-80.10833,20101015,3.0
GHCND:USW00092806,2.4,27.76472,-82.6275,20100115,7.4
GHCND:USW00092806,2.4,27.76472,-82.6275,20100415,4.4
GHCND:USW00092806,2.4,27.76472,-82.6275,20100715,2.2
GHCND:USW00092806,2.4,27.76472,-82.6275,20101015,4.2
GHCND:USW00092809,2.7,25.99889,-80.24111,20100115,7.2
GHCND:USW00092809,2.7,25.99889,-80.24111,20100415,3.8
GHCND:USW00092809,2.7,25.99889,-80.24111,20100715,2.1
GHCND:USW00092809,2.7,25.99889,-80.24111,20101015,2.9
GHCND:USC00258628,856.5,40.17389,-101.06111,20100115,11.3
GHCND:USC00258628,856.5,40.17389,-101.06111,20100415,9.3
GHCND:USC00258628,856.5,40.17389,-101.06111,20100715,5.9
GHCND:USC00258628,856.5,40.17389,-101.06111,20101015,9.1
GHCND:USC00080478,38.1,27.89861,-81.84333,20100115,8.0
GHCND:USC00080478,38.1,27.89861,-81.84333,20100415,4.8
GHCND:USC00080478,38.1,27.89861,-81.84333,20100715,2.2
GHCND:USC00080478,38.1,27.8986,-81.8433,20101015,4.3
GHCND:USC00413828,536.4,33.62667,-100.33694,20100115,9.7
GHCND:USC00413828,536.4,33.62667,-100.33694,20100415,8.4
GHCND:USC00413828,536.4,33.62667,-100.33694,20100715,4.2
GHCND:USC00413828,536.4,33.62667,-100.33694,20101015,7.7
GHCND:USC00256454,693.4,40.3216,-99.6525,20100115,11.6
GHCND:USC00256454,693.4,40.3216,-99.6525,20100415,9.3
GHCND:USC00256454,693.4,40.3216,-99.6525,20100715,5.6
GHCND:USC00256454,693.4,40.3216,-99.6525,20101015,9.0
GHCND:USC00046599,144.8,37.59167,-122.47167,20100115,4.3
GHCND:USC00046599,144.8,37.59167,-122.47167,20100415,4.6
GHCND:USC00046599,144.8,37.59167,-122.47167,20100715,4.1
GHCND:USC00046599,144.8,37.59167,-122.47167,20101015,5.2
GHCND:USC00049621,394.7,40.6116,-122.528,20100115,5.4
GHCND:USC00049621,394.7,40.6116,-122.528,20100415,7.5
GHCND:USC00049621,394.7,40.6116,-122.528,20100715,5.9
GHCND:USC00049621,394.7,40.6116,-122.528,20101015,7.2
GHCND:USC00303284,153.6,43.3333,-73.7333,20100115,11.5
GHCND:USC00303284,153.6,43.3333,-73.7333,20100415,8.3
GHCND:USC00303284,153.6,43.3333,-73.7333,20100715,5.1
GHCND:USC00303284,153.6,43.3333,-73.7333,20101015,7.0
GHCND:USC00306538,155.4,44.5657,-73.5699,20100115,12.7
GHCND:USC00306538,155.4,44.5657,-73.5699,20100415,8.3
GHCND:USC00306538,155.4,44.5657,-73.5699,20100715,5.4
GHCND:USC00306538,155.4,44.5657,-73.5699,20101015,7.5
GHCND:USC00045280,2378.7,37.6478,-118.9617,20100115,7.8
GHCND:USC00045280,2378.7,37.6478,-118.9617,20100415,8.0
GHCND:USC00045280,2378.7,37.6478,-118.9617,20100715,4.5
GHCND:USC00045280,2378.7,37.6478,-118.9617,20101015,7.1
GHCND:USC00301095,149.4,42.31667,-74.03333,20100115,11.2
GHCND:USC00301095,149.4,42.31667,-74.03333,20100415,8.2
GHCND:USC00301095,149.4,42.31667,-74.03306,20100715,5.3
GHCND:USC00301095,149.4,42.31667,-74.03306,20101015,7.2
GHCND:USC00044997,146.3,37.69222,-121.76917,20100115,5.1
GHCND:USC00044997,146.3,37.69222,-121.76917,20100415,5.3
GHCND:USC00044997,146.3,37.69222,-121.76917,20100715,5.6
GHCND:USC00044997,146.3,37.69222,-121.76917,20101015,4.9
GHCND:USC00043669,853.4,37.8444,-120.2258,20100115,6.4
GHCND:USC00043669,853.4,37.8444,-120.2258,20100415,6.7
GHCND:USC00043669,853.4,37.8444,-120.2258,20100715,5.0
GHCND:USC00043669,853.4,37.8444,-120.2258,20101015,6.5
GHCND:USW00014971,353.6,40.82333,-96.7025,20100115,11.9
GHCND:USW00014971,353.6,40.82333,-96.7025,20100415,10.0
GHCND:USW00014971,353.6,40.82333,-96.7025,20100715,6.0
GHCND:USW00014971,353.6,40.8233,-96.7025,20101015,8.5
GHCND:USC00017366,44.8,32.41,-87.0153,20100115,9.4
GHCND:USC00017366,44.8,32.41,-87.0153,20100415,6.8
GHCND:USC00017366,44.8,32.41111,-87.01444,20100715,3.0
GHCND:USC00017366,44.8,32.41111,-87.01444,20101015,7.1
GHCND:USC00041497,1389.9,40.17028,-121.08833,20100115,5.2
GHCND:USC00041497,1389.9,40.17028,-121.08833,20100415,6.4
GHCND:USC00041497,1389.9,40.17028,-121.08833,20100715,5.5
GHCND:USC00041497,1389.9,40.17028,-121.08833,20101015,6.0
GHCND:USC00044523,823.9,35.78306,-118.43889,20100115,6.1
GHCND:USC00044523,823.9,35.78306,-118.43889,20100415,7.7
GHCND:USC00044523,823.9,35.78306,-118.43889,20100715,5.0
GHCND:USC00044523,823.9,35.7831,-118.4389,20101015,6.5
GHCND:USC00040161,1341.1,41.4931,-120.5528,20100115,8.1
GHCND:USC00040161,1341.1,41.4931,-120.5528,20100415,6.9
GHCND:USC00040161,1341.1,41.4931,-120.5528,20100715,5.8
GHCND:USC00040161,1341.1,41.4931,-120.5528,20101015,6.4
GHCND:USC00251990,506,42.4602,-97.9047,20100115,12.6
GHCND:USC00251990,506,42.4602,-97.9047,20100415,10.1
GHCND:USC00251990,506,42.4602,-97.9047,20100715,5.9
GHCND:USC00251990,506,42.4602,-97.9047,20101015,9.0
GHCND:USC00041018,1641.3,39.45389,-120.65556,20100115,7.0
GHCND:USC00041018,1641.3,39.45389,-120.65556,20100415,8.0
GHCND:USC00041018,1641.3,39.45389,-120.65556,20100715,6.1
GHCND:USC00041018,1641.3,39.45389,-120.65556,20101015,7.7
GHCND:USC00085076,20.7,28.87278,-81.78444,20100115,9.0
GHCND:USC00085076,20.7,28.87278,-81.78444,20100415,5.5
GHCND:USC00085076,20.7,28.87278,-81.78444,20100715,2.1
GHCND:USC00085076,20.7,28.87278,-81.78444,20101015,5.2
GHCND:USC00089430,6.1,28.5175,-82.57556,20100115,9.4
GHCND:USC00089430,6.1,28.5175,-82.57556,20100415,5.8
GHCND:USC00089430,6.1,28.5175,-82.57556,20100715,2.0
GHCND:USC00089430,6.1,28.5175,-82.5756,20101015,5.6
GHCND:USC00252840,499.9,40.64222,-97.59278,20100115,12.0
GHCND:USC00252840,499.9,40.64222,-97.59278,20100415,9.7
GHCND:USC00252840,499.9,40.64222,-97.59278,20100715,5.6
GHCND:USC00252840,499.9,40.64222,-97.59278,20101015,9.0
GHCND:USW00003818,34.4,30.83556,-85.18389,20100115,9.7
GHCND:USW00003818,34.4,30.83556,-85.18389,20100415,6.5
GHCND:USW00003818,34.4,30.83556,-85.18389,20100715,2.8
GHCND:USW00003818,34.4,30.83556,-85.18389,20101015,6.3
GHCND:USC00304102,509,43.75477,-74.27558,20100115,12.5
GHCND:USC00304102,509,43.75477,-74.27558,20100415,8.1
GHCND:USC00304102,509,43.75477,-74.27558,20100715,5.5
GHCND:USC00304102,509,43.75477,-74.27558,20101015,7.4
GHCND:USC00308746,91.4,42.43333,-73.68333,20100115,11.6
GHCND:USC00308746,91.4,42.43333,-73.68333,20100415,8.4
GHCND:USC00308746,91.4,42.43333,-73.68333,20100715,5.5
GHCND:USW00003853,4.9,30.4,-81.41667,20100115,8.5
GHCND:USW00003853,4.9,30.4,-81.41667,20100415,5.5
GHCND:USW00003853,4.9,30.4,-81.41667,20100715,2.5
GHCND:USW00003853,4.9,30.4,-81.41667,20101015,5.5
GHCND:USW00003856,190.2,34.64389,-86.78611,20100115,10.4
GHCND:USW00003856,190.2,34.64389,-86.78611,20100415,7.9
GHCND:USW00003856,190.2,34.64389,-86.78611,20100715,3.4
GHCND:USW00003856,190.2,34.64389,-86.78611,20101015,7.4
GHCND:USC00411720,70.1,28.4675,-98.2525,20100115,9.5
GHCND:USC00411720,70.1,28.4675,-98.2525,20100415,6.8
GHCND:USC00411720,70.1,28.4675,-98.2525,20100715,3.1
GHCND:USC00411720,70.1,28.4675,-98.2525,20101015,6.6
GHCND:USC00419207,167.6,32.3066,-95.2969,20100115,10.0
GHCND:USC00419207,167.6,32.3066,-95.2969,20100415,6.9
GHCND:USC00419207,167.6,32.3066,-95.2969,20100715,3.2
GHCND:USC00419207,167.6,32.3066,-95.2969,20101015,7.0
GHCND:USW00003855,8.5,30.35,-87.31667,20100115,9.0
GHCND:USW00003855,8.5,30.35,-87.31667,20100415,5.9
GHCND:USW00003855,8.5,30.35,-87.31667,20100715,2.7
GHCND:USW00003855,8.5,30.35,-87.31667,20101015,6.7
GHCND:USC00046719,263.3,34.1483,-118.1447,20100115,5.5
GHCND:USC00046719,263.3,34.14806,-118.14444,20100415,6.1
GHCND:USC00046719,263.3,34.14806,-118.14444,20100715,4.2
GHCND:USC00046719,263.3,34.14806,-118.14444,20101015,5.6
GHCND:USC00045866,35.1,35.3669,-120.8447,20100115,4.6
GHCND:USC00045866,35.1,35.36722,-120.84556,20100415,4.4
GHCND:USC00045866,35.1,35.36722,-120.84556,20100715,2.8
GHCND:USC00045866,35.1,35.36722,-120.84556,20101015,5.0
GHCND:USC00089401,18.3,27.54778,-81.79944,20100115,8.7
GHCND:USC00089401,18.3,27.54778,-81.79944,20100415,5.3
GHCND:USC00089401,18.3,27.5477,-81.7994,20100715,2.0
GHCND:USC00089401,18.3,27.5477,-81.7994,20101015,4.8
GHCND:USC00018209,207.3,32.92056,-86.67083,20100115,10.0
GHCND:USC00018209,207.3,32.92056,-86.67083,20100415,7.1
GHCND:USC00018209,207.3,32.92056,-86.67083,20100715,3.1
GHCND:USC00018209,207.3,32.92056,-86.67083,20101015,6.9
GHCND:USC00410404,136.6,32.1633,-95.83,20100115,9.7
GHCND:USC00410404,136.6,32.1633,-95.83,20100415,6.9
GHCND:USC00410404,136.6,32.1633,-95.83,20100715,3.0
GHCND:USC00410404,136.6,32.1633,-95.83,20101015,7.2
GHCND:USC00410408,96,33.12444,-94.16611,20100115,9.8
GHCND:USC00410408,96,33.12444,-94.16611,20100415,7.2
GHCND:USC00410408,96,33.12444,-94.16611,20100715,3.6
GHCND:USC00410408,96,33.12444,-94.16611,20101015,7.0
GHCND:USC00253710,1175,42.6828,-102.6928,20100115,12.5
GHCND:USC00253710,1175,42.6828,-102.6928,20100415,9.9
GHCND:USC00253710,1175,42.6828,-102.6928,20100715,6.0
GHCND:USC00253710,1175,42.6828,-102.6928,20101015,8.9
GHCND:USC00253715,1159.8,42.5119,-102.6944,20100115,12.0
GHCND:USC00253715,1159.8,42.5119,-102.6944,20100415,9.5
GHCND:USC00253715,1159.8,42.5119,-102.6944,20100715,5.7
GHCND:USC00253715,1159.8,42.5119,-102.6944,20101015,8.5
GHCND:USW00004725,486.2,42.2068,-75.98,20100115,11.2
GHCND:USW00004725,486.2,42.2068,-75.98,20100415,9.2
GHCND:USW00004725,486.2,42.2068,-75.98,20100715,5.3
GHCND:USW00004725,486.2,42.2068,-75.98,20101015,7.8
GHCND:USW00023007,594.7,34.4272,-100.2831,20100115,9.9
GHCND:USW00023007,594.7,34.4272,-100.2831,20100415,8.6
GHCND:USW00023007,594.7,34.4272,-100.2831,20100715,4.4
GHCND:USW00023007,594.7,34.4272,-100.2831,20101015,7.7
GHCND:USC00044555,97.5,36.20694,-121.13778,20100115,5.0
GHCND:USC00044555,97.5,36.20694,-121.13778,20100415,5.5
GHCND:USC00044555,97.5,36.20694,-121.13778,20100715,3.9
GHCND:USC00044555,97.5,36.20694,-121.13778,20101015,4.9
GHCND:USC00048917,347.5,36.465,-118.86194,20100115,5.0
GHCND:USC00048917,347.5,36.465,-118.8619,20100415,6.7
GHCND:USC00048917,347.5,36.465,-118.8619,20100715,4.6
GHCND:USC00048917,347.5,36.465,-118.8619,20101015,5.9
GHCND:USC00040192,102.1,33.8647,-117.8425,20100115,5.4
GHCND:USC00040192,102.1,33.8647,-117.8425,20100415,5.4
GHCND:USC00040192,102.1,33.8647,-117.8425,20100715,4.0
GHCND:USC00040192,102.1,33.8647,-117.8425,20101015,5.2
GHCND:USC00046730,213.4,35.6277,-120.6855,20100115,4.8
GHCND:USC00046730,213.4,35.6277,-120.6855,20100415,5.8
GHCND:USC00046730,213.4,35.6277,-120.6855,20100715,5.9
GHCND:USC00046730,213.4,35.6277,-120.6855,20101015,5.4
GHCND:USC00252805,563.9,42.2611,-98.3416,20100115,12.6
GHCND:USC00252805,563.9,42.2611,-98.3416,20100415,9.8
GHCND:USC00252805,563.9,42.2611,-98.3416,20100715,6.1
GHCND:USC00252805,563.9,42.2611,-98.3416,20101015,8.7
GHCND:USC00250622,395.3,40.2994,-96.75,20100115,11.7
GHCND:USC00250622,395.3,40.2994,-96.75,20100415,9.8
GHCND:USC00250622,395.3,40.2994,-96.75,20100715,5.9
GHCND:USC00250622,395.3,40.2994,-96.75,20101015,9.2
GHCND:USC00255080,481.6,41.82917,-97.45,20100115,12.3
GHCND:USC00255080,481.6,41.82917,-97.45,20100415,9.7
GHCND:USC00255080,481.6,41.82917,-97.45,20100715,5.8
GHCND:USC00255080,481.6,41.82917,-97.45,20101015,8.9
GHCND:USC00411715,1615.4,29.27028,-103.30028,20100115,8.2
GHCND:USC00411715,1615.4,29.27028,-103.30028,20100415,7.4
GHCND:USC00411715,1615.4,29.27028,-103.30028,20100715,3.8
GHCND:USC00411715,1615.4,29.27028,-103.30028,20101015,5.9
GHCND:USC00016478,185.3,33.69056,-86.68472,20100115,10.0
GHCND:USC00016478,185.3,33.69056,-86.68472,20100415,7.8
GHCND:USC00016478,185.3,33.69056,-86.68472,20100715,3.2
GHCND:USC00016478,185.3,33.69056,-86.68472,20101015,7.7
GHCND:USC00417020,32,29.23694,-96.19944,20100115,9.1
GHCND:USC00417020,32,29.23694,-96.19944,20100415,6.2
GHCND:USC00417020,32,29.23694,-96.19944,20100715,2.5
GHCND:USC00417020,32,29.23694,-96.19944,20101015,6.5
GHCND:USC00416177,132.6,31.6163,-94.643,20100115,10.0
GHCND:USC00416177,132.6,31.6163,-94.643,20100415,7.5
GHCND:USC00416177,132.6,31.6163,-94.643,20100715,3.3
GHCND:USC00416177,132.6,31.6163,-94.643,20101015,7.5
GHCND:USC00302366,606.9,42.2356,-74.1433,20100115,11.8
GHCND:USC00302366,606.9,42.2356,-74.1433,20100415,8.0
GHCND:USC00302366,606.9,42.2356,-74.1433,20100715,5.3
GHCND:USC00302366,606.9,42.2356,-74.1433,20101015,7.7
GHCND:USC00418354,16.2,28.03528,-97.49722,20100115,9.4
GHCND:USC00418354,16.2,28.03528,-97.49722,20100415,6.0
GHCND:USC00418354,16.2,28.03528,-97.49722,20100715,2.4
GHCND:USC00418354,16.2,28.03528,-97.49722,20101015,6.4
GHCND:USC00300183,452,42.3033,-78.0188,20100115,11.6
GHCND:USC00300183,452,42.3033,-78.0188,20100415,8.6
GHCND:USC00300183,452,42.3033,-78.0188,20100715,5.2
GHCND:USC00300183,452,42.3033,-78.0188,20101015,7.1
GHCND:USC00410832,419.1,30.1058,-98.4286,20100115,9.4
GHCND:USC00410832,419.1,30.1058,-98.4286,20100415,7.3
GHCND:USC00410832,419.1,30.1058,-98.4286,20100715,3.2
GHCND:USC00410832,419.1,30.1058,-98.4286,20101015,7.6
GHCND:USC00255090,975.4,40.8508,-101.5427,20100115,11.1
GHCND:USC00255090,975.4,40.8508,-101.5427,20100415,9.4
GHCND:USC00255090,975.4,40.8508,-101.5427,20100715,5.4
GHCND:USC00418323,999.7,34.46583,-101.30639,20100115,9.6
GHCND:USC00418323,999.7,34.47222,-101.30056,20100415,8.8
GHCND:USC00418323,999.7,34.47222,-101.30056,20100715,4.2
GHCND:USC00418323,999.7,34.47222,-101.30056,20101015,7.8
GHCND:USC00043244,11.6,37.54222,-122.01583,20100115,4.3
GHCND:USC00043244,11.6,37.54222,-122.01583,20100415,4.8
GHCND:USC00043244,11.6,37.54222,-122.01583,20100715,4.2
GHCND:USC00043244,11.6,37.54222,-122.01583,20101015,4.2
GHCND:USC00306138,3.7,40.63278,-73.62694,20100115,8.9
GHCND:USC00306138,3.7,40.63278,-73.62694,20100415,6.2
GHCND:USC00306138,3.7,40.63278,-73.62694,20100715,4.3
GHCND:USC00306138,3.7,40.63278,-73.62694,20101015,6.0
GHCND:USC00081978,16.2,29.42917,-81.51583,20100115,8.6
GHCND:USC00081978,16.2,29.42917,-81.51583,20100415,5.6
GHCND:USC00081978,16.2,29.42917,-81.51583,20100715,2.7
GHCND:USC00081978,16.2,29.42917,-81.51583,20101015,5.4
GHCND:USC00250640,658.4,40.1305,-99.8277,20100115,11.3
GHCND:USC00250640,658.4,40.1305,-99.8277,20100415,9.2
GHCND:USC00250640,658.4,40.1305,-99.8277,20100715,5.7
GHCND:USC00250640,658.4,40.1305,-99.8277,20101015,8.6
GHCND:USW00003881,137.2,32.8661,-87.2383,20100115,10.1
GHCND:USW00003881,138.1,32.9,-87.25,20100415,7.4
GHCND:USW00003881,138.1,32.9,-87.25,20100715,2.9
GHCND:USW00003881,138.1,32.9,-87.25,20101015,7.4
GHCND:USC00258133,911.4,41.458,-100.5986,20100115,12.1
GHCND:USC00258133,911.4,41.458,-100.5986,20100415,9.6
GHCND:USC00258133,911.4,41.458,-100.5986,20100715,6.0
GHCND:USC00258133,911.4,41.458,-100.5986,20101015,9.3
GHCND:USW00003882,6.4,30.21194,-85.68278,20100115,9.3
GHCND:USW00003882,6.4,30.21194,-85.68278,20100415,5.4
GHCND:USW00003882,6.4,30.21194,-85.68278,20100715,2.5
GHCND:USW00003882,6.4,30.21194,-85.68278,20101015,5.7
GHCND:USC00017304,187.5,34.6736,-86.0536,20100115,9.6
GHCND:USC00017304,187.5,34.6736,-86.0536,20100415,7.8
GHCND:USC00017304,187.5,34.6736,-86.0536,20100715,3.4
GHCND:USC00017304,187.5,34.6736,-86.0536,20101015,7.2
GHCND:USC00085099,36.6,30.2889,-82.965,20100115,9.1
GHCND:USC00085099,36.6,30.2889,-82.965,20100415,6.0
GHCND:USC00085099,36.6,30.2889,-82.965,20100715,2.4
GHCND:USC00085099,36.6,30.2889,-82.965,20101015,6.3
GHCND:USC00041072,1972.1,38.2575,-119.2286,20100115,10.1
GHCND:USC00041072,1972.1,38.2575,-119.2286,20100415,6.9
GHCND:USC00041072,1972.1,38.2575,-119.2286,20100715,4.3
GHCND:USC00041072,1972.1,38.2575,-119.2286,20101015,6.0
GHCND:USC00252820,411.5,40.0738,-97.1669,20100115,11.7
GHCND:USC00252820,411.5,40.0738,-97.1669,20100415,9.7
GHCND:USC00252820,411.5,40.0738,-97.1669,20100715,6.0
GHCND:USC00252820,411.5,40.0738,-97.1669,20101015,8.9
GHCND:USC00043256,100,36.7525,-119.70167,20100115,4.8
GHCND:USC00043256,95.4,36.76667,-119.70028,20100415,6.3
GHCND:USC00043256,95.4,36.76667,-119.70028,20100715,4.9
GHCND:USC00043256,100,36.7525,-119.7017,20101015,5.4
GHCND:USC00416119,136.2,33.1953,-95.2233,20100115,10.4
GHCND:USC00416119,136.2,33.1953,-95.2233,20100415,7.6
GHCND:USC00416119,136.2,33.1963,-95.2236,20100715,3.9
GHCND:USC00416119,136.2,33.1963,-95.2236,20101015,7.6
GHCND:USW00023042,991.8,33.6656,-101.8231,20100115,9.2
GHCND:USW00023042,991.8,33.6656,-101.8231,20100415,8.5
GHCND:USW00023042,991.8,33.6656,-101.8231,20100715,4.3
GHCND:USW00023042,991.8,33.6656,-101.8231,20101015,7.5
GHCND:USW00023044,1194.2,31.81111,-106.37583,20100115,6.6
GHCND:USW00023044,1194.2,31.81111,-106.37583,20100415,6.9
GHCND:USW00023044,1194.2,31.81111,-106.37583,20100715,4.1
GHCND:USW00023044,1194.2,31.81111,-106.37583,20101015,5.7
GHCND:USW00023041,765,32.24417,-101.45361,20100115,9.5
GHCND:USW00023041,765,32.24417,-101.45361,20100415,8.5
GHCND:USW00023041,765,32.24417,-101.45361,20100715,4.4
GHCND:USW00023041,765,32.2443,-101.4537,20101015,7.4
GHCND:USC00047195,1042.4,39.9366,-120.9475,20100115,5.1
GHCND:USC00047195,1042.4,39.9366,-120.9475,20100415,6.1
GHCND:USC00047195,1042.4,39.9366,-120.9475,20100715,5.6
GHCND:USC00047195,1042.4,39.9366,-120.9475,20101015,5.8
GHCND:USW00023040,855.6,31.78,-103.20167,20100115,8.2
GHCND:USW00023040,855.6,31.78,-103.20167,20100415,7.7
GHCND:USW00023040,855.6,31.78,-103.20167,20100715,4.2
GHCND:USW00023040,855.6,31.78,-103.20167,20101015,7.0
GHCND:USW00023047,1098.5,35.2295,-101.7042,20100115,9.8
GHCND:USW00023047,1098.5,35.2295,-101.7042,20100415,8.7
GHCND:USW00023047,1098.5,35.2295,-101.7042,20100715,4.4
GHCND:USW00023047,1098.5,35.2295,-101.7042,20101015,8.0
GHCND:USC00415271,54.3,30.73944,-94.92556,20100115,9.7
GHCND:USC00415271,54.3,30.73944,-94.92556,20100415,7.3
GHCND:USC00415271,54.3,30.73944,-94.92556,20100715,3.1
GHCND:USC00415271,54.3,30.73944,-94.92556,20101015,7.5
GHCND:USC00307484,94.5,43.0333,-73.8167,20100115,11.8
GHCND:USC00307484,94.5,43.0333,-73.8167,20100415,8.3
GHCND:USC00307484,94.5,43.0333,-73.8167,20100715,5.0
GHCND:USC00307484,94.5,43.0333,-73.8167,20101015,7.2
GHCND:USC00415272,310.9,30.7426,-98.6543,20100115,9.3
GHCND:USC00415272,310.9,30.7426,-98.6543,20100415,7.6
GHCND:USC00415272,310.9,30.7425,-98.65417,20100715,3.5
GHCND:USC00415272,310.9,30.7425,-98.65417,20101015,7.3
GHCND:USC00049367,99.1,36.3283,-119.2992,20100115,5.4
GHCND:USC00049367,99.1,36.3283,-119.2992,20100415,6.2
GHCND:USC00049367,99.1,36.3283,-119.2992,20100715,4.5
GHCND:USC00049367,99.1,36.3283,-119.2992,20101015,5.2
GHCND:USW00023055,1663,31.83111,-104.80889,20100115,7.7
GHCND:USW00023055,1663,31.83111,-104.80889,20100415,7.6
GHCND:USW00023055,1663,31.83111,-104.80889,20100715,5.1
GHCND:USW00023055,1663,31.83111,-104.80889,20101015,7.3
GHCND:USC00417458,9.4,26.4819,-97.8097,20100115,9.7
GHCND:USC00417458,9.4,26.4819,-97.8097,20100415,6.7
GHCND:USC00417458,9.4,26.4819,-97.8097,20100715,2.6
GHCND:USC00417458,9.4,26.4819,-97.8097,20101015,6.1
GHCND:USC00251590,648.9,42.203,-98.7466,20100115,12.9
GHCND:USC00251590,648.9,42.203,-98.7466,20100415,10.0
GHCND:USC00251590,648.9,42.203,-98.7466,20100715,6.2
GHCND:USC00251590,648.9,42.203,-98.7466,20101015,9.3
GHCND:USC00309670,204.2,41.26639,-73.7975,20100115,10.4
GHCND:USC00309670,204.2,41.26639,-73.7975,20100415,8.1
GHCND:USC00309670,204.2,41.26639,-73.7975,20100715,5.0
GHCND:USC00309670,204.2,41.26639,-73.7975,20101015,7.2
GHCND:USC00306164,85.3,44.7281,-75.4442,20100115,12.7
GHCND:USC00306164,85.3,44.7281,-75.4442,20100415,8.1
GHCND:USC00306164,85.3,44.7281,-75.4442,20100715,5.0
GHCND:USC00306164,85.3,44.7281,-75.4442,20101015,7.4
GHCND:USC00048045,41.5,40.48306,-124.10361,20100115,4.9
GHCND:USC00048045,41.5,40.48306,-124.10361,20100415,4.6
GHCND:USC00048045,41.5,40.48306,-124.10361,20100715,3.2
GHCND:USC00048045,41.5,40.48306,-124.10361,20101015,4.6
GHCND:USC00416137,1140,33.95444,-102.77833,20100115,9.0
GHCND:USC00416137,1140,33.95444,-102.77833,20100415,8.2
GHCND:USC00416137,1140,33.95444,-102.77833,20100715,4.0
GHCND:USC00416137,1140,33.95444,-102.77833,20101015,7.1
GHCND:USC00416135,1167.4,34.21917,-102.73278,20100115,8.9
GHCND:USC00416135,1167.4,34.21917,-102.73278,20100415,8.0
GHCND:USC00416135,1167.4,34.21917,-102.73278,20100715,4.0
GHCND:USC00416135,1167.4,34.21917,-102.73278,20101015,7.1
GHCND:USC00049378,155.4,33.2294,-117.2269,20100115,5.2
GHCND:USC00049378,155.4,33.2294,-117.2269,20100415,5.0
GHCND:USC00049378,155.4,33.2294,-117.2269,20100715,3.7
GHCND:USC00049378,155.4,33.2294,-117.2269,20101015,4.6
GHCND:USW00004789,111.3,41.50917,-74.265,20100115,9.7
GHCND:USW00004789,111.3,41.50917,-74.265,20100415,8.0
GHCND:USW00004789,111.3,41.50917,-74.265,20100715,5.0
GHCND:USW00004789,111.3,41.50917,-74.265,20101015,6.9
GHCND:USW00023023,872.3,31.9431,-102.1906,20100115,8.8
GHCND:USW00023023,872.3,31.9431,-102.1906,20100415,8.0
GHCND:USW00023023,872.3,31.9431,-102.1906,20100715,4.1
GHCND:USW00023023,872.3,31.9431,-102.1906,20101015,7.1
GHCND:USC00415247,746.8,36.23583,-100.2675,20100115,10.1
GHCND:USC00415247,746.8,36.23583,-100.2675,20100415,9.3
GHCND:USC00415247,746.8,36.23583,-100.2675,20100715,5.2
GHCND:USC00415247,746.8,36.23583,-100.2675,20101015,8.6
GHCND:USC00259090,335.3,40.86389,-96.14139,20100115,11.6
GHCND:USC00259090,335.3,40.86389,-96.14139,20100415,9.5
GHCND:USC00259090,335.3,40.86389,-96.14139,20100715,5.5
GHCND:USC00041428,200.6,38.2486,-120.8433,20100115,5.3
GHCND:USC00041428,200.6,38.2486,-120.8433,20100415,6.4
GHCND:USC00041428,200.6,38.2486,-120.8433,20100715,5.9
GHCND:USC00041428,200.6,38.2486,-120.8433,20101015,6.3
GHCND:USW00004781,25.6,40.79389,-73.10167,20100115,9.3
GHCND:USW00004781,25.6,40.79389,-73.10167,20100415,6.4
GHCND:USW00004781,25.6,40.79389,-73.10167,20100715,4.8
GHCND:USW00004781,25.6,40.79389,-73.10167,20101015,6.7
GHCND:USC00255960,376.1,42.7472,-98.0466,20100115,12.9
GHCND:USC00255960,376.1,42.7472,-98.0466,20100415,9.8
GHCND:USC00255960,376.1,42.7472,-98.0466,20100715,6.2
GHCND:USC00255960,376.1,42.7472,-98.0466,20101015,8.8
GHCND:USC00416104,2069.6,30.70528,-104.02333,20100115,8.8
GHCND:USC00416104,2069.6,30.70528,-104.02333,20100415,7.9
GHCND:USC00416104,2069.6,30.70528,-104.02333,20100715,4.3
GHCND:USC00416104,2069.6,30.70528,-104.02333,20101015,7.1
GHCND:USC00416108,129.5,33.1688,-95.0055,20100115,9.7
GHCND:USC00416108,129.5,33.1688,-95.0055,20100415,7.7
GHCND:USC00416108,129.5,33.1688,-95.0055,20100715,3.3
GHCND:USC00416108,129.5,33.1688,-95.0055,20101015,7.7
GHCND:USW00023034,584,31.35167,-100.495,20100115,9.3
GHCND:USW00023034,584,31.35167,-100.495,20100415,8.0
GHCND:USW00023034,584,31.35167,-100.495,20100715,4.0
GHCND:USW00023034,584,31.35167,-100.495,20101015,7.2
GHCND:USC00410805,20.4,27.5844,-97.8033,20100115,9.3
GHCND:USC00410805,20.4,27.5844,-97.8033,20100415,6.2
GHCND:USC00410805,20.4,27.5844,-97.8033,20100715,2.8
GHCND:USC00410805,20.4,27.58417,-97.80306,20101015,6.3
GHCND:USC00306184,532.8,43.7026,-74.9838,20100115,13.8
GHCND:USC00306184,532.8,43.7026,-74.9838,20100415,9.1
GHCND:USC00306184,532.8,43.7026,-74.9838,20100715,5.6
GHCND:USC00306184,532.8,43.7026,-74.9838,20101015,7.7
GHCND:USC00307035,91.7,41.8847,-73.8686,20100115,10.7
GHCND:USC00307035,91.7,41.8847,-73.8686,20100415,8.4
GHCND:USC00307035,91.7,41.8847,-73.8686,20100715,5.3
GHCND:USC00307035,91.7,41.8847,-73.8686,20101015,7.5
GHCND:USC00415265,1068.3,33.915,-102.3275,20100115,9.4
GHCND:USC00415265,1068.3,33.915,-102.3275,20100415,8.4
GHCND:USC00415265,1068.3,33.915,-102.3275,20100715,4.1
GHCND:USC00415265,1068.3,33.915,-102.3275,20101015,7.3
GHCND:USC00013816,132,31.88139,-86.25028,20100115,9.9
GHCND:USC00013816,132,31.88139,-86.25028,20100415,7.3
GHCND:USC00013816,132,31.88139,-86.25028,20100715,3.0
GHCND:USC00013816,132,31.88139,-86.25028,20101015,7.1
GHCND:USC00045802,37.2,36.59278,-121.85556,20100115,4.4
GHCND:USC00045802,37.2,36.59278,-121.85556,20100415,4.0
GHCND:USC00045802,37.2,36.59278,-121.85556,20100715,2.7
GHCND:USC00045802,37.2,36.59278,-121.85556,20101015,3.9
GHCND:USC00044957,128,36.20333,-119.05806,20100115,5.2
GHCND:USC00044957,128,36.20333,-119.05806,20100415,6.2
GHCND:USC00044957,132.6,36.20333,-119.05444,20100715,4.9
GHCND:USC00044957,132.6,36.20333,-119.05444,20101015,5.4
GHCND:USC00087205,36.6,28.02361,-82.14222,20100115,8.6
GHCND:USC00087205,36.6,28.02361,-82.14222,20100415,5.3
GHCND:USC00087205,36.6,28.02361,-82.14222,20100715,2.0
GHCND:USC00087205,36.6,28.0236,-82.1422,20101015,4.7
GHCND:USC00418743,150.9,33.14806,-95.62694,20100115,10.1
GHCND:USC00418743,150.9,33.148,-95.6269,20100415,7.5
GHCND:USC00418743,150.9,33.148,-95.6269,20100715,3.7
GHCND:USC00418743,150.9,33.148,-95.6269,20101015,7.5
GHCND:USC00414382,150.6,30.70639,-95.54194,20100115,10.2
GHCND:USC00414382,150.6,30.70639,-95.54194,20100415,7.0
GHCND:USC00414382,150.6,30.70639,-95.54194,20100715,3.1
GHCND:USC00414382,150.6,30.70639,-95.54194,20101015,7.1
GHCND:USC00042771,899.2,34.5891,-117.6302,20100115,5.9
GHCND:USC00042771,899.2,34.5891,-117.6302,20100415,7.3
GHCND:USC00042771,899.2,34.5891,-117.6302,20100715,5.4
GHCND:USC00042771,899.2,34.5891,-117.6302,20101015,6.3
GHCND:USC00011620,127.4,33.285,-86.3431,20100115,9.8
GHCND:USC00011620,127.4,33.285,-86.3431,20100415,7.4
GHCND:USC00011620,127.4,33.285,-86.3431,20100715,3.2
GHCND:USC00011620,127.4,33.285,-86.3431,20101015,7.4
GHCND:USC00259045,446.5,42.2363,-97.0111,20100115,12.7
GHCND:USC00259045,446.5,42.2363,-97.0111,20100415,9.6
GHCND:USC00259045,446.5,42.2363,-97.0111,20100715,6.0
GHCND:USC00259045,446.5,42.2361,-97.0108,20101015,9.2
GHCND:USC00413060,97.5,26.558,-99.1372,20100115,9.1
GHCND:USC00413060,97.5,26.558,-99.1372,20100415,7.2
GHCND:USC00413060,97.5,26.558,-99.1372,20100715,3.2
GHCND:USC00413060,97.5,26.558,-99.1372,20101015,6.7
GHCND:USC00301436,414.5,42.82389,-74.73861,20100115,12.0
GHCND:USC00301436,414.5,42.82389,-74.73861,20100415,8.7
GHCND:USC00301436,414.5,42.82389,-74.73861,20100715,5.4
GHCND:USC00301436,414.5,42.82389,-74.73861,20101015,7.6
GHCND:USC00413063,42.4,27.1395,-98.1201,20100115,9.9
GHCND:USC00413063,42.4,27.1395,-98.1201,20100415,7.3
GHCND:USC00413063,42.4,27.1395,-98.1201,20100715,2.8
GHCND:USC00413063,42.4,27.1395,-98.1201,20101015,6.7
GHCND:USW00023091,917.4,30.91194,-102.91667,20100115,9.3
GHCND:USW00023091,917.4,30.91194,-102.91667,20100415,8.0
GHCND:USW00023091,917.4,30.91194,-102.91667,20100715,3.9
GHCND:USW00023091,917.4,30.91194,-102.91667,20101015,6.5
GHCND:USC00253735,451.1,40.175,-97.5902,20100115,11.8
GHCND:USC00253735,451.1,40.175,-97.5902,20100415,9.8
GHCND:USC00253735,451.1,40.175,-97.5902,20100715,6.1
GHCND:USC00253735,451.1,40.175,-97.5902,20101015,8.9
GHCND:USC00010764,135.6,33.39528,-87.00778,20100115,9.6
GHCND:USC00010764,135.6,33.39528,-87.00778,20100415,7.1
GHCND:USC00010764,135.6,33.39528,-87.00778,20100715,3.3
GHCND:USC00010764,135.6,33.39528,-87.00778,20101015,7.2
GHCND:USC00042319,-59.1,36.4622,-116.8669,20100115,5.1
GHCND:USC00042319,-59.1,36.4622,-116.8669,20100415,7.2
GHCND:USC00042319,-59.1,36.4622,-116.8669,20100715,5.5
GHCND:USC00042319,-59.1,36.4622,-116.8669,20101015,5.8
GHCND:USC00251560,516.6,41.1155,-98.0063,20100115,12.1
GHCND:USC00251560,516.6,41.1155,-98.0063,20100415,9.7
GHCND:USC00251560,516.6,41.1155,-98.0063,20100715,5.6
GHCND:USC00251560,516.6,41.1155,-98.0063,20101015,8.8
GHCND:USC00043647,125.9,40.4863,-123.9088,20100115,4.6
GHCND:USC00043647,125.9,40.4863,-123.9088,20100415,4.9
GHCND:USC00043647,125.9,40.4863,-123.9088,20100715,3.2
GHCND:USC00043647,125.9,40.4863,-123.9088,20101015,4.1
GHCND:USC00040136,516.6,32.8358,-116.7775,20100115,6.1
GHCND:USC00040136,516.6,32.8358,-116.7775,20100415,6.8
GHCND:USC00040136,516.6,32.8358,-116.7775,20100715,5.5
GHCND:USC00040136,516.6,32.8358,-116.7775,20101015,6.8
GHCND:USC00255925,679.7,42.6008,-99.3333,20100115,13.5
GHCND:USC00255925,679.7,42.6008,-99.3333,20100415,10.5
GHCND:USC00255925,679.7,42.6008,-99.3333,20100715,6.6
GHCND:USC00255925,679.7,42.6008,-99.3333,20101015,9.7
GHCND:USC00418728,25,29.61833,-95.63583,20100115,9.6
GHCND:USC00418728,25,29.61833,-95.63583,20100415,6.3
GHCND:USC00418728,25,29.61833,-95.63583,20100715,2.7
GHCND:USC00418728,25,29.61833,-95.63583,20101015,6.7
GHCND:USW00023072,823,34.9325,-100.89028,20100115,10.0
GHCND:USW00023072,823,34.9325,-100.89028,20100415,8.9
GHCND:USW00023072,823,34.9325,-100.89028,20100715,4.7
GHCND:USW00023072,823,34.9325,-100.89028,20101015,8.0
GHCND:USC00250245,794,41.5975,-99.8258,20100115,12.6
GHCND:USC00250245,794,41.5975,-99.8258,20100415,9.7
GHCND:USC00250245,794,41.5975,-99.8258,20100715,5.9
GHCND:USC00250245,794,41.5975,-99.8258,20101015,8.9
GHCND:USC00044500,44.2,37.95694,-122.54389,20100115,4.3
GHCND:USC00044500,44.2,37.95694,-122.54389,20100415,5.0
GHCND:USC00044500,44.2,37.95694,-122.54389,20100715,4.4
GHCND:USC00044500,44.2,37.95694,-122.54389,20101015,4.7
GHCND:USC00253755,1301.5,42.3208,-103.0733,20100115,12.0
GHCND:USC00253755,1301.5,42.3208,-103.0733,20100415,10.0
GHCND:USC00253755,1301.5,42.3208,-103.0733,20100715,6.2
GHCND:USC00253755,1301.5,42.3208,-103.0733,20101015,9.8
GHCND:USC00088529,53,29.93806,-82.11639,20100115,9.3
GHCND:USC00088529,53,29.93806,-82.11639,20100415,6.3
GHCND:USC00088529,53,29.93806,-82.11639,20100715,2.3
GHCND:USC00088529,53,29.93806,-82.11639,20101015,6.0
GHCND:USC00414375,612.6,30.06278,-99.505,20100115,8.4
GHCND:USC00414375,612.6,30.06278,-99.505,20100415,6.8
GHCND:USC00414375,612.6,30.06278,-99.505,20100715,3.1
GHCND:USC00414375,612.6,30.06278,-99.505,20101015,7.3
GHCND:USC00416636,364.2,33.3733,-98.7663,20100115,9.8
GHCND:USC00416636,364.2,33.3733,-98.7663,20100415,7.8
GHCND:USC00416636,364.2,33.3733,-98.7663,20100715,4.2
GHCND:USC00416636,364.2,33.3733,-98.7663,20101015,7.5
GHCND:USC00083207,7.6,27.46222,-80.35389,20100115,8.0
GHCND:USC00083207,7.6,27.46222,-80.35389,20100415,4.8
GHCND:USC00083207,7.6,27.46222,-80.35389,20100715,1.9
GHCND:USC00083207,7.6,27.46222,-80.35389,20101015,4.0
GHCND:USC00418818,951,33.17139,-101.79806,20100115,9.5
GHCND:USC00418818,951,33.17139,-101.79806,20100415,8.6
GHCND:USC00418818,951,33.17139,-101.79806,20100715,4.1
GHCND:USC00418818,951,33.17139,-101.79806,20101015,7.4
GHCND:USW00003032,707.7,30.04806,-102.21306,20100115,7.6
GHCND:USW00003032,707.7,30.04806,-102.21306,20100415,6.7
GHCND:USW00003032,707.7,30.04806,-102.21306,20100715,3.6
GHCND:USW00003032,707.7,30.04806,-102.21306,20101015,6.3
GHCND:USW00003031,914.7,31.92056,-102.38667,20100115,8.5
GHCND:USW00003031,914.7,31.92056,-102.38667,20100415,7.9
GHCND:USW00003031,914.7,31.92056,-102.38667,20100715,4.3
GHCND:USW00003031,914.7,31.92056,-102.38667,20101015,7.1
GHCND:USC00304808,495.3,42.2473,-78.8125,20100115,11.7
GHCND:USC00304808,495.3,42.2473,-78.8125,20100415,9.3
GHCND:USC00304808,495.3,42.2473,-78.8125,20100715,5.6
GHCND:USC00304808,495.3,42.2473,-78.8125,20101015,7.9
GHCND:USC00041806,411.2,38.9238,-122.5672,20100115,4.8
GHCND:USC00041806,411.2,38.9238,-122.5672,20100415,6.1
GHCND:USC00041806,411.2,38.9238,-122.5672,20100715,5.2
GHCND:USC00041806,411.2,38.9238,-122.5672,20101015,5.5
GHCND:USC00047109,310.3,39.3619,-123.1286,20100115,4.7
GHCND:USC00047109,310.3,39.3619,-123.1286,20100415,6.0
GHCND:USC00047109,310.3,39.3619,-123.1286,20100715,5.3
GHCND:USC00047109,310.3,39.3619,-123.1286,20101015,5.4
GHCND:USC00258935,390.1,42.1505,-96.4755,20100115,12.3
GHCND:USC00258935,390.1,42.1505,-96.4755,20100415,9.9
GHCND:USC00258935,390.1,42.1505,-96.4755,20100715,5.9
GHCND:USC00258935,390.1,42.1505,-96.4755,20101015,9.1
GHCND:USC00301401,47.9,44.8786,-73.3953,20100115,12.8
GHCND:USC00301401,47.9,44.8786,-73.3953,20100415,8.0
GHCND:USC00301401,47.9,44.8786,-73.3953,20100715,5.3
GHCND:USC00301401,47.9,44.8786,-73.3953,20101015,7.3
GHCND:USC00413133,143.3,32.53389,-96.66083,20100115,9.6
GHCND:USC00413133,143.3,32.5338,-96.6608,20100415,7.1
GHCND:USC00413133,143.3,32.5338,-96.6608,20100715,3.5
GHCND:USC00413133,143.3,32.5338,-96.6608,20101015,7.0
GHCND:USC00049781,21,38.6827,-121.7941,20100115,4.6
GHCND:USC00049781,21,38.6827,-121.7941,20100415,6.0
GHCND:USC00049781,21,38.6827,-121.7941,20100715,5.0
GHCND:USC00049781,21,38.6827,-121.7941,20101015,5.2
GHCND:USC00416644,1109.5,34.17972,-102.13556,20100115,9.6
GHCND:USC00416644,1109.5,34.17972,-102.13556,20100415,8.4
GHCND:USC00416644,1109.5,34.17972,-102.13556,20100715,3.8
GHCND:USC00416644,1109.5,34.17972,-102.13556,20101015,7.5
GHCND:USW00003024,930.9,35.695,-101.395,20100115,9.4
GHCND:USW00003024,930.9,35.695,-101.395,20100415,8.8
GHCND:USW00003024,930.9,35.695,-101.395,20100715,4.8
GHCND:USW00003024,930.9,35.695,-101.395,20101015,8.2
GHCND:USC00417983,190.5,29.90361,-97.91139,20100115,8.4
GHCND:USC00417983,190.5,29.90361,-97.91139,20100415,6.4
GHCND:USC00417983,202.7,29.8832,-97.9494,20100715,3.0
GHCND:USC00417983,202.7,29.8832,-97.9494,20101015,6.8
GHCND:USC00046263,261.2,34.238,-118.53,20100115,6.5
GHCND:USC00046263,261.2,34.23944,-118.53278,20100415,6.3
GHCND:USC00046263,261.2,34.23944,-118.53278,20100715,4.6
GHCND:USC00046263,261.2,34.23944,-118.53278,20101015,6.0
GHCND:USC00417947,240.2,29.5253,-98.4539,20100115,8.7
GHCND:USC00417947,240.2,29.5253,-98.4539,20100415,6.6
GHCND:USC00417947,240.2,29.5253,-98.4539,20100715,3.1
GHCND:USC00417947,240.2,29.5253,-98.4539,20101015,6.7
GHCND:USC00049792,115.8,37.42861,-122.25667,20100115,4.5
GHCND:USC00049792,115.8,37.42861,-122.25667,20100415,5.3
GHCND:USC00049792,115.8,37.42861,-122.25667,20100715,4.7
GHCND:USC00049792,115.8,37.42861,-122.25667,20101015,5.0
GHCND:USC00254110,999.7,40.5209,-101.655,20100115,11.0
GHCND:USC00254110,999.7,40.5209,-101.655,20100415,9.4
GHCND:USC00254110,999.7,40.5209,-101.655,20100715,5.4
GHCND:USC00254110,999.7,40.5209,-101.655,20101015,8.7
GHCND:USC00415770,802.2,35.23611,-100.59222,20100115,10.3
GHCND:USC00415770,802.2,35.23611,-100.59222,20100415,8.4
GHCND:USC00415770,802.2,35.23611,-100.59222,20100715,4.3
GHCND:USC00415770,802.2,35.23611,-100.59222,20101015,7.4
GHCND:USC00412266,21.3,29.05667,-96.23194,20100115,9.2
GHCND:USC00412266,21.3,29.05667,-96.23194,20100415,6.2
GHCND:USC00412266,21.3,29.05667,-96.23194,20100715,2.1
GHCND:USC00412266,21.3,29.05667,-96.23194,20101015,6.5
GHCND:USC00041838,101.5,38.80667,-123.01722,20100115,4.4
GHCND:USC00041838,100.6,38.8,-123.0175,20100415,6.6
GHCND:USC00041838,100.6,38.8,-123.0175,20100715,5.4
GHCND:USC00041838,100.6,38.8,-123.0175,20101015,5.8
GHCND:USC00309292,97.5,41.3906,-73.9608,20100115,9.8
GHCND:USC00309292,97.5,41.3906,-73.9608,20100415,7.7
GHCND:USC00309292,97.5,41.3906,-73.9608,20100715,5.0
GHCND:USC00309292,97.5,41.3906,-73.9608,20101015,6.7
GHCND:USC00040983,245.4,33.2559,-116.4036,20100115,5.6
GHCND:USC00040983,245.4,33.2559,-116.4036,20100415,7.5
GHCND:USC00040983,245.4,33.2559,-116.4036,20100715,4.7
GHCND:USC00040983,245.4,33.2559,-116.4036,20101015,6.6
GHCND:USC00415742,521.8,29.81,-99.24972,20100115,8.7
GHCND:USC00415742,521.8,29.81,-99.24972,20100415,7.0
GHCND:USC00415742,521.8,29.81,-99.24972,20100715,2.9
GHCND:USC00415742,521.8,29.81,-99.24972,20101015,6.9
GHCND:USC00047150,701,36.18833,-120.69528,20100115,5.3
GHCND:USC00047150,701,36.18833,-120.69528,20100415,5.7
GHCND:USC00047150,701,36.18833,-120.69528,20100715,5.4
GHCND:USC00047150,701,36.18833,-120.69528,20101015,5.6
GHCND:USC00013775,259.1,33.6483,-85.6005,20100115,9.7
GHCND:USC00013775,259.1,33.6483,-85.6005,20100415,7.7
GHCND:USC00013775,259.1,33.6483,-85.6005,20100715,3.2
GHCND:USC00013775,259.1,33.6483,-85.6005,20101015,7.1
GHCND:USC00049325,871.1,34.5349,-117.3058,20100115,6.1
GHCND:USC00049325,871.1,34.5349,-117.3058,20100415,7.2
GHCND:USC00049325,871.1,34.5349,-117.3058,20100715,5.6
GHCND:USC00049325,871.1,34.5349,-117.3058,20101015,6.3
GHCND:USC00411398,451.1,29.67028,-100.00972,20100115,8.4
GHCND:USC00411398,451.1,29.67028,-100.00972,20100415,7.1
GHCND:USC00411398,451.1,29.67028,-100.00972,20100715,3.2
GHCND:USC00411398,451.1,29.67028,-100.00972,20101015,6.6
GHCND:USC00417936,57.6,31.0619,-94.1011,20100115,9.7
GHCND:USC00417936,57.6,31.0619,-94.1011,20100415,7.4
GHCND:USC00417936,57.6,31.0619,-94.1011,20100715,2.8
GHCND:USC00417936,57.6,31.0619,-94.1011,20101015,7.2
GHCND:USC00415757,220.4,31.435,-97.4011,20100115,9.6
GHCND:USC00415757,220.4,31.435,-97.4011,20100415,7.1
GHCND:USC00415757,220.4,31.435,-97.4011,20100715,3.2
GHCND:USC00415757,220.4,31.435,-97.4011,20101015,7.2
GHCND:USC00042706,123.4,32.8138,-116.975,20100115,4.6
GHCND:USC00042706,123.4,32.8138,-116.975,20100415,4.8
GHCND:USC00042706,123.4,32.8138,-116.975,20100715,3.9
GHCND:USC00042706,123.4,32.8138,-116.975,20101015,4.4
GHCND:USC00013761,112.8,31.3625,-85.33972,20100115,9.7
GHCND:USC00013761,112.8,31.3625,-85.33972,20100415,6.8
GHCND:USC00013761,112.8,31.3625,-85.33972,20100715,3.0
GHCND:USC00013761,112.8,31.3625,-85.33972,20101015,7.0
GHCND:USC00042709,182.9,32.88389,-116.81639,20100115,5.5
GHCND:USC00042709,182.9,32.88389,-116.81639,20100415,6.2
GHCND:USC00042709,182.9,32.88389,-116.81639,20100715,4.7
GHCND:USC00042709,182.9,32.88389,-116.81639,20101015,5.6
GHCND:USC00010252,76.2,31.3067,-86.5222,20100115,9.3
GHCND:USC00010252,76.2,31.3071,-86.5226,20100415,7.0
GHCND:USC00010252,76.2,31.3071,-86.5226,20100715,2.7
GHCND:USC00010252,76.2,31.3071,-86.5226,20101015,7.0
GHCND:USC00040521,676.7,34.8927,-117.0219,20100115,5.1
GHCND:USC00040521,676.7,34.8927,-117.0219,20100415,7.1
GHCND:USC00040521,676.7,34.8927,-117.0219,20100715,5.0
GHCND:USC00040521,676.7,34.8927,-117.0219,20101015,6.1
GHCND:USC00086767,1.5,29.6347,-81.2061,20100115,8.5
GHCND:USC00086767,1.5,29.6347,-81.2061,20100415,5.0
GHCND:USC00086767,1.5,29.6347,-81.2061,20100715,2.4
GHCND:USC00086767,1.5,29.6347,-81.2061,20101015,5.0
GHCND:USC00088942,1.5,28.62417,-80.81583,20100115,8.7
GHCND:USC00088942,1.5,28.62417,-80.81583,20100415,5.1
GHCND:USC00088942,1.5,28.62417,-80.81583,20100715,2.3
GHCND:USC00088942,1.5,28.62417,-80.81583,20101015,4.7
GHCND:USC00415721,67.1,26.565,-98.1236,20100115,10.0
GHCND:USC00415721,67.1,26.565,-98.1236,20100415,6.8
GHCND:USC00415721,67.1,26.565,-98.1236,20100715,2.9
GHCND:USC00415721,67.1,26.565,-98.1236,20101015,6.4
GHCND:USC00305714,496.5,43.9746,-74.1883,20100115,12.2
GHCND:USC00305714,496.5,43.9746,-74.1883,20100415,7.8
GHCND:USC00305714,496.5,43.9746,-74.1883,20100715,5.4
GHCND:USC00305714,502,43.9707,-74.222,20101015,7.3
GHCND:USC00413546,118.9,32.7463,-95.0497,20100115,10.3
GHCND:USC00413546,118.9,32.7463,-95.0497,20100415,7.7
GHCND:USC00413546,118.9,32.7463,-95.0497,20100715,3.4
GHCND:USC00413546,118.9,32.7463,-95.0497,20101015,7.5
GHCND:USC00041864,204.2,36.1356,-120.3606,20100115,5.4
GHCND:USC00041864,204.2,36.1356,-120.3606,20100415,6.6
GHCND:USC00041864,204.2,36.1356,-120.3606,20100715,5.2
GHCND:USC00041864,204.2,36.1356,-120.3606,20101015,5.8
GHCND:USC00042713,-9.1,32.7669,-115.5617,20100115,4.7
GHCND:USC00042713,-9.1,32.7669,-115.5617,20100415,5.9
GHCND:USC00042713,-9.1,32.7669,-115.5617,20100715,3.7
GHCND:USC00042713,-9.1,32.7669,-115.5617,20101015,5.7
GHCND:USC00258915,423.7,42.2669,-96.8619,20100115,12.5
GHCND:USC00258915,423.7,42.2669,-96.8619,20100415,9.8
GHCND:USC00258915,423.7,42.2669,-96.8619,20100715,5.6
GHCND:USC00258915,423.7,42.2669,-96.8619,20101015,8.9
GHCND:USC00081046,73.2,28.61639,-82.36583,20100115,8.8
GHCND:USC00081046,73.2,28.61639,-82.36583,20100415,5.2
GHCND:USC00081046,73.2,28.61639,-82.36583,20100715,2.5
GHCND:USC00081046,73.2,28.6164,-82.3658,20101015,4.8
GHCND:USC00410040,612.6,30.3519,-101.2519,20100115,7.8
GHCND:USC00410040,612.6,30.3519,-101.2519,20100415,7.9
GHCND:USC00410040,612.6,30.3519,-101.2519,20100715,4.0
GHCND:USC00410040,612.6,30.3519,-101.2519,20101015,6.7
GHCND:USC00412225,91.4,32.9202,-94.7225,20100115,9.5
GHCND:USC00412225,91.4,32.9202,-94.7225,20100415,7.2
GHCND:USC00412225,91.4,32.9202,-94.7225,20100715,3.5
GHCND:USC00412225,91.4,32.9202,-94.7225,20101015,7.1
GHCND:USC00011566,86.9,31.47139,-88.25028,20100115,9.8
GHCND:USC00011566,86.9,31.47139,-88.25028,20100415,6.9
GHCND:USC00011566,86.9,31.47139,-88.25028,20100715,3.3
GHCND:USC00011566,86.9,31.47139,-88.25028,20101015,7.0
GHCND:USW00094299,1333.5,41.49139,-120.56444,20100115,7.8
GHCND:USW00094299,1333.5,41.49139,-120.56444,20100415,6.2
GHCND:USW00094299,1333.5,41.49139,-120.56444,20100715,4.8
GHCND:USW00094299,1333.5,41.49139,-120.56444,20101015,5.8
GHCND:USC00258920,944.9,40.8433,-101.2094,20100115,11.3
GHCND:USC00258920,944.9,40.8433,-101.2094,20100415,9.2
GHCND:USC00258920,944.9,40.8433,-101.2094,20100715,5.6
GHCND:USC00258920,944.9,40.8433,-101.2094,20101015,8.9
GHCND:USC00085895,10.7,26.84,-81.08722,20100115,8.2
GHCND:USC00085895,10.7,26.84,-81.08722,20100415,5.0
GHCND:USC00085895,10.7,26.84,-81.08722,20100715,2.0
GHCND:USC00085895,10.7,26.84,-81.08722,20101015,4.1
GHCND:USC00415701,30.5,26.1916,-98.2511,20100115,9.3
GHCND:USC00415701,30.5,26.1916,-98.2511,20100415,6.3
GHCND:USC00415701,30.5,26.1916,-98.2511,20100715,2.6
GHCND:USC00415701,30.5,26.1916,-98.2511,20101015,5.5
GHCND:USC00410498,981.5,30.98444,-103.74028,20100115,9.3
GHCND:USC00410498,981.5,30.98444,-103.74028,20100415,8.1
GHCND:USC00410498,981.5,30.98444,-103.74028,20100715,4.1
GHCND:USC00410498,981.5,30.98444,-103.74028,20101015,6.9
GHCND:USC00412679,247.5,28.75667,-100.47889,20100115,8.2
GHCND:USC00412679,247.5,28.75667,-100.47889,20100415,7.1
GHCND:USC00412679,247.5,28.75667,-100.47889,20100715,3.4
GHCND:USC00412679,247.5,28.75667,-100.47889,20101015,6.8
GHCND:USC00415707,757.7,31.13333,-102.22167,20100115,8.3
GHCND:USC00415707,757.7,31.13333,-102.22167,20100415,7.6
GHCND:USC00415707,750.1,31.13333,-102.22167,20100715,4.0
GHCND:USC00415707,750.1,31.13333,-102.22167,20101015,6.8
GHCND:USC00015121,61,32.47139,-87.23056,20100115,10.0
GHCND:USC00015121,61,32.47139,-87.23056,20100415,7.3
GHCND:USC00015121,61,32.47139,-87.23056,20100715,3.0
GHCND:USC00015121,61,32.47139,-87.23056,20101015,7.4
GHCND:USC00012096,247.2,34.1924,-86.7972,20100115,10.6
GHCND:USC00012096,247.2,34.1924,-86.7972,20100415,7.8
GHCND:USC00012096,247.2,34.1924,-86.7972,20100715,3.3
GHCND:USC00012096,247.2,34.1924,-86.7972,20101015,7.2
GHCND:USC00046657,1691.6,33.378,-116.84,20100115,7.0
GHCND:USC00046657,1691.6,33.378,-116.84,20100415,8.9
GHCND:USC00046657,1691.6,33.378,-116.84,20100715,5.3
GHCND:USC00046657,1691.6,33.378,-116.84,20101015,7.7
GHCND:USW00012834,9.4,29.1828,-81.0483,20100115,8.8
GHCND:USW00012834,9.4,29.1828,-81.0483,20100415,5.5
GHCND:USW00012834,9.4,29.1828,-81.0483,20100715,2.2
GHCND:USW00012834,9.4,29.1828,-81.0483,20101015,4.8
GHCND:USW00012833,11.6,29.63333,-83.10528,20100115,9.6
GHCND:USW00012833,11.6,29.63333,-83.10528,20100415,5.9
GHCND:USW00012833,11.6,29.63333,-83.10528,20100715,2.2
GHCND:USW00012833,11.6,29.63333,-83.10528,20101015,6.1
GHCND:USC00042294,18.3,38.535,-121.77611,20100115,4.5
GHCND:USC00042294,18.3,38.535,-121.77611,20100415,6.0
GHCND:USC00042294,18.3,38.535,-121.77611,20100715,5.1
GHCND:USC00042294,18.3,38.535,-121.77611,20101015,5.3
GHCND:USW00012832,5.8,29.73333,-85.03333,20100115,8.5
GHCND:USW00012832,5.8,29.73333,-85.03333,20100415,5.3
GHCND:USW00012832,5.8,29.73333,-85.03333,20100715,2.6
GHCND:USW00012832,5.8,29.73333,-85.03333,20101015,5.9
GHCND:USW00012839,8.8,25.7881,-80.3169,20100115,7.1
GHCND:USW00012839,8.8,25.7881,-80.3169,20100415,4.0
GHCND:USW00012839,8.8,25.7881,-80.3169,20100715,2.1
GHCND:USW00012839,8.8,25.7881,-80.3169,20101015,3.0
GHCND:USW00012838,8.2,28.10111,-80.64389,20100115,8.4
GHCND:USW00012838,8.2,28.10111,-80.64389,20100415,5.0
GHCND:USW00012838,8.2,28.10111,-80.64389,20100715,2.0
GHCND:USW00012838,8.2,28.10111,-80.64389,20101015,4.2
GHCND:USW00012836,0.3,24.555,-81.75222,20100115,6.2
GHCND:USW00012836,0.3,24.555,-81.75222,20100415,3.6
GHCND:USW00012836,0.3,24.555,-81.75222,20100715,2.0
GHCND:USW00012836,0.3,24.555,-81.75222,20101015,2.8
GHCND:USW00012835,4.6,26.585,-81.8614,20100115,7.5
GHCND:USW00012835,4.6,26.585,-81.8614,20100415,4.4
GHCND:USW00012835,4.6,26.585,-81.8614,20100715,2.0
GHCND:USW00012835,4.6,26.585,-81.8614,20101015,3.8
GHCND:USC00255040,423.7,42.8294,-98.4583,20100115,13.2
GHCND:USC00255040,423.7,42.8294,-98.4583,20100415,9.9
GHCND:USC00255040,423.7,42.8294,-98.4583,20100715,7.0
GHCND:USC00255040,423.7,42.8294,-98.4583,20101015,9.0
GHCND:USW00012844,5.8,26.6847,-80.0994,20100115,7.6
GHCND:USW00012844,5.8,26.6847,-80.0994,20100415,4.4
GHCND:USW00012844,5.8,26.6847,-80.0994,20100715,1.9
GHCND:USW00012844,5.8,26.6847,-80.0994,20101015,3.3
GHCND:USW00012843,8.5,27.65111,-80.42,20100115,8.1
GHCND:USW00012843,8.5,27.65111,-80.42,20100415,5.1
GHCND:USW00012843,8.5,27.65111,-80.42,20100715,1.9
GHCND:USW00012843,8.5,27.65111,-80.42,20101015,4.0
GHCND:USW00012842,5.8,27.96194,-82.54028,20100115,8.5
GHCND:USW00012842,5.8,27.96194,-82.54028,20100415,5.0
GHCND:USW00012842,5.8,27.96194,-82.54028,20100715,2.0
GHCND:USW00012842,5.8,27.96194,-82.54028,20101015,4.6
GHCND:USW00012841,32.9,28.54528,-81.33306,20100115,8.5
GHCND:USW00012841,32.9,28.54528,-81.33306,20100415,4.9
GHCND:USW00012841,32.9,28.54528,-81.33306,20100715,2.1
GHCND:USW00012841,32.9,28.54528,-81.33306,20101015,4.4
GHCND:USC00043157,1442.3,41.52,-120.09,20100115,7.7
GHCND:USC00043157,1442.3,41.52,-120.09,20100415,7.2
GHCND:USC00043157,1442.3,41.52,-120.09,20100715,5.5
GHCND:USC00043157,1442.3,41.52,-120.09,20101015,6.8
GHCND:USC00413507,266.4,30.6763,-97.7208,20100115,9.7
GHCND:USC00413507,266.4,30.6763,-97.7208,20100415,7.1
GHCND:USC00413507,266.4,30.6763,-97.7208,20100715,3.3
GHCND:USC00413507,266.4,30.6763,-97.7208,20101015,7.2
GHCND:USC00419295,1239,31.04167,-104.83722,20100115,7.7
GHCND:USC00419295,1239,31.04167,-104.83722,20100415,7.0
GHCND:USC00419295,1239,31.04167,-104.83722,20100715,4.0
GHCND:USC00419295,1239,31.04167,-104.83722,20101015,6.4
GHCND:USC00256375,506,41.1844,-97.5513,20100115,12.1
GHCND:USC00256375,506,41.1844,-97.5513,20100415,9.8
GHCND:USC00256375,506,41.1844,-97.5513,20100715,5.5
GHCND:USC00256375,499.9,41.1838,-97.5499,20101015,8.8
GHCND:USW00012812,7.6,26.91722,-81.99139,20100115,7.9
GHCND:USW00012812,7.6,26.91722,-81.99139,20100415,4.5
GHCND:USW00012812,7.6,26.91722,-81.99139,20100715,1.8
GHCND:USW00012812,7.6,26.91722,-81.99139,20101015,4.2
GHCND:USC00043161,37.5,39.5091,-123.7566,20100115,4.5
GHCND:USC00043161,37.5,39.5091,-123.7566,20100415,3.9
GHCND:USC00043161,37.5,39.5091,-123.7566,20100715,2.8
GHCND:USC00043161,37.5,39.5091,-123.7566,20101015,4.1
GHCND:USW00093841,60.7,30.71667,-87.01667,20100115,9.3
GHCND:USW00093841,60.7,30.71667,-87.01667,20100415,6.1
GHCND:USW00093841,60.7,30.71667,-87.01667,20100715,2.6
GHCND:USW00093841,60.7,30.71667,-87.01667,20101015,6.8
GHCND:USC00413992,487.7,33.1577,-99.7455,20100115,9.7
GHCND:USC00413992,487.7,33.1577,-99.7455,20100415,8.4
GHCND:USC00413992,487.7,33.1577,-99.7455,20100715,4.4
GHCND:USC00413992,487.7,33.1577,-99.7455,20101015,7.8
GHCND:USC00410482,776.3,30.88778,-102.30444,20100115,8.8
GHCND:USC00410482,776.3,30.88778,-102.30444,20100415,8.0
GHCND:USC00410482,776.3,30.88778,-102.30444,20100715,3.9
GHCND:USC00410482,776.3,30.88778,-102.30444,20101015,7.1
GHCND:USW00012819,23.5,28.82083,-81.80972,20100115,8.6
GHCND:USW00012819,23.5,28.82083,-81.80972,20100415,5.3
GHCND:USW00012819,23.5,28.82083,-81.80972,20100715,2.3
GHCND:USW00012819,23.5,28.82083,-81.80972,20101015,5.0
GHCND:USW00012818,23.5,28.47361,-82.45444,20100115,9.7
GHCND:USW00012818,23.5,28.47361,-82.45444,20100415,5.8
GHCND:USW00012818,23.5,28.47361,-82.45444,20100715,1.8
GHCND:USW00012818,23.5,28.47361,-82.45444,20101015,5.7
GHCND:USW00012816,37.5,29.6919,-82.2755,20100115,9.1
GHCND:USW00012816,37.5,29.6919,-82.2755,20100415,5.9
GHCND:USW00012816,37.5,29.6919,-82.2755,20100715,2.2
GHCND:USW00012816,37.5,29.6919,-82.2755,20101015,6.1
GHCND:USC00045360,146.3,38.4916,-122.1241,20100115,4.6
GHCND:USC00045360,146.3,38.4916,-122.1241,20100415,5.9
GHCND:USC00045360,146.3,38.4916,-122.1241,20100715,5.6
GHCND:USC00045360,146.3,38.4916,-122.1241,20101015,5.3
GHCND:USW00012815,27.4,28.4339,-81.325,20100115,8.5
GHCND:USW00012815,27.4,28.4339,-81.325,20100415,4.9
GHCND:USW00012815,27.4,28.4339,-81.325,20100715,2.0
GHCND:USW00012815,27.4,28.4339,-81.325,20101015,4.5
GHCND:USC00411337,66.4,28.4958,-98.3953,20100115,9.1
GHCND:USC00411337,66.4,28.4958,-98.3953,20100415,6.7
GHCND:USC00411337,66.4,28.4958,-98.3953,20100715,3.0
GHCND:USC00411337,66.4,28.4657,-98.3539,20101015,6.4
GHCND:USW00093837,6.1,30.23333,-81.66667,20100115,9.1
GHCND:USW00093837,6.1,30.23333,-81.66667,20100415,6.1
GHCND:USW00093837,6.1,30.23333,-81.66667,20100715,2.6
GHCND:USW00093837,6.1,30.23333,-81.66667,20101015,5.8
GHCND:USC00256385,1033.3,41.4014,-102.3465,20100115,11.3
GHCND:USC00256385,1033.3,41.4014,-102.3465,20100415,9.1
GHCND:USC00256385,1033.3,41.4014,-102.3465,20100715,5.5
GHCND:USC00256385,1033.3,41.4014,-102.3465,20101015,8.4
GHCND:USW00093832,25.3,30.21667,-81.88333,20100115,8.8
GHCND:USW00093832,25.3,30.21667,-81.88333,20100415,6.0
GHCND:USW00093832,25.3,30.21667,-81.88333,20100715,2.6
GHCND:USW00093832,25.3,30.21667,-81.88333,20101015,5.9
GHCND:USC00046685,533.4,39.75361,-121.62389,20100115,5.8
GHCND:USC00046685,533.4,39.75361,-121.62389,20100415,8.0
GHCND:USC00046685,533.4,39.75361,-121.62389,20100715,6.1
GHCND:USC00046685,533.4,39.75361,-121.62389,20101015,7.2
GHCND:USC00410493,534.9,31.7413,-99.9763,20100115,9.3
GHCND:USC00410493,534.9,31.7413,-99.9763,20100415,7.9
GHCND:USC00410493,534.9,31.7413,-99.9763,20100715,3.7
GHCND:USC00410493,534.9,31.7413,-99.9763,20101015,7.2
GHCND:USC00044025,83.8,36.84833,-121.42139,20100115,4.7
GHCND:USC00044025,83.8,36.84833,-121.42139,20100415,5.4
GHCND:USC00044025,83.8,36.84833,-121.42139,20100715,4.8
GHCND:USC00044025,83.8,36.84833,-121.42139,20101015,4.9
GHCND:USC00043191,34.1,38.515,-123.2447,20100115,4.1
GHCND:USC00043191,34.1,38.515,-123.2447,20100415,3.6
GHCND:USC00043191,34.1,38.515,-123.2447,20100715,3.0
GHCND:USC00043191,34.1,38.515,-123.2447,20101015,4.1
GHCND:USC00014226,148.1,33.9053,-87.315,20100115,10.0
GHCND:USC00014226,148.1,33.9053,-87.315,20100415,7.5
GHCND:USC00014226,148.1,33.90472,-87.31528,20100715,3.2
GHCND:USC00014226,148.1,33.90472,-87.31528,20101015,7.4
GHCND:USC00255470,986,42.91944,-101.70889,20100115,13.0
GHCND:USC00255470,986,42.91944,-101.70889,20100415,10.5
GHCND:USC00255470,986,42.91944,-101.70889,20100715,6.8
GHCND:USC00255470,986,42.91944,-101.70889,20101015,9.9
GHCND:USC00015553,68.6,32.26,-86.218,20100115,10.2
GHCND:USC00015553,68.6,32.26,-86.218,20100415,6.7
GHCND:USC00015553,68.6,32.26,-86.218,20100715,3.0
GHCND:USC00015553,68.6,32.26,-86.218,20101015,7.2
GHCND:USC00419270,1353.3,30.59083,-104.49139,20100115,7.1
GHCND:USC00419270,1353.3,30.59083,-104.49139,20100415,6.3
GHCND:USC00419270,1353.3,30.59083,-104.49139,20100715,3.5
GHCND:USC00419270,1353.3,30.59083,-104.49139,20101015,5.7
GHCND:USW00003904,93,30.58917,-96.36472,20100115,9.7
GHCND:USW00003904,93,30.58917,-96.36472,20100415,6.8
GHCND:USW00003904,93,30.58917,-96.36472,20100715,2.8
GHCND:USW00003904,93,30.58917,-96.36472,20101015,7.0
GHCND:USW00012876,44.5,28.06222,-81.75417,20100115,8.3
GHCND:USW00012876,44.5,28.06222,-81.75417,20100415,4.9
GHCND:USW00012876,44.5,28.06222,-81.75417,20100715,2.2
GHCND:USW00012876,44.5,28.06222,-81.75417,20101015,4.6
GHCND:USC00046699,224.9,34.2903,-114.1708,20100115,4.9
GHCND:USC00046699,224.9,34.2903,-114.1708,20100415,7.3
GHCND:USC00046699,224.9,34.2903,-114.1708,20100715,4.4
GHCND:USC00046699,224.9,34.2903,-114.1708,20101015,6.6
GHCND:USW00012873,3.4,27.91056,-82.6875,20100115,8.2
GHCND:USW00012873,3.4,27.91056,-82.6875,20100415,4.5
GHCND:USW00012873,3.4,27.91056,-82.6875,20100715,2.1
GHCND:USW00012873,3.4,27.91056,-82.6875,20101015,4.4
GHCND:USW00012871,8.5,27.40139,-82.55861,20100115,8.1
GHCND:USW00012871,8.5,27.40139,-82.55861,20100415,4.3
GHCND:USW00012871,8.5,27.40139,-82.55861,20100715,1.9
GHCND:USW00012871,8.5,27.40139,-82.55861,20101015,4.3
GHCND:USC00413972,1109.5,34.36528,-102.09028,20100115,9.1
GHCND:USC00413972,1109.5,34.36528,-102.09028,20100415,8.3
GHCND:USC00413972,1109.5,34.36528,-102.09028,20100715,3.8
GHCND:USC00413972,1109.5,34.36528,-102.09028,20101015,7.3
GHCND:USC00303184,218.8,42.8766,-77.0307,20100115,11.0
GHCND:USC00303184,218.8,42.8766,-77.0307,20100415,9.1
GHCND:USC00303184,218.8,42.8766,-77.0307,20100715,5.5
GHCND:USC00303184,218.8,42.8766,-77.0307,20101015,7.4
GHCND:USW00003901,111.3,32.38472,-94.71167,20100115,9.9
GHCND:USW00003901,111.3,32.38472,-94.71167,20100415,6.9
GHCND:USW00003901,111.3,32.38472,-94.71167,20100715,3.4
GHCND:USW00003901,111.3,32.38472,-94.71167,20101015,7.2
GHCND:USC00040924,81.7,33.6131,-114.5972,20100115,4.7
GHCND:USC00040924,81.7,33.6131,-114.5972,20100415,6.2
GHCND:USC00040924,81.7,33.6131,-114.5972,20100715,4.0
GHCND:USC00040924,81.7,33.6131,-114.5972,20101015,5.4
GHCND:USW00012888,3,25.6475,-80.43306,20100115,7.0
GHCND:USW00012888,3,25.6475,-80.43306,20100415,4.2
GHCND:USW00012888,3,25.6475,-80.43306,20100715,2.0
GHCND:USW00012888,3,25.6475,-80.43306,20101015,2.9
GHCND:USC00045378,12.2,38.01306,-122.11417,20100115,4.7
GHCND:USC00045378,12.2,38.01306,-122.11417,20100415,5.0
GHCND:USC00045378,12.2,38.01306,-122.11417,20100715,4.8
GHCND:USC00045378,12.2,38.01306,-122.11417,20101015,4.4
GHCND:USW00012885,4.3,26.19694,-80.17083,20100115,7.3
GHCND:USW00012885,4.3,26.19694,-80.17083,20100415,4.0
GHCND:USW00012885,4.3,26.19694,-80.17083,20100715,2.1
GHCND:USW00012885,4.3,26.19694,-80.17083,20101015,3.0
GHCND:USC00305310,213.4,41.46028,-74.44889,20100115,10.2
GHCND:USC00305310,213.4,41.46028,-74.44889,20100415,8.1
GHCND:USC00305310,213.4,41.46028,-74.44889,20100715,4.9
GHCND:USC00305310,213.4,41.46028,-74.44889,20101015,7.1
GHCND:USW00012883,45.1,28,-82.05,20100115,7.8
GHCND:USW00012883,45.1,28,-82.05,20100415,4.8
GHCND:USW00012883,45.1,28,-82.05,20100715,1.9
GHCND:USW00012883,45.1,28,-82.05,20101015,4.3
GHCND:USC00305796,6.1,40.59389,-73.98083,20100115,9.5
GHCND:USC00305796,6.1,40.59389,-73.98083,20100415,6.8
GHCND:USC00305796,6.1,40.59389,-73.98083,20100715,4.7
GHCND:USC00305796,6.1,40.59389,-73.98083,20101015,6.3
GHCND:USW00012882,3,25.90694,-80.28028,20100115,6.9
GHCND:USW00012882,3,25.90694,-80.28028,20100415,3.8
GHCND:USW00012882,3,25.90694,-80.28028,20100715,1.8
GHCND:USW00012882,3,25.90694,-80.28028,20101015,2.9
GHCND:USC00304025,18.3,42.25,-73.8,20100115,11.0
GHCND:USC00304025,18.3,42.25,-73.8,20100415,8.2
GHCND:USC00304025,18.3,42.25,-73.8,20100715,4.8
GHCND:USC00304025,18.3,42.25,-73.8,20101015,7.1
GHCND:USW00012849,3.4,26.0719,-80.1536,20100115,7.4
GHCND:USW00012849,3.4,26.0719,-80.1536,20100415,3.9
GHCND:USW00012849,3.4,26.0719,-80.1536,20100715,2.0
GHCND:USW00012849,3.4,26.0719,-80.1536,20101015,3.0
GHCND:USC00306649,619.4,42.1389,-74.0914,20100115,11.4
GHCND:USC00306649,619.4,42.1389,-74.0914,20100415,9.2
GHCND:USC00306649,619.4,42.1389,-74.0914,20100715,5.3
GHCND:USC00306649,619.4,42.1389,-74.0914,20101015,7.6
GHCND:USC00413943,11.6,26.2027,-97.6727,20100115,9.7
GHCND:USC00413943,11.6,26.2027,-97.6727,20100415,6.3
GHCND:USC00413943,11.6,26.2027,-97.6727,20100715,2.3
GHCND:USC00413943,11.6,26.2027,-97.6727,20101015,5.8
GHCND:USC00412617,1114,35.87333,-101.97278,20100115,10.0
GHCND:USC00412617,1114,35.87333,-101.97278,20100415,9.1
GHCND:USC00412617,1114,35.87333,-101.97278,20100715,4.9
GHCND:USC00412617,1114,35.87333,-101.97278,20101015,8.4
GHCND:USC00417074,1120.1,33.18694,-102.82806,20100115,8.8
GHCND:USC00417074,1120.1,33.18694,-102.82806,20100415,7.2
GHCND:USC00417074,1120.1,33.18694,-102.82806,20100715,4.3
GHCND:USC00417074,1120.1,33.18694,-102.82806,20101015,7.1
GHCND:USW00093805,16.8,30.39306,-84.35333,20100115,9.2
GHCND:USW00093805,16.8,30.39306,-84.35333,20100415,6.3
GHCND:USW00093805,16.8,30.39306,-84.35333,20100715,2.5
GHCND:USW00093805,16.8,30.39306,-84.35333,20101015,6.8
GHCND:USW00093806,45.7,33.21194,-87.61611,20100115,9.6
GHCND:USW00093806,45.7,33.21194,-87.61611,20100415,7.2
GHCND:USW00093806,45.7,33.21194,-87.61611,20100715,3.1
GHCND:USW00093806,45.7,33.2119,-87.6161,20101015,7.4
GHCND:USC00040931,1699.3,39.3886,-120.0936,20100115,8.2
GHCND:USC00040931,1699.3,39.3886,-120.0936,20100415,6.7
GHCND:USC00040931,1699.3,39.3886,-120.0936,20100715,5.3
GHCND:USC00040931,1699.3,39.3886,-120.0936,20101015,6.0
GHCND:USW00012854,16.8,28.77972,-81.24361,20100115,8.6
GHCND:USW00012854,16.8,28.77972,-81.24361,20100415,5.3
GHCND:USW00012854,16.8,28.77972,-81.24361,20100715,2.2
GHCND:USW00012854,16.8,28.77972,-81.24361,20101015,4.8
GHCND:USW00003927,170.7,32.8978,-97.0189,20100115,10.0
GHCND:USW00003927,170.7,32.8978,-97.0189,20100415,7.1
GHCND:USW00003927,170.7,32.8978,-97.0189,20100715,3.6
GHCND:USW00003927,170.7,32.8978,-97.0189,20101015,7.3
GHCND:USW00012850,1.8,24.58333,-81.68333,20100115,6.1
GHCND:USW00012850,1.8,24.58333,-81.68333,20100415,3.4
GHCND:USW00012850,1.8,24.58333,-81.68333,20100715,1.9
GHCND:USW00012850,1.8,24.58333,-81.68333,20101015,2.7
GHCND:USC00417079,1027.2,34.18917,-101.70222,20100115,9.6
GHCND:USC00417079,1027.2,34.18917,-101.70222,20100415,8.7
GHCND:USC00417079,1027.2,34.18917,-101.70222,20100715,4.2
GHCND:USC00417079,1027.2,34.18917,-101.70222,20101015,7.6
GHCND:USC00049742,41.1,38.52278,-121.96833,20100115,4.6
GHCND:USC00049742,41.1,38.52278,-121.96833,20100415,6.3
GHCND:USC00049742,41.1,38.52278,-121.96833,20100715,5.0
GHCND:USC00049742,41.1,38.52278,-121.96833,20101015,5.4
GHCND:USC00411772,132.6,33.6164,-95.0717,20100115,9.5
GHCND:USC00411772,132.6,33.6164,-95.0717,20100715,3.7
GHCND:USC00411772,132.6,33.6164,-95.0717,20101015,7.5
GHCND:USC00040943,2551.2,38.2119,-119.0142,20100115,7.6
GHCND:USC00040943,2551.2,38.2119,-119.0142,20100415,7.2
GHCND:USC00040943,2551.2,38.2119,-119.0142,20100715,5.0
GHCND:USC00040943,2551.2,38.2119,-119.0142,20101015,6.2
GHCND:USC00305334,249.9,41.85528,-73.67,20100115,10.4
GHCND:USC00305334,249.9,41.85528,-73.67,20100415,8.0
GHCND:USC00305334,249.9,41.85528,-73.67,20100715,5.5
GHCND:USC00305334,249.9,41.85528,-73.67,20101015,7.2
