STATION,STATION_NAME,ELEVATION,LATITUDE,LONGITUDE,DATE,DLY-TAVG-NORMAL,DLY-TAVG-STDDEV
GHCND:USW00023188,SAN DIEGO INTERNATIONAL AIRPORT CA US,4.6,32.73361,-117.18306,20100101,56.4,3.8
GHCND:USW00023188,SAN DIEGO INTERNATIONAL AIRPORT CA US,4.6,32.73361,-117.18306,20100102,56.5,3.8
GHCND:USW00023188,SAN DIEGO INTERNATIONAL AIRPORT CA US,4.6,32.73361,-117.18306,20100103,56.5,3.8
GHCND:USW00023188,SAN DIEGO INTERNATIONAL AIRPORT CA US,4.6,32.73361,-117.18306,20100104,56.6,3.8
GHCND:USW00023188,SAN DIEGO INTERNATIONAL AIRPORT CA US,4.6,32.73361,-117.18306,20100105,56.6,3.9
GHCND:USW00023188,SAN DIEGO INTERNATIONAL AIRPORT CA US,4.6,32.73361,-117.18306,20100106,56.7,3.9
GHCND:USW00023188,SAN DIEGO INTERNATIONAL AIRPORT CA US,4.6,32.73361,-117.18306,20100107,56.7,3.9
GHCND:USW00023188,SAN DIEGO INTERNATIONAL AIRPORT CA US,4.6,32.73361,-117.18306,20100108,56.8,3.9
GHCND:USW00023188,SAN DIEGO INTERNATIONAL AIRPORT CA US,4.6,32.73361,-117.18306,20100109,56.8,3.9
GHCND:USW00023188,SAN DIEGO INTERNATIONAL AIRPORT CA US,4.6,32.73361,-117.18306,20100110,56.9,3.9
GHCND:USW00023188,SAN DIEGO INTERNATIONAL AIRPORT CA US,4.6,32.73361,-117.18306,20100111,56.9,3.9
GHCND:USW00023188,SAN DIEGO INTERNATIONAL AIRPORT CA US,4.6,32.73361,-117.18306,20100112,57.0,3.9
GHCND:USW00023188,SAN DIEGO INTERNATIONAL AIRPORT CA US,4.6,32.73361,-117.18306,20100113,57.0,4.0
GHCND:USW00023188,SAN DIEGO INTERNATIONAL AIRPORT CA US,4.6,32.73361,-117.18306,20100114,57.1,4.0
GHCND:USW00023188,SAN DIEGO INTERNATIONAL AIRPORT CA US,4.6,32.73361,-117.18306,20100115,57.1,4.0
GHCND:USW00023188,SAN DIEGO INTERNATIONAL AIRPORT CA US,4.6,32.73361,-117.18306,20100116,57.1,4.0
GHCND:USW00023188,SAN DIEGO INTERNATIONAL AIRPORT CA US,4.6,32.73361,-117.18306,20100117,57.2,4.0
GHCND:USW00023188,SAN DIEGO INTERNATIONAL AIRPORT CA US,4.6,32.73361,-117.18306,20100118,57.2,4.0
GHCND:USW00023188,SAN DIEGO INTERNATIONAL AIRPORT CA US,4.6,32.73361,-117.18306,20100119,57.2,4.0
GHCND:USW00023188,SAN DIEGO INTERNATIONAL AIRPORT CA US,4.6,32.73361,-117.18306,20100120,57.3,4.0
GHCND:USW00023188,SAN DIEGO INTERNATIONAL AIRPORT CA US,4.6,32.73361,-117.18306,20100121,57.3,4.0
GHCND:USW00023188,SAN DIEGO INTERNATIONAL AIRPORT CA US,4.6,32.73361,-117.18306,20100122,57.3,4.0
GHCND:USW00023188,SAN DIEGO INTERNATIONAL AIRPORT CA US,4.6,32.73361,-117.18306,20100123,57.3,4.0
GHCND:USW00023188,SAN DIEGO INTERNATIONAL AIRPORT CA US,4.6,32.73361,-117.18306,20100124,57.3,4.0
GHCND:USW00023188,SAN DIEGO INTERNATIONAL AIRPORT CA US,4.6,32.73361,-117.18306,20100125,57.4,4.0
GHCND:USW00023188,SAN DIEGO INTERNATIONAL AIRPORT CA US,4.6,32.73361,-117.18306,20100126,57.4,3.9
GHCND:USW00023188,SAN DIEGO INTERNATIONAL AIRPORT CA US,4.6,32.73361,-117.18306,20100127,57.4,3.9
GHCND:USW00023188,SAN DIEGO INTERNATIONAL AIRPORT CA US,4.6,32.73361,-117.18306,20100128,57.4,3.9
GHCND:USW00023188,SAN DIEGO INTERNATIONAL AIRPORT CA US,4.6,32.73361,-117.18306,20100129,57.4,3.9
GHCND:USW00023188,SAN DIEGO INTERNATIONAL AIRPORT CA US,4.6,32.73361,-117.18306,20100130,57.4,3.9
GHCND:USW00023188,SAN DIEGO INTERNATIONAL AIRPORT CA US,4.6,32.73361,-117.18306,20100131,57.5,3.9
GHCND:USW00023188,SAN DIEGO INTERNATIONAL AIRPORT CA US,4.6,32.73361,-117.18306,20100201,57.5,3.9
GHCND:USW00023188,SAN DIEGO INTERNATIONAL AIRPORT CA US,4.6,32.73361,-117.18306,20100202,57.5,3.9
GHCND:USW00023188,SAN DIEGO INTERNATIONAL AIRPORT CA US,4.6,32.73361,-117.18306,20100203,57.5,3.9
GHCND:USW00023188,SAN DIEGO INTERNATIONAL AIRPORT CA US,4.6,32.73361,-117.18306,20100204,57.5,3.8
GHCND:USW00023188,SAN DIEGO INTERNATIONAL AIRPORT CA US,4.6,32.73361,-117.18306,20100205,57.5,3.8
GHCND:USW00023188,SAN DIEGO INTERNATIONAL AIRPORT CA US,4.6,32.73361,-117.18306,20100206,57.6,3.9
GHCND:USW00023188,SAN DIEGO INTERNATIONAL AIRPORT CA US,4.6,32.73361,-117.18306,20100207,57.6,3.9
GHCND:USW00023188,SAN DIEGO INTERNATIONAL AIRPORT CA US,4.6,32.73361,-117.18306,20100208,57.6,3.9
GHCND:USW00023188,SAN DIEGO INTERNATIONAL AIRPORT CA US,4.6,32.73361,-117.18306,20100209,57.6,3.9
GHCND:USW00023188,SAN DIEGO INTERNATIONAL AIRPORT CA US,4.6,32.73361,-117.18306,20100210,57.6,3.9
GHCND:USW00023188,SAN DIEGO INTERNATIONAL AIRPORT CA US,4.6,32.73361,-117.18306,20100211,57.7,3.9
GHCND:USW00023188,SAN DIEGO INTERNATIONAL AIRPORT CA US,4.6,32.73361,-117.18306,20100212,57.7,3.9
GHCND:USW00023188,SAN DIEGO INTERNATIONAL AIRPORT CA US,4.6,32.73361,-117.18306,20100213,57.7,3.8
GHCND:USW00023188,SAN DIEGO INTERNATIONAL AIRPORT CA US,4.6,32.73361,-117.18306,20100214,57.8,3.8
GHCND:USW00023188,SAN DIEGO INTERNATIONAL AIRPORT CA US,4.6,32.73361,-117.18306,20100215,57.8,3.8
GHCND:USW00023188,SAN DIEGO INTERNATIONAL AIRPORT CA US,4.6,32.73361,-117.18306,20100216,57.8,3.8
GHCND:USW00023188,SAN DIEGO INTERNATIONAL AIRPORT CA US,4.6,32.73361,-117.18306,20100217,57.9,3.8
GHCND:USW00023188,SAN DIEGO INTERNATIONAL AIRPORT CA US,4.6,32.73361,-117.18306,20100218,57.9,3.8
GHCND:USW00023188,SAN DIEGO INTERNATIONAL AIRPORT CA US,4.6,32.73361,-117.18306,20100219,58.0,3.8
GHCND:USW00023188,SAN DIEGO INTERNATIONAL AIRPORT CA US,4.6,32.73361,-117.18306,20100220,58.0,3.8
GHCND:USW00023188,SAN DIEGO INTERNATIONAL AIRPORT CA US,4.6,32.73361,-117.18306,20100221,58.1,3.8
GHCND:USW00023188,SAN DIEGO INTERNATIONAL AIRPORT CA US,4.6,32.73361,-117.18306,20100222,58.1,3.8
GHCND:USW00023188,SAN DIEGO INTERNATIONAL AIRPORT CA US,4.6,32.73361,-117.18306,20100223,58.2,3.7
GHCND:USW00023188,SAN DIEGO INTERNATIONAL AIRPORT CA US,4.6,32.73361,-117.18306,20100224,58.2,3.7
GHCND:USW00023188,SAN DIEGO INTERNATIONAL AIRPORT CA US,4.6,32.73361,-117.18306,20100225,58.3,3.7
GHCND:USW00023188,SAN DIEGO INTERNATIONAL AIRPORT CA US,4.6,32.73361,-117.18306,20100226,58.3,3.7
GHCND:USW00023188,SAN DIEGO INTERNATIONAL AIRPORT CA US,4.6,32.73361,-117.18306,20100227,58.4,3.7
GHCND:USW00023188,SAN DIEGO INTERNATIONAL AIRPORT CA US,4.6,32.73361,-117.18306,20100228,58.4,3.7
GHCND:USW00023188,SAN DIEGO INTERNATIONAL AIRPORT CA US,4.6,32.73361,-117.18306,20100301,58.5,3.7
GHCND:USW00023188,SAN DIEGO INTERNATIONAL AIRPORT CA US,4.6,32.73361,-117.18306,20100302,58.6,3.7
GHCND:USW00023188,SAN DIEGO INTERNATIONAL AIRPORT CA US,4.6,32.73361,-117.18306,20100303,58.6,3.6
GHCND:USW00023188,SAN DIEGO INTERNATIONAL AIRPORT CA US,4.6,32.73361,-117.18306,20100304,58.7,3.6
GHCND:USW00023188,SAN DIEGO INTERNATIONAL AIRPORT CA US,4.6,32.73361,-117.18306,20100305,58.7,3.6
GHCND:USW00023188,SAN DIEGO INTERNATIONAL AIRPORT CA US,4.6,32.73361,-117.18306,20100306,58.8,3.6
GHCND:USW00023188,SAN DIEGO INTERNATIONAL AIRPORT CA US,4.6,32.73361,-117.18306,20100307,58.9,3.5
GHCND:USW00023188,SAN DIEGO INTERNATIONAL AIRPORT CA US,4.6,32.73361,-117.18306,20100308,58.9,3.5
GHCND:USW00023188,SAN DIEGO INTERNATIONAL AIRPORT CA US,4.6,32.73361,-117.18306,20100309,59.0,3.5
GHCND:USW00023188,SAN DIEGO INTERNATIONAL AIRPORT CA US,4.6,32.73361,-117.18306,20100310,59.0,3.5
GHCND:USW00023188,SAN DIEGO INTERNATIONAL AIRPORT CA US,4.6,32.73361,-117.18306,20100311,59.1,3.5
GHCND:USW00023188,SAN DIEGO INTERNATIONAL AIRPORT CA US,4.6,32.73361,-117.18306,20100312,59.2,3.5
GHCND:USW00023188,SAN DIEGO INTERNATIONAL AIRPORT CA US,4.6,32.73361,-117.18306,20100313,59.2,3.5
GHCND:USW00023188,SAN DIEGO INTERNATIONAL AIRPORT CA US,4.6,32.73361,-117.18306,20100314,59.3,3.5
GHCND:USW00023188,SAN DIEGO INTERNATIONAL AIRPORT CA US,4.6,32.73361,-117.18306,20100315,59.3,3.5
GHCND:USW00023188,SAN DIEGO INTERNATIONAL AIRPORT CA US,4.6,32.73361,-117.18306,20100316,59.4,3.5
GHCND:USW00023188,SAN DIEGO INTERNATIONAL AIRPORT CA US,4.6,32.73361,-117.18306,20100317,59.5,3.5
GHCND:USW00023188,SAN DIEGO INTERNATIONAL AIRPORT CA US,4.6,32.73361,-117.18306,20100318,59.5,3.5
GHCND:USW00023188,SAN DIEGO INTERNATIONAL AIRPORT CA US,4.6,32.73361,-117.18306,20100319,59.6,3.5
GHCND:USW00023188,SAN DIEGO INTERNATIONAL AIRPORT CA US,4.6,32.73361,-117.18306,20100320,59.6,3.5
GHCND:USW00023188,SAN DIEGO INTERNATIONAL AIRPORT CA US,4.6,32.73361,-117.18306,20100321,59.7,3.5
GHCND:USW00023188,SAN DIEGO INTERNATIONAL AIRPORT CA US,4.6,32.73361,-117.18306,20100322,59.8,3.5
GHCND:USW00023188,SAN DIEGO INTERNATIONAL AIRPORT CA US,4.6,32.73361,-117.18306,20100323,59.8,3.5
GHCND:USW00023188,SAN DIEGO INTERNATIONAL AIRPORT CA US,4.6,32.73361,-117.18306,20100324,59.9,3.5
GHCND:USW00023188,SAN DIEGO INTERNATIONAL AIRPORT CA US,4.6,32.73361,-117.18306,20100325,59.9,3.6
GHCND:USW00023188,SAN DIEGO INTERNATIONAL AIRPORT CA US,4.6,32.73361,-117.18306,20100326,60.0,3.6
GHCND:USW00023188,SAN DIEGO INTERNATIONAL AIRPORT CA US,4.6,32.73361,-117.18306,20100327,60.1,3.6
GHCND:USW00023188,SAN DIEGO INTERNATIONAL AIRPORT CA US,4.6,32.73361,-117.18306,20100328,60.1,3.6
GHCND:USW00023188,SAN DIEGO INTERNATIONAL AIRPORT CA US,4.6,32.73361,-117.18306,20100329,60.2,3.6
GHCND:USW00023188,SAN DIEGO INTERNATIONAL AIRPORT CA US,4.6,32.73361,-117.18306,20100330,60.3,3.6
GHCND:USW00023188,SAN DIEGO INTERNATIONAL AIRPORT CA US,4.6,32.73361,-117.18306,20100331,60.4,3.6
GHCND:USW00023188,SAN DIEGO INTERNATIONAL AIRPORT CA US,4.6,32.73361,-117.18306,20100401,60.4,3.6
GHCND:USW00023188,SAN DIEGO INTERNATIONAL AIRPORT CA US,4.6,32.73361,-117.18306,20100402,60.5,3.6
GHCND:USW00023188,SAN DIEGO INTERNATIONAL AIRPORT CA US,4.6,32.73361,-117.18306,20100403,60.6,3.6
GHCND:USW00023188,SAN DIEGO INTERNATIONAL AIRPORT CA US,4.6,32.73361,-117.18306,20100404,60.7,3.6
GHCND:USW00023188,SAN DIEGO INTERNATIONAL AIRPORT CA US,4.6,32.73361,-117.18306,20100405,60.7,3.6
GHCND:USW00023188,SAN DIEGO INTERNATIONAL AIRPORT CA US,4.6,32.73361,-117.18306,20100406,60.8,3.6
GHCND:USW00023188,SAN DIEGO INTERNATIONAL AIRPORT CA US,4.6,32.73361,-117.18306,20100407,60.9,3.6
GHCND:USW00023188,SAN DIEGO INTERNATIONAL AIRPORT CA US,4.6,32.73361,-117.18306,20100408,61.0,3.6
GHCND:USW00023188,SAN DIEGO INTERNATIONAL AIRPORT CA US,4.6,32.73361,-117.18306,20100409,61.1,3.6
GHCND:USW00023188,SAN DIEGO INTERNATIONAL AIRPORT CA US,4.6,32.73361,-117.18306,20100410,61.2,3.7
GHCND:USW00023188,SAN DIEGO INTERNATIONAL AIRPORT CA US,4.6,32.73361,-117.18306,20100411,61.3,3.7
GHCND:USW00023188,SAN DIEGO INTERNATIONAL AIRPORT CA US,4.6,32.73361,-117.18306,20100412,61.4,3.7
GHCND:USW00023188,SAN DIEGO INTERNATIONAL AIRPORT CA US,4.6,32.73361,-117.18306,20100413,61.4,3.7
GHCND:USW00023188,SAN DIEGO INTERNATIONAL AIRPORT CA US,4.6,32.73361,-117.18306,20100414,61.5,3.7
GHCND:USW00023188,SAN DIEGO INTERNATIONAL AIRPORT CA US,4.6,32.73361,-117.18306,20100415,61.6,3.7
GHCND:USW00023188,SAN DIEGO INTERNATIONAL AIRPORT CA US,4.6,32.73361,-117.18306,20100416,61.7,3.7
GHCND:USW00023188,SAN DIEGO INTERNATIONAL AIRPORT CA US,4.6,32.73361,-117.18306,20100417,61.8,3.6
GHCND:USW00023188,SAN DIEGO INTERNATIONAL AIRPORT CA US,4.6,32.73361,-117.18306,20100418,61.9,3.6
GHCND:USW00023188,SAN DIEGO INTERNATIONAL AIRPORT CA US,4.6,32.73361,-117.18306,20100419,62.0,3.6
GHCND:USW00023188,SAN DIEGO INTERNATIONAL AIRPORT CA US,4.6,32.73361,-117.18306,20100420,62.1,3.6
GHCND:USW00023188,SAN DIEGO INTERNATIONAL AIRPORT CA US,4.6,32.73361,-117.18306,20100421,62.2,3.6
GHCND:USW00023188,SAN DIEGO INTERNATIONAL AIRPORT CA US,4.6,32.73361,-117.18306,20100422,62.3,3.6
GHCND:USW00023188,SAN DIEGO INTERNATIONAL AIRPORT CA US,4.6,32.73361,-117.18306,20100423,62.4,3.6
GHCND:USW00023188,SAN DIEGO INTERNATIONAL AIRPORT CA US,4.6,32.73361,-117.18306,20100424,62.5,3.6
GHCND:USW00023188,SAN DIEGO INTERNATIONAL AIRPORT CA US,4.6,32.73361,-117.18306,20100425,62.6,3.6
GHCND:USW00023188,SAN DIEGO INTERNATIONAL AIRPORT CA US,4.6,32.73361,-117.18306,20100426,62.7,3.5
GHCND:USW00023188,SAN DIEGO INTERNATIONAL AIRPORT CA US,4.6,32.73361,-117.18306,20100427,62.8,3.5
GHCND:USW00023188,SAN DIEGO INTERNATIONAL AIRPORT CA US,4.6,32.73361,-117.18306,20100428,62.9,3.5
GHCND:USW00023188,SAN DIEGO INTERNATIONAL AIRPORT CA US,4.6,32.73361,-117.18306,20100429,62.9,3.5
GHCND:USW00023188,SAN DIEGO INTERNATIONAL AIRPORT CA US,4.6,32.73361,-117.18306,20100430,63.0,3.5
GHCND:USW00023188,SAN DIEGO INTERNATIONAL AIRPORT CA US,4.6,32.73361,-117.18306,20100501,63.1,3.5
GHCND:USW00023188,SAN DIEGO INTERNATIONAL AIRPORT CA US,4.6,32.73361,-117.18306,20100502,63.2,3.5
GHCND:USW00023188,SAN DIEGO INTERNATIONAL AIRPORT CA US,4.6,32.73361,-117.18306,20100503,63.2,3.5
GHCND:USW00023188,SAN DIEGO INTERNATIONAL AIRPORT CA US,4.6,32.73361,-117.18306,20100504,63.3,3.4
GHCND:USW00023188,SAN DIEGO INTERNATIONAL AIRPORT CA US,4.6,32.73361,-117.18306,20100505,63.4,3.4
GHCND:USW00023188,SAN DIEGO INTERNATIONAL AIRPORT CA US,4.6,32.73361,-117.18306,20100506,63.5,3.4
GHCND:USW00023188,SAN DIEGO INTERNATIONAL AIRPORT CA US,4.6,32.73361,-117.18306,20100507,63.5,3.3
GHCND:USW00023188,SAN DIEGO INTERNATIONAL AIRPORT CA US,4.6,32.73361,-117.18306,20100508,63.6,3.3
GHCND:USW00023188,SAN DIEGO INTERNATIONAL AIRPORT CA US,4.6,32.73361,-117.18306,20100509,63.6,3.3
GHCND:USW00023188,SAN DIEGO INTERNATIONAL AIRPORT CA US,4.6,32.73361,-117.18306,20100510,63.7,3.3
GHCND:USW00023188,SAN DIEGO INTERNATIONAL AIRPORT CA US,4.6,32.73361,-117.18306,20100511,63.7,3.2
GHCND:USW00023188,SAN DIEGO INTERNATIONAL AIRPORT CA US,4.6,32.73361,-117.18306,20100512,63.8,3.2
GHCND:USW00023188,SAN DIEGO INTERNATIONAL AIRPORT CA US,4.6,32.73361,-117.18306,20100513,63.8,3.2
GHCND:USW00023188,SAN DIEGO INTERNATIONAL AIRPORT CA US,4.6,32.73361,-117.18306,20100514,63.9,3.1
GHCND:USW00023188,SAN DIEGO INTERNATIONAL AIRPORT CA US,4.6,32.73361,-117.18306,20100515,63.9,3.1
GHCND:USW00023188,SAN DIEGO INTERNATIONAL AIRPORT CA US,4.6,32.73361,-117.18306,20100516,64.0,3.1
GHCND:USW00023188,SAN DIEGO INTERNATIONAL AIRPORT CA US,4.6,32.73361,-117.18306,20100517,64.0,3.0
GHCND:USW00023188,SAN DIEGO INTERNATIONAL AIRPORT CA US,4.6,32.73361,-117.18306,20100518,64.1,3.0
GHCND:USW00023188,SAN DIEGO INTERNATIONAL AIRPORT CA US,4.6,32.73361,-117.18306,20100519,64.1,3.0
GHCND:USW00023188,SAN DIEGO INTERNATIONAL AIRPORT CA US,4.6,32.73361,-117.18306,20100520,64.2,3.0
GHCND:USW00023188,SAN DIEGO INTERNATIONAL AIRPORT CA US,4.6,32.73361,-117.18306,20100521,64.2,3.0
GHCND:USW00023188,SAN DIEGO INTERNATIONAL AIRPORT CA US,4.6,32.73361,-117.18306,20100522,64.2,2.9
GHCND:USW00023188,SAN DIEGO INTERNATIONAL AIRPORT CA US,4.6,32.73361,-117.18306,20100523,64.3,2.9
GHCND:USW00023188,SAN DIEGO INTERNATIONAL AIRPORT CA US,4.6,32.73361,-117.18306,20100524,64.3,2.9
GHCND:USW00023188,SAN DIEGO INTERNATIONAL AIRPORT CA US,4.6,32.73361,-117.18306,20100525,64.4,2.9
GHCND:USW00023188,SAN DIEGO INTERNATIONAL AIRPORT CA US,4.6,32.73361,-117.18306,20100526,64.4,2.8
GHCND:USW00023188,SAN DIEGO INTERNATIONAL AIRPORT CA US,4.6,32.73361,-117.18306,20100527,64.5,2.8
GHCND:USW00023188,SAN DIEGO INTERNATIONAL AIRPORT CA US,4.6,32.73361,-117.18306,20100528,64.5,2.8
GHCND:USW00023188,SAN DIEGO INTERNATIONAL AIRPORT CA US,4.6,32.73361,-117.18306,20100529,64.6,2.8
GHCND:USW00023188,SAN DIEGO INTERNATIONAL AIRPORT CA US,4.6,32.73361,-117.18306,20100530,64.7,2.8
GHCND:USW00023188,SAN DIEGO INTERNATIONAL AIRPORT CA US,4.6,32.73361,-117.18306,20100531,64.7,2.7
GHCND:USW00023188,SAN DIEGO INTERNATIONAL AIRPORT CA US,4.6,32.73361,-117.18306,20100601,64.8,2.7
GHCND:USW00023188,SAN DIEGO INTERNATIONAL AIRPORT CA US,4.6,32.73361,-117.18306,20100602,64.9,2.7
GHCND:USW00023188,SAN DIEGO INTERNATIONAL AIRPORT CA US,4.6,32.73361,-117.18306,20100603,65.0,2.7
GHCND:USW00023188,SAN DIEGO INTERNATIONAL AIRPORT CA US,4.6,32.73361,-117.18306,20100604,65.0,2.7
GHCND:USW00023188,SAN DIEGO INTERNATIONAL AIRPORT CA US,4.6,32.73361,-117.18306,20100605,65.1,2.7
GHCND:USW00023188,SAN DIEGO INTERNATIONAL AIRPORT CA US,4.6,32.73361,-117.18306,20100606,65.2,2.7
GHCND:USW00023188,SAN DIEGO INTERNATIONAL AIRPORT CA US,4.6,32.73361,-117.18306,20100607,65.3,2.7
GHCND:USW00023188,SAN DIEGO INTERNATIONAL AIRPORT CA US,4.6,32.73361,-117.18306,20100608,65.4,2.7
GHCND:USW00023188,SAN DIEGO INTERNATIONAL AIRPORT CA US,4.6,32.73361,-117.18306,20100609,65.5,2.8
GHCND:USW00023188,SAN DIEGO INTERNATIONAL AIRPORT CA US,4.6,32.73361,-117.18306,20100610,65.6,2.8
GHCND:USW00023188,SAN DIEGO INTERNATIONAL AIRPORT CA US,4.6,32.73361,-117.18306,20100611,65.7,2.8
GHCND:USW00023188,SAN DIEGO INTERNATIONAL AIRPORT CA US,4.6,32.73361,-117.18306,20100612,65.9,2.8
GHCND:USW00023188,SAN DIEGO INTERNATIONAL AIRPORT CA US,4.6,32.73361,-117.18306,20100613,66.0,2.8
GHCND:USW00023188,SAN DIEGO INTERNATIONAL AIRPORT CA US,4.6,32.73361,-117.18306,20100614,66.1,2.8
GHCND:USW00023188,SAN DIEGO INTERNATIONAL AIRPORT CA US,4.6,32.73361,-117.18306,20100615,66.2,2.9
GHCND:USW00023188,SAN DIEGO INTERNATIONAL AIRPORT CA US,4.6,32.73361,-117.18306,20100616,66.4,2.9
GHCND:USW00023188,SAN DIEGO INTERNATIONAL AIRPORT CA US,4.6,32.73361,-117.18306,20100617,66.5,2.9
GHCND:USW00023188,SAN DIEGO INTERNATIONAL AIRPORT CA US,4.6,32.73361,-117.18306,20100618,66.6,2.9
GHCND:USW00023188,SAN DIEGO INTERNATIONAL AIRPORT CA US,4.6,32.73361,-117.18306,20100619,66.8,2.9
GHCND:USW00023188,SAN DIEGO INTERNATIONAL AIRPORT CA US,4.6,32.73361,-117.18306,20100620,66.9,3.0
GHCND:USW00023188,SAN DIEGO INTERNATIONAL AIRPORT CA US,4.6,32.73361,-117.18306,20100621,67.1,3.0
GHCND:USW00023188,SAN DIEGO INTERNATIONAL AIRPORT CA US,4.6,32.73361,-117.18306,20100622,67.2,3.0
GHCND:USW00023188,SAN DIEGO INTERNATIONAL AIRPORT CA US,4.6,32.73361,-117.18306,20100623,67.3,3.1
GHCND:USW00023188,SAN DIEGO INTERNATIONAL AIRPORT CA US,4.6,32.73361,-117.18306,20100624,67.5,3.1
GHCND:USW00023188,SAN DIEGO INTERNATIONAL AIRPORT CA US,4.6,32.73361,-117.18306,20100625,67.6,3.1
GHCND:USW00023188,SAN DIEGO INTERNATIONAL AIRPORT CA US,4.6,32.73361,-117.18306,20100626,67.8,3.2
GHCND:USW00023188,SAN DIEGO INTERNATIONAL AIRPORT CA US,4.6,32.73361,-117.18306,20100627,67.9,3.2
GHCND:USW00023188,SAN DIEGO INTERNATIONAL AIRPORT CA US,4.6,32.73361,-117.18306,20100628,68.1,3.2
GHCND:USW00023188,SAN DIEGO INTERNATIONAL AIRPORT CA US,4.6,32.73361,-117.18306,20100629,68.2,3.3
GHCND:USW00023188,SAN DIEGO INTERNATIONAL AIRPORT CA US,4.6,32.73361,-117.18306,20100630,68.4,3.3
GHCND:USW00023188,SAN DIEGO INTERNATIONAL AIRPORT CA US,4.6,32.73361,-117.18306,20100701,68.5,3.3
GHCND:USW00023188,SAN DIEGO INTERNATIONAL AIRPORT CA US,4.6,32.73361,-117.18306,20100702,68.6,3.3
GHCND:USW00023188,SAN DIEGO INTERNATIONAL AIRPORT CA US,4.6,32.73361,-117.18306,20100703,68.8,3.4
GHCND:USW00023188,SAN DIEGO INTERNATIONAL AIRPORT CA US,4.6,32.73361,-117.18306,20100704,68.9,3.4
GHCND:USW00023188,SAN DIEGO INTERNATIONAL AIRPORT CA US,4.6,32.73361,-117.18306,20100705,69.0,3.4
GHCND:USW00023188,SAN DIEGO INTERNATIONAL AIRPORT CA US,4.6,32.73361,-117.18306,20100706,69.1,3.4
GHCND:USW00023188,SAN DIEGO INTERNATIONAL AIRPORT CA US,4.6,32.73361,-117.18306,20100707,69.3,3.4
GHCND:USW00023188,SAN DIEGO INTERNATIONAL AIRPORT CA US,4.6,32.73361,-117.18306,20100708,69.4,3.4
GHCND:USW00023188,SAN DIEGO INTERNATIONAL AIRPORT CA US,4.6,32.73361,-117.18306,20100709,69.5,3.4
GHCND:USW00023188,SAN DIEGO INTERNATIONAL AIRPORT CA US,4.6,32.73361,-117.18306,20100710,69.6,3.4
GHCND:USW00023188,SAN DIEGO INTERNATIONAL AIRPORT CA US,4.6,32.73361,-117.18306,20100711,69.7,3.4
GHCND:USW00023188,SAN DIEGO INTERNATIONAL AIRPORT CA US,4.6,32.73361,-117.18306,20100712,69.8,3.4
GHCND:USW00023188,SAN DIEGO INTERNATIONAL AIRPORT CA US,4.6,32.73361,-117.18306,20100713,69.9,3.4
GHCND:USW00023188,SAN DIEGO INTERNATIONAL AIRPORT CA US,4.6,32.73361,-117.18306,20100714,70.0,3.4
GHCND:USW00023188,SAN DIEGO INTERNATIONAL AIRPORT CA US,4.6,32.73361,-117.18306,20100715,70.1,3.3
GHCND:USW00023188,SAN DIEGO INTERNATIONAL AIRPORT CA US,4.6,32.73361,-117.18306,20100716,70.1,3.3
GHCND:USW00023188,SAN DIEGO INTERNATIONAL AIRPORT CA US,4.6,32.73361,-117.18306,20100717,70.2,3.3
GHCND:USW00023188,SAN DIEGO INTERNATIONAL AIRPORT CA US,4.6,32.73361,-117.18306,20100718,70.3,3.3
GHCND:USW00023188,SAN DIEGO INTERNATIONAL AIRPORT CA US,4.6,32.73361,-117.18306,20100719,70.4,3.3
GHCND:USW00023188,SAN DIEGO INTERNATIONAL AIRPORT CA US,4.6,32.73361,-117.18306,20100720,70.4,3.2
GHCND:USW00023188,SAN DIEGO INTERNATIONAL AIRPORT CA US,4.6,32.73361,-117.18306,20100721,70.5,3.2
GHCND:USW00023188,SAN DIEGO INTERNATIONAL AIRPORT CA US,4.6,32.73361,-117.18306,20100722,70.6,3.2
GHCND:USW00023188,SAN DIEGO INTERNATIONAL AIRPORT CA US,4.6,32.73361,-117.18306,20100723,70.6,3.2
GHCND:USW00023188,SAN DIEGO INTERNATIONAL AIRPORT CA US,4.6,32.73361,-117.18306,20100724,70.7,3.1
GHCND:USW00023188,SAN DIEGO INTERNATIONAL AIRPORT CA US,4.6,32.73361,-117.18306,20100725,70.7,3.1
GHCND:USW00023188,SAN DIEGO INTERNATIONAL AIRPORT CA US,4.6,32.73361,-117.18306,20100726,70.8,3.1
GHCND:USW00023188,SAN DIEGO INTERNATIONAL AIRPORT CA US,4.6,32.73361,-117.18306,20100727,70.8,3.1
GHCND:USW00023188,SAN DIEGO INTERNATIONAL AIRPORT CA US,4.6,32.73361,-117.18306,20100728,70.9,3.1
GHCND:USW00023188,SAN DIEGO INTERNATIONAL AIRPORT CA US,4.6,32.73361,-117.18306,20100729,70.9,3.1
GHCND:USW00023188,SAN DIEGO INTERNATIONAL AIRPORT CA US,4.6,32.73361,-117.18306,20100730,71.0,3.1
GHCND:USW00023188,SAN DIEGO INTERNATIONAL AIRPORT CA US,4.6,32.73361,-117.18306,20100731,71.0,3.1
GHCND:USW00023188,SAN DIEGO INTERNATIONAL AIRPORT CA US,4.6,32.73361,-117.18306,20100801,71.1,3.1
GHCND:USW00023188,SAN DIEGO INTERNATIONAL AIRPORT CA US,4.6,32.73361,-117.18306,20100802,71.1,3.1
GHCND:USW00023188,SAN DIEGO INTERNATIONAL AIRPORT CA US,4.6,32.73361,-117.18306,20100803,71.1,3.1
GHCND:USW00023188,SAN DIEGO INTERNATIONAL AIRPORT CA US,4.6,32.73361,-117.18306,20100804,71.2,3.1
GHCND:USW00023188,SAN DIEGO INTERNATIONAL AIRPORT CA US,4.6,32.73361,-117.18306,20100805,71.2,3.1
GHCND:USW00023188,SAN DIEGO INTERNATIONAL AIRPORT CA US,4.6,32.73361,-117.18306,20100806,71.3,3.1
GHCND:USW00023188,SAN DIEGO INTERNATIONAL AIRPORT CA US,4.6,32.73361,-117.18306,20100807,71.3,3.1
GHCND:USW00023188,SAN DIEGO INTERNATIONAL AIRPORT CA US,4.6,32.73361,-117.18306,20100808,71.3,3.1
GHCND:USW00023188,SAN DIEGO INTERNATIONAL AIRPORT CA US,4.6,32.73361,-117.18306,20100809,71.4,3.1
GHCND:USW00023188,SAN DIEGO INTERNATIONAL AIRPORT CA US,4.6,32.73361,-117.18306,20100810,71.4,3.1
GHCND:USW00023188,SAN DIEGO INTERNATIONAL AIRPORT CA US,4.6,32.73361,-117.18306,20100811,71.5,3.1
GHCND:USW00023188,SAN DIEGO INTERNATIONAL AIRPORT CA US,4.6,32.73361,-117.18306,20100812,71.5,3.2
GHCND:USW00023188,SAN DIEGO INTERNATIONAL AIRPORT CA US,4.6,32.73361,-117.18306,20100813,71.5,3.2
GHCND:USW00023188,SAN DIEGO INTERNATIONAL AIRPORT CA US,4.6,32.73361,-117.18306,20100814,71.6,3.2
GHCND:USW00023188,SAN DIEGO INTERNATIONAL AIRPORT CA US,4.6,32.73361,-117.18306,20100815,71.6,3.2
GHCND:USW00023188,SAN DIEGO INTERNATIONAL AIRPORT CA US,4.6,32.73361,-117.18306,20100816,71.6,3.3
GHCND:USW00023188,SAN DIEGO INTERNATIONAL AIRPORT CA US,4.6,32.73361,-117.18306,20100817,71.7,3.3
GHCND:USW00023188,SAN DIEGO INTERNATIONAL AIRPORT CA US,4.6,32.73361,-117.18306,20100818,71.7,3.3
GHCND:USW00023188,SAN DIEGO INTERNATIONAL AIRPORT CA US,4.6,32.73361,-117.18306,20100819,71.7,3.4
GHCND:USW00023188,SAN DIEGO INTERNATIONAL AIRPORT CA US,4.6,32.73361,-117.18306,20100820,71.7,3.4
GHCND:USW00023188,SAN DIEGO INTERNATIONAL AIRPORT CA US,4.6,32.73361,-117.18306,20100821,71.8,3.5
GHCND:USW00023188,SAN DIEGO INTERNATIONAL AIRPORT CA US,4.6,32.73361,-117.18306,20100822,71.8,3.5
GHCND:USW00023188,SAN DIEGO INTERNATIONAL AIRPORT CA US,4.6,32.73361,-117.18306,20100823,71.8,3.5
GHCND:USW00023188,SAN DIEGO INTERNATIONAL AIRPORT CA US,4.6,32.73361,-117.18306,20100824,71.8,3.5
GHCND:USW00023188,SAN DIEGO INTERNATIONAL AIRPORT CA US,4.6,32.73361,-117.18306,20100825,71.8,3.6
GHCND:USW00023188,SAN DIEGO INTERNATIONAL AIRPORT CA US,4.6,32.73361,-117.18306,20100826,71.8,3.6
GHCND:USW00023188,SAN DIEGO INTERNATIONAL AIRPORT CA US,4.6,32.73361,-117.18306,20100827,71.8,3.6
GHCND:USW00023188,SAN DIEGO INTERNATIONAL AIRPORT CA US,4.6,32.73361,-117.18306,20100828,71.8,3.6
GHCND:USW00023188,SAN DIEGO INTERNATIONAL AIRPORT CA US,4.6,32.73361,-117.18306,20100829,71.8,3.7
GHCND:USW00023188,SAN DIEGO INTERNATIONAL AIRPORT CA US,4.6,32.73361,-117.18306,20100830,71.8,3.7
GHCND:USW00023188,SAN DIEGO INTERNATIONAL AIRPORT CA US,4.6,32.73361,-117.18306,20100831,71.8,3.7
GHCND:USW00023188,SAN DIEGO INTERNATIONAL AIRPORT CA US,4.6,32.73361,-117.18306,20100901,71.7,3.7
GHCND:USW00023188,SAN DIEGO INTERNATIONAL AIRPORT CA US,4.6,32.73361,-117.18306,20100902,71.7,3.7
GHCND:USW00023188,SAN DIEGO INTERNATIONAL AIRPORT CA US,4.6,32.73361,-117.18306,20100903,71.7,3.7
GHCND:USW00023188,SAN DIEGO INTERNATIONAL AIRPORT CA US,4.6,32.73361,-117.18306,20100904,71.6,3.8
GHCND:USW00023188,SAN DIEGO INTERNATIONAL AIRPORT CA US,4.6,32.73361,-117.18306,20100905,71.6,3.8
GHCND:USW00023188,SAN DIEGO INTERNATIONAL AIRPORT CA US,4.6,32.73361,-117.18306,20100906,71.5,3.8
GHCND:USW00023188,SAN DIEGO INTERNATIONAL AIRPORT CA US,4.6,32.73361,-117.18306,20100907,71.4,3.8
GHCND:USW00023188,SAN DIEGO INTERNATIONAL AIRPORT CA US,4.6,32.73361,-117.18306,20100908,71.4,3.8
GHCND:USW00023188,SAN DIEGO INTERNATIONAL AIRPORT CA US,4.6,32.73361,-117.18306,20100909,71.3,3.8
GHCND:USW00023188,SAN DIEGO INTERNATIONAL AIRPORT CA US,4.6,32.73361,-117.18306,20100910,71.2,3.9
GHCND:USW00023188,SAN DIEGO INTERNATIONAL AIRPORT CA US,4.6,32.73361,-117.18306,20100911,71.1,3.9
GHCND:USW00023188,SAN DIEGO INTERNATIONAL AIRPORT CA US,4.6,32.73361,-117.18306,20100912,71.1,3.9
GHCND:USW00023188,SAN DIEGO INTERNATIONAL AIRPORT CA US,4.6,32.73361,-117.18306,20100913,71.0,3.9
GHCND:USW00023188,SAN DIEGO INTERNATIONAL AIRPORT CA US,4.6,32.73361,-117.18306,20100914,70.9,3.9
GHCND:USW00023188,SAN DIEGO INTERNATIONAL AIRPORT CA US,4.6,32.73361,-117.18306,20100915,70.8,3.9
GHCND:USW00023188,SAN DIEGO INTERNATIONAL AIRPORT CA US,4.6,32.73361,-117.18306,20100916,70.6,3.8
GHCND:USW00023188,SAN DIEGO INTERNATIONAL AIRPORT CA US,4.6,32.73361,-117.18306,20100917,70.5,3.8
GHCND:USW00023188,SAN DIEGO INTERNATIONAL AIRPORT CA US,4.6,32.73361,-117.18306,20100918,70.4,3.8
GHCND:USW00023188,SAN DIEGO INTERNATIONAL AIRPORT CA US,4.6,32.73361,-117.18306,20100919,70.3,3.8
GHCND:USW00023188,SAN DIEGO INTERNATIONAL AIRPORT CA US,4.6,32.73361,-117.18306,20100920,70.2,3.8
GHCND:USW00023188,SAN DIEGO INTERNATIONAL AIRPORT CA US,4.6,32.73361,-117.18306,20100921,70.1,3.7
GHCND:USW00023188,SAN DIEGO INTERNATIONAL AIRPORT CA US,4.6,32.73361,-117.18306,20100922,69.9,3.7
GHCND:USW00023188,SAN DIEGO INTERNATIONAL AIRPORT CA US,4.6,32.73361,-117.18306,20100923,69.8,3.7
GHCND:USW00023188,SAN DIEGO INTERNATIONAL AIRPORT CA US,4.6,32.73361,-117.18306,20100924,69.7,3.7
GHCND:USW00023188,SAN DIEGO INTERNATIONAL AIRPORT CA US,4.6,32.73361,-117.18306,20100925,69.5,3.6
GHCND:USW00023188,SAN DIEGO INTERNATIONAL AIRPORT CA US,4.6,32.73361,-117.18306,20100926,69.4,3.6
GHCND:USW00023188,SAN DIEGO INTERNATIONAL AIRPORT CA US,4.6,32.73361,-117.18306,20100927,69.3,3.6
GHCND:USW00023188,SAN DIEGO INTERNATIONAL AIRPORT CA US,4.6,32.73361,-117.18306,20100928,69.1,3.5
GHCND:USW00023188,SAN DIEGO INTERNATIONAL AIRPORT CA US,4.6,32.73361,-117.18306,20100929,69.0,3.5
GHCND:USW00023188,SAN DIEGO INTERNATIONAL AIRPORT CA US,4.6,32.73361,-117.18306,20100930,68.8,3.5
GHCND:USW00023188,SAN DIEGO INTERNATIONAL AIRPORT CA US,4.6,32.73361,-117.18306,20101001,68.7,3.5
GHCND:USW00023188,SAN DIEGO INTERNATIONAL AIRPORT CA US,4.6,32.73361,-117.18306,20101002,68.6,3.4
GHCND:USW00023188,SAN DIEGO INTERNATIONAL AIRPORT CA US,4.6,32.73361,-117.18306,20101003,68.4,3.4
GHCND:USW00023188,SAN DIEGO INTERNATIONAL AIRPORT CA US,4.6,32.73361,-117.18306,20101004,68.3,3.4
GHCND:USW00023188,SAN DIEGO INTERNATIONAL AIRPORT CA US,4.6,32.73361,-117.18306,20101005,68.2,3.4
GHCND:USW00023188,SAN DIEGO INTERNATIONAL AIRPORT CA US,4.6,32.73361,-117.18306,20101006,68.0,3.3
GHCND:USW00023188,SAN DIEGO INTERNATIONAL AIRPORT CA US,4.6,32.73361,-117.18306,20101007,67.9,3.3
GHCND:USW00023188,SAN DIEGO INTERNATIONAL AIRPORT CA US,4.6,32.73361,-117.18306,20101008,67.8,3.3
GHCND:USW00023188,SAN DIEGO INTERNATIONAL AIRPORT CA US,4.6,32.73361,-117.18306,20101009,67.6,3.3
GHCND:USW00023188,SAN DIEGO INTERNATIONAL AIRPORT CA US,4.6,32.73361,-117.18306,20101010,67.5,3.3
GHCND:USW00023188,SAN DIEGO INTERNATIONAL AIRPORT CA US,4.6,32.73361,-117.18306,20101011,67.4,3.2
GHCND:USW00023188,SAN DIEGO INTERNATIONAL AIRPORT CA US,4.6,32.73361,-117.18306,20101012,67.3,3.2
GHCND:USW00023188,SAN DIEGO INTERNATIONAL AIRPORT CA US,4.6,32.73361,-117.18306,20101013,67.1,3.2
GHCND:USW00023188,SAN DIEGO INTERNATIONAL AIRPORT CA US,4.6,32.73361,-117.18306,20101014,67.0,3.3
GHCND:USW00023188,SAN DIEGO INTERNATIONAL AIRPORT CA US,4.6,32.73361,-117.18306,20101015,66.9,3.3
GHCND:USW00023188,SAN DIEGO INTERNATIONAL AIRPORT CA US,4.6,32.73361,-117.18306,20101016,66.7,3.3
GHCND:USW00023188,SAN DIEGO INTERNATIONAL AIRPORT CA US,4.6,32.73361,-117.18306,20101017,66.6,3.3
GHCND:USW00023188,SAN DIEGO INTERNATIONAL AIRPORT CA US,4.6,32.73361,-117.18306,20101018,66.5,3.3
GHCND:USW00023188,SAN DIEGO INTERNATIONAL AIRPORT CA US,4.6,32.73361,-117.18306,20101019,66.3,3.3
GHCND:USW00023188,SAN DIEGO INTERNATIONAL AIRPORT CA US,4.6,32.73361,-117.18306,20101020,66.2,3.3
GHCND:USW00023188,SAN DIEGO INTERNATIONAL AIRPORT CA US,4.6,32.73361,-117.18306,20101021,66.1,3.3
GHCND:USW00023188,SAN DIEGO INTERNATIONAL AIRPORT CA US,4.6,32.73361,-117.18306,20101022,65.9,3.4
GHCND:USW00023188,SAN DIEGO INTERNATIONAL AIRPORT CA US,4.6,32.73361,-117.18306,20101023,65.8,3.4
GHCND:USW00023188,SAN DIEGO INTERNATIONAL AIRPORT CA US,4.6,32.73361,-117.18306,20101024,65.6,3.4
GHCND:USW00023188,SAN DIEGO INTERNATIONAL AIRPORT CA US,4.6,32.73361,-117.18306,20101025,65.5,3.4
GHCND:USW00023188,SAN DIEGO INTERNATIONAL AIRPORT CA US,4.6,32.73361,-117.18306,20101026,65.4,3.5
GHCND:USW00023188,SAN DIEGO INTERNATIONAL AIRPORT CA US,4.6,32.73361,-117.18306,20101027,65.2,3.5
GHCND:USW00023188,SAN DIEGO INTERNATIONAL AIRPORT CA US,4.6,32.73361,-117.18306,20101028,65.0,3.5
GHCND:USW00023188,SAN DIEGO INTERNATIONAL AIRPORT CA US,4.6,32.73361,-117.18306,20101029,64.9,3.5
GHCND:USW00023188,SAN DIEGO INTERNATIONAL AIRPORT CA US,4.6,32.73361,-117.18306,20101030,64.7,3.6
GHCND:USW00023188,SAN DIEGO INTERNATIONAL AIRPORT CA US,4.6,32.73361,-117.18306,20101031,64.5,3.6
GHCND:USW00023188,SAN DIEGO INTERNATIONAL AIRPORT CA US,4.6,32.73361,-117.18306,20101101,64.4,3.6
GHCND:USW00023188,SAN DIEGO INTERNATIONAL AIRPORT CA US,4.6,32.73361,-117.18306,20101102,64.2,3.6
GHCND:USW00023188,SAN DIEGO INTERNATIONAL AIRPORT CA US,4.6,32.73361,-117.18306,20101103,64.0,3.6
GHCND:USW00023188,SAN DIEGO INTERNATIONAL AIRPORT CA US,4.6,32.73361,-117.18306,20101104,63.8,3.7
GHCND:USW00023188,SAN DIEGO INTERNATIONAL AIRPORT CA US,4.6,32.73361,-117.18306,20101105,63.6,3.7
GHCND:USW00023188,SAN DIEGO INTERNATIONAL AIRPORT CA US,4.6,32.73361,-117.18306,20101106,63.4,3.7
GHCND:USW00023188,SAN DIEGO INTERNATIONAL AIRPORT CA US,4.6,32.73361,-117.18306,20101107,63.2,3.7
GHCND:USW00023188,SAN DIEGO INTERNATIONAL AIRPORT CA US,4.6,32.73361,-117.18306,20101108,63.0,3.7
GHCND:USW00023188,SAN DIEGO INTERNATIONAL AIRPORT CA US,4.6,32.73361,-117.18306,20101109,62.8,3.7
GHCND:USW00023188,SAN DIEGO INTERNATIONAL AIRPORT CA US,4.6,32.73361,-117.18306,20101110,62.6,3.7
GHCND:USW00023188,SAN DIEGO INTERNATIONAL AIRPORT CA US,4.6,32.73361,-117.18306,20101111,62.4,3.7
GHCND:USW00023188,SAN DIEGO INTERNATIONAL AIRPORT CA US,4.6,32.73361,-117.18306,20101112,62.1,3.7
GHCND:USW00023188,SAN DIEGO INTERNATIONAL AIRPORT CA US,4.6,32.73361,-117.18306,20101113,61.9,3.6
GHCND:USW00023188,SAN DIEGO INTERNATIONAL AIRPORT CA US,4.6,32.73361,-117.18306,20101114,61.7,3.6
GHCND:USW00023188,SAN DIEGO INTERNATIONAL AIRPORT CA US,4.6,32.73361,-117.18306,20101115,61.5,3.6
GHCND:USW00023188,SAN DIEGO INTERNATIONAL AIRPORT CA US,4.6,32.73361,-117.18306,20101116,61.2,3.6
GHCND:USW00023188,SAN DIEGO INTERNATIONAL AIRPORT CA US,4.6,32.73361,-117.18306,20101117,61.0,3.5
GHCND:USW00023188,SAN DIEGO INTERNATIONAL AIRPORT CA US,4.6,32.73361,-117.18306,20101118,60.8,3.5
GHCND:USW00023188,SAN DIEGO INTERNATIONAL AIRPORT CA US,4.6,32.73361,-117.18306,20101119,60.5,3.5
GHCND:USW00023188,SAN DIEGO INTERNATIONAL AIRPORT CA US,4.6,32.73361,-117.18306,20101120,60.3,3.5
GHCND:USW00023188,SAN DIEGO INTERNATIONAL AIRPORT CA US,4.6,32.73361,-117.18306,20101121,60.1,3.5
GHCND:USW00023188,SAN DIEGO INTERNATIONAL AIRPORT CA US,4.6,32.73361,-117.18306,20101122,59.8,3.5
GHCND:USW00023188,SAN DIEGO INTERNATIONAL AIRPORT CA US,4.6,32.73361,-117.18306,20101123,59.6,3.4
GHCND:USW00023188,SAN DIEGO INTERNATIONAL AIRPORT CA US,4.6,32.73361,-117.18306,20101124,59.4,3.4
GHCND:USW00023188,SAN DIEGO INTERNATIONAL AIRPORT CA US,4.6,32.73361,-117.18306,20101125,59.2,3.4
GHCND:USW00023188,SAN DIEGO INTERNATIONAL AIRPORT CA US,4.6,32.73361,-117.18306,20101126,58.9,3.4
GHCND:USW00023188,SAN DIEGO INTERNATIONAL AIRPORT CA US,4.6,32.73361,-117.18306,20101127,58.7,3.4
GHCND:USW00023188,SAN DIEGO INTERNATIONAL AIRPORT CA US,4.6,32.73361,-117.18306,20101128,58.5,3.4
GHCND:USW00023188,SAN DIEGO INTERNATIONAL AIRPORT CA US,4.6,32.73361,-117.18306,20101129,58.3,3.4
GHCND:USW00023188,SAN DIEGO INTERNATIONAL AIRPORT CA US,4.6,32.73361,-117.18306,20101130,58.1,3.4
GHCND:USW00023188,SAN DIEGO INTERNATIONAL AIRPORT CA US,4.6,32.73361,-117.18306,20101201,57.9,3.4
GHCND:USW00023188,SAN DIEGO INTERNATIONAL AIRPORT CA US,4.6,32.73361,-117.18306,20101202,57.8,3.4
GHCND:USW00023188,SAN DIEGO INTERNATIONAL AIRPORT CA US,4.6,32.73361,-117.18306,20101203,57.6,3.3
GHCND:USW00023188,SAN DIEGO INTERNATIONAL AIRPORT CA US,4.6,32.73361,-117.18306,20101204,57.4,3.3
GHCND:USW00023188,SAN DIEGO INTERNATIONAL AIRPORT CA US,4.6,32.73361,-117.18306,20101205,57.3,3.4
GHCND:USW00023188,SAN DIEGO INTERNATIONAL AIRPORT CA US,4.6,32.73361,-117.18306,20101206,57.1,3.4
GHCND:USW00023188,SAN DIEGO INTERNATIONAL AIRPORT CA US,4.6,32.73361,-117.18306,20101207,57.0,3.4
GHCND:USW00023188,SAN DIEGO INTERNATIONAL AIRPORT CA US,4.6,32.73361,-117.18306,20101208,56.9,3.4
GHCND:USW00023188,SAN DIEGO INTERNATIONAL AIRPORT CA US,4.6,32.73361,-117.18306,20101209,56.7,3.4
GHCND:USW00023188,SAN DIEGO INTERNATIONAL AIRPORT CA US,4.6,32.73361,-117.18306,20101210,56.6,3.4
GHCND:USW00023188,SAN DIEGO INTERNATIONAL AIRPORT CA US,4.6,32.73361,-117.18306,20101211,56.5,3.4
GHCND:USW00023188,SAN DIEGO INTERNATIONAL AIRPORT CA US,4.6,32.73361,-117.18306,20101212,56.5,3.4
GHCND:USW00023188,SAN DIEGO INTERNATIONAL AIRPORT CA US,4.6,32.73361,-117.18306,20101213,56.4,3.4
GHCND:USW00023188,SAN DIEGO INTERNATIONAL AIRPORT CA US,4.6,32.73361,-117.18306,20101214,56.3,3.5
GHCND:USW00023188,SAN DIEGO INTERNATIONAL AIRPORT CA US,4.6,32.73361,-117.18306,20101215,56.3,3.5
GHCND:USW00023188,SAN DIEGO INTERNATIONAL AIRPORT CA US,4.6,32.73361,-117.18306,20101216,56.2,3.5
GHCND:USW00023188,SAN DIEGO INTERNATIONAL AIRPORT CA US,4.6,32.73361,-117.18306,20101217,56.2,3.5
GHCND:USW00023188,SAN DIEGO INTERNATIONAL AIRPORT CA US,4.6,32.73361,-117.18306,20101218,56.1,3.5
GHCND:USW00023188,SAN DIEGO INTERNATIONAL AIRPORT CA US,4.6,32.73361,-117.18306,20101219,56.1,3.5
GHCND:USW00023188,SAN DIEGO INTERNATIONAL AIRPORT CA US,4.6,32.73361,-117.18306,20101220,56.1,3.6
GHCND:USW00023188,SAN DIEGO INTERNATIONAL AIRPORT CA US,4.6,32.73361,-117.18306,20101221,56.1,3.6
GHCND:USW00023188,SAN DIEGO INTERNATIONAL AIRPORT CA US,4.6,32.73361,-117.18306,20101222,56.1,3.6
GHCND:USW00023188,SAN DIEGO INTERNATIONAL AIRPORT CA US,4.6,32.73361,-117.18306,20101223,56.1,3.6
GHCND:USW00023188,SAN DIEGO INTERNATIONAL AIRPORT CA US,4.6,32.73361,-117.18306,20101224,56.1,3.6
GHCND:USW00023188,SAN DIEGO INTERNATIONAL AIRPORT CA US,4.6,32.73361,-117.18306,20101225,56.1,3.6
GHCND:USW00023188,SAN DIEGO INTERNATIONAL AIRPORT CA US,4.6,32.73361,-117.18306,20101226,56.2,3.7
GHCND:USW00023188,SAN DIEGO INTERNATIONAL AIRPORT CA US,4.6,32.73361,-117.18306,20101227,56.2,3.7
GHCND:USW00023188,SAN DIEGO INTERNATIONAL AIRPORT CA US,4.6,32.73361,-117.18306,20101228,56.2,3.7
GHCND:USW00023188,SAN DIEGO INTERNATIONAL AIRPORT CA US,4.6,32.73361,-117.18306,20101229,56.3,3.7
GHCND:USW00023188,SAN DIEGO INTERNATIONAL AIRPORT CA US,4.6,32.73361,-117.18306,20101230,56.3,3.8
GHCND:USW00023188,SAN DIEGO INTERNATIONAL AIRPORT CA US,4.6,32.73361,-117.18306,20101231,56.4,3.8
GHCND:USW00013904,AUSTIN BERGSTROM INTERNATIONAL AIRPORT TX US,146.3,30.18306,-97.68,20100101,48.9,9.6
GHCND:USW00013904,AUSTIN BERGSTROM INTERNATIONAL AIRPORT TX US,146.3,30.18306,-97.68,20100102,48.9,9.6
GHCND:USW00013904,AUSTIN BERGSTROM INTERNATIONAL AIRPORT TX US,146.3,30.18306,-97.68,20100103,48.9,9.6
GHCND:USW00013904,AUSTIN BERGSTROM INTERNATIONAL AIRPORT TX US,146.3,30.18306,-97.68,20100104,48.9,9.6
GHCND:USW00013904,AUSTIN BERGSTROM INTERNATIONAL AIRPORT TX US,146.3,30.18306,-97.68,20100105,48.9,9.6
GHCND:USW00013904,AUSTIN BERGSTROM INTERNATIONAL AIRPORT TX US,146.3,30.18306,-97.68,20100106,48.9,9.6
GHCND:USW00013904,AUSTIN BERGSTROM INTERNATIONAL AIRPORT TX US,146.3,30.18306,-97.68,20100107,48.9,9.6
GHCND:USW00013904,AUSTIN BERGSTROM INTERNATIONAL AIRPORT TX US,146.3,30.18306,-97.68,20100108,48.9,9.6
GHCND:USW00013904,AUSTIN BERGSTROM INTERNATIONAL AIRPORT TX US,146.3,30.18306,-97.68,20100109,48.9,9.6
GHCND:USW00013904,AUSTIN BERGSTROM INTERNATIONAL AIRPORT TX US,146.3,30.18306,-97.68,20100110,48.9,9.6
GHCND:USW00013904,AUSTIN BERGSTROM INTERNATIONAL AIRPORT TX US,146.3,30.18306,-97.68,20100111,49.0,9.5
GHCND:USW00013904,AUSTIN BERGSTROM INTERNATIONAL AIRPORT TX US,146.3,30.18306,-97.68,20100112,49.0,9.5
GHCND:USW00013904,AUSTIN BERGSTROM INTERNATIONAL AIRPORT TX US,146.3,30.18306,-97.68,20100113,49.0,9.4
GHCND:USW00013904,AUSTIN BERGSTROM INTERNATIONAL AIRPORT TX US,146.3,30.18306,-97.68,20100114,49.0,9.3
GHCND:USW00013904,AUSTIN BERGSTROM INTERNATIONAL AIRPORT TX US,146.3,30.18306,-97.68,20100115,49.0,9.3
GHCND:USW00013904,AUSTIN BERGSTROM INTERNATIONAL AIRPORT TX US,146.3,30.18306,-97.68,20100116,49.1,9.2
GHCND:USW00013904,AUSTIN BERGSTROM INTERNATIONAL AIRPORT TX US,146.3,30.18306,-97.68,20100117,49.1,9.1
GHCND:USW00013904,AUSTIN BERGSTROM INTERNATIONAL AIRPORT TX US,146.3,30.18306,-97.68,20100118,49.1,9.0
GHCND:USW00013904,AUSTIN BERGSTROM INTERNATIONAL AIRPORT TX US,146.3,30.18306,-97.68,20100119,49.2,9.0
GHCND:USW00013904,AUSTIN BERGSTROM INTERNATIONAL AIRPORT TX US,146.3,30.18306,-97.68,20100120,49.2,8.9
GHCND:USW00013904,AUSTIN BERGSTROM INTERNATIONAL AIRPORT TX US,146.3,30.18306,-97.68,20100121,49.3,8.8
GHCND:USW00013904,AUSTIN BERGSTROM INTERNATIONAL AIRPORT TX US,146.3,30.18306,-97.68,20100122,49.3,8.8
GHCND:USW00013904,AUSTIN BERGSTROM INTERNATIONAL AIRPORT TX US,146.3,30.18306,-97.68,20100123,49.4,8.7
GHCND:USW00013904,AUSTIN BERGSTROM INTERNATIONAL AIRPORT TX US,146.3,30.18306,-97.68,20100124,49.4,8.7
GHCND:USW00013904,AUSTIN BERGSTROM INTERNATIONAL AIRPORT TX US,146.3,30.18306,-97.68,20100125,49.5,8.6
GHCND:USW00013904,AUSTIN BERGSTROM INTERNATIONAL AIRPORT TX US,146.3,30.18306,-97.68,20100126,49.6,8.6
GHCND:USW00013904,AUSTIN BERGSTROM INTERNATIONAL AIRPORT TX US,146.3,30.18306,-97.68,20100127,49.6,8.6
GHCND:USW00013904,AUSTIN BERGSTROM INTERNATIONAL AIRPORT TX US,146.3,30.18306,-97.68,20100128,49.7,8.6
GHCND:USW00013904,AUSTIN BERGSTROM INTERNATIONAL AIRPORT TX US,146.3,30.18306,-97.68,20100129,49.8,8.6
GHCND:USW00013904,AUSTIN BERGSTROM INTERNATIONAL AIRPORT TX US,146.3,30.18306,-97.68,20100130,49.9,8.6
GHCND:USW00013904,AUSTIN BERGSTROM INTERNATIONAL AIRPORT TX US,146.3,30.18306,-97.68,20100131,49.9,8.6
GHCND:USW00013904,AUSTIN BERGSTROM INTERNATIONAL AIRPORT TX US,146.3,30.18306,-97.68,20100201,50.0,8.6
GHCND:USW00013904,AUSTIN BERGSTROM INTERNATIONAL AIRPORT TX US,146.3,30.18306,-97.68,20100202,50.1,8.6
GHCND:USW00013904,AUSTIN BERGSTROM INTERNATIONAL AIRPORT TX US,146.3,30.18306,-97.68,20100203,50.2,8.7
GHCND:USW00013904,AUSTIN BERGSTROM INTERNATIONAL AIRPORT TX US,146.3,30.18306,-97.68,20100204,50.4,8.7
GHCND:USW00013904,AUSTIN BERGSTROM INTERNATIONAL AIRPORT TX US,146.3,30.18306,-97.68,20100205,50.5,8.7
GHCND:USW00013904,AUSTIN BERGSTROM INTERNATIONAL AIRPORT TX US,146.3,30.18306,-97.68,20100206,50.6,8.7
GHCND:USW00013904,AUSTIN BERGSTROM INTERNATIONAL AIRPORT TX US,146.3,30.18306,-97.68,20100207,50.7,8.7
GHCND:USW00013904,AUSTIN BERGSTROM INTERNATIONAL AIRPORT TX US,146.3,30.18306,-97.68,20100208,50.9,8.8
GHCND:USW00013904,AUSTIN BERGSTROM INTERNATIONAL AIRPORT TX US,146.3,30.18306,-97.68,20100209,51.0,8.8
GHCND:USW00013904,AUSTIN BERGSTROM INTERNATIONAL AIRPORT TX US,146.3,30.18306,-97.68,20100210,51.2,8.8
GHCND:USW00013904,AUSTIN BERGSTROM INTERNATIONAL AIRPORT TX US,146.3,30.18306,-97.68,20100211,51.3,8.8
GHCND:USW00013904,AUSTIN BERGSTROM INTERNATIONAL AIRPORT TX US,146.3,30.18306,-97.68,20100212,51.5,8.9
GHCND:USW00013904,AUSTIN BERGSTROM INTERNATIONAL AIRPORT TX US,146.3,30.18306,-97.68,20100213,51.6,8.9
GHCND:USW00013904,AUSTIN BERGSTROM INTERNATIONAL AIRPORT TX US,146.3,30.18306,-97.68,20100214,51.8,9.0
GHCND:USW00013904,AUSTIN BERGSTROM INTERNATIONAL AIRPORT TX US,146.3,30.18306,-97.68,20100215,52.0,9.0
GHCND:USW00013904,AUSTIN BERGSTROM INTERNATIONAL AIRPORT TX US,146.3,30.18306,-97.68,20100216,52.2,9.1
GHCND:USW00013904,AUSTIN BERGSTROM INTERNATIONAL AIRPORT TX US,146.3,30.18306,-97.68,20100217,52.4,9.1
GHCND:USW00013904,AUSTIN BERGSTROM INTERNATIONAL AIRPORT TX US,146.3,30.18306,-97.68,20100218,52.6,9.1
GHCND:USW00013904,AUSTIN BERGSTROM INTERNATIONAL AIRPORT TX US,146.3,30.18306,-97.68,20100219,52.8,9.1
GHCND:USW00013904,AUSTIN BERGSTROM INTERNATIONAL AIRPORT TX US,146.3,30.18306,-97.68,20100220,53.0,9.2
GHCND:USW00013904,AUSTIN BERGSTROM INTERNATIONAL AIRPORT TX US,146.3,30.18306,-97.68,20100221,53.2,9.2
GHCND:USW00013904,AUSTIN BERGSTROM INTERNATIONAL AIRPORT TX US,146.3,30.18306,-97.68,20100222,53.4,9.2
GHCND:USW00013904,AUSTIN BERGSTROM INTERNATIONAL AIRPORT TX US,146.3,30.18306,-97.68,20100223,53.7,9.2
GHCND:USW00013904,AUSTIN BERGSTROM INTERNATIONAL AIRPORT TX US,146.3,30.18306,-97.68,20100224,53.9,9.2
GHCND:USW00013904,AUSTIN BERGSTROM INTERNATIONAL AIRPORT TX US,146.3,30.18306,-97.68,20100225,54.1,9.2
GHCND:USW00013904,AUSTIN BERGSTROM INTERNATIONAL AIRPORT TX US,146.3,30.18306,-97.68,20100226,54.4,9.1
GHCND:USW00013904,AUSTIN BERGSTROM INTERNATIONAL AIRPORT TX US,146.3,30.18306,-97.68,20100227,54.6,9.1
GHCND:USW00013904,AUSTIN BERGSTROM INTERNATIONAL AIRPORT TX US,146.3,30.18306,-97.68,20100228,54.9,9.1
GHCND:USW00013904,AUSTIN BERGSTROM INTERNATIONAL AIRPORT TX US,146.3,30.18306,-97.68,20100301,55.1,9.0
GHCND:USW00013904,AUSTIN BERGSTROM INTERNATIONAL AIRPORT TX US,146.3,30.18306,-97.68,20100302,55.4,9.0
GHCND:USW00013904,AUSTIN BERGSTROM INTERNATIONAL AIRPORT TX US,146.3,30.18306,-97.68,20100303,55.6,9.0
GHCND:USW00013904,AUSTIN BERGSTROM INTERNATIONAL AIRPORT TX US,146.3,30.18306,-97.68,20100304,55.9,8.9
GHCND:USW00013904,AUSTIN BERGSTROM INTERNATIONAL AIRPORT TX US,146.3,30.18306,-97.68,20100305,56.2,8.9
GHCND:USW00013904,AUSTIN BERGSTROM INTERNATIONAL AIRPORT TX US,146.3,30.18306,-97.68,20100306,56.4,8.9
GHCND:USW00013904,AUSTIN BERGSTROM INTERNATIONAL AIRPORT TX US,146.3,30.18306,-97.68,20100307,56.7,8.8
GHCND:USW00013904,AUSTIN BERGSTROM INTERNATIONAL AIRPORT TX US,146.3,30.18306,-97.68,20100308,57.0,8.7
GHCND:USW00013904,AUSTIN BERGSTROM INTERNATIONAL AIRPORT TX US,146.3,30.18306,-97.68,20100309,57.3,8.7
GHCND:USW00013904,AUSTIN BERGSTROM INTERNATIONAL AIRPORT TX US,146.3,30.18306,-97.68,20100310,57.5,8.6
GHCND:USW00013904,AUSTIN BERGSTROM INTERNATIONAL AIRPORT TX US,146.3,30.18306,-97.68,20100311,57.8,8.6
GHCND:USW00013904,AUSTIN BERGSTROM INTERNATIONAL AIRPORT TX US,146.3,30.18306,-97.68,20100312,58.1,8.6
GHCND:USW00013904,AUSTIN BERGSTROM INTERNATIONAL AIRPORT TX US,146.3,30.18306,-97.68,20100313,58.4,8.5
GHCND:USW00013904,AUSTIN BERGSTROM INTERNATIONAL AIRPORT TX US,146.3,30.18306,-97.68,20100314,58.6,8.4
GHCND:USW00013904,AUSTIN BERGSTROM INTERNATIONAL AIRPORT TX US,146.3,30.18306,-97.68,20100315,58.9,8.4
GHCND:USW00013904,AUSTIN BERGSTROM INTERNATIONAL AIRPORT TX US,146.3,30.18306,-97.68,20100316,59.2,8.3
GHCND:USW00013904,AUSTIN BERGSTROM INTERNATIONAL AIRPORT TX US,146.3,30.18306,-97.68,20100317,59.5,8.3
GHCND:USW00013904,AUSTIN BERGSTROM INTERNATIONAL AIRPORT TX US,146.3,30.18306,-97.68,20100318,59.8,8.2
GHCND:USW00013904,AUSTIN BERGSTROM INTERNATIONAL AIRPORT TX US,146.3,30.18306,-97.68,20100319,60.0,8.2
GHCND:USW00013904,AUSTIN BERGSTROM INTERNATIONAL AIRPORT TX US,146.3,30.18306,-97.68,20100320,60.3,8.1
GHCND:USW00013904,AUSTIN BERGSTROM INTERNATIONAL AIRPORT TX US,146.3,30.18306,-97.68,20100321,60.6,8.1
GHCND:USW00013904,AUSTIN BERGSTROM INTERNATIONAL AIRPORT TX US,146.3,30.18306,-97.68,20100322,60.9,8.0
GHCND:USW00013904,AUSTIN BERGSTROM INTERNATIONAL AIRPORT TX US,146.3,30.18306,-97.68,20100323,61.1,8.0
GHCND:USW00013904,AUSTIN BERGSTROM INTERNATIONAL AIRPORT TX US,146.3,30.18306,-97.68,20100324,61.4,7.9
GHCND:USW00013904,AUSTIN BERGSTROM INTERNATIONAL AIRPORT TX US,146.3,30.18306,-97.68,20100325,61.7,7.9
GHCND:USW00013904,AUSTIN BERGSTROM INTERNATIONAL AIRPORT TX US,146.3,30.18306,-97.68,20100326,62.0,7.9
GHCND:USW00013904,AUSTIN BERGSTROM INTERNATIONAL AIRPORT TX US,146.3,30.18306,-97.68,20100327,62.2,7.8
GHCND:USW00013904,AUSTIN BERGSTROM INTERNATIONAL AIRPORT TX US,146.3,30.18306,-97.68,20100328,62.5,7.8
GHCND:USW00013904,AUSTIN BERGSTROM INTERNATIONAL AIRPORT TX US,146.3,30.18306,-97.68,20100329,62.8,7.8
GHCND:USW00013904,AUSTIN BERGSTROM INTERNATIONAL AIRPORT TX US,146.3,30.18306,-97.68,20100330,63.0,7.8
GHCND:USW00013904,AUSTIN BERGSTROM INTERNATIONAL AIRPORT TX US,146.3,30.18306,-97.68,20100331,63.3,7.8
GHCND:USW00013904,AUSTIN BERGSTROM INTERNATIONAL AIRPORT TX US,146.3,30.18306,-97.68,20100401,63.5,7.8
GHCND:USW00013904,AUSTIN BERGSTROM INTERNATIONAL AIRPORT TX US,146.3,30.18306,-97.68,20100402,63.8,7.7
GHCND:USW00013904,AUSTIN BERGSTROM INTERNATIONAL AIRPORT TX US,146.3,30.18306,-97.68,20100403,64.1,7.7
GHCND:USW00013904,AUSTIN BERGSTROM INTERNATIONAL AIRPORT TX US,146.3,30.18306,-97.68,20100404,64.3,7.7
GHCND:USW00013904,AUSTIN BERGSTROM INTERNATIONAL AIRPORT TX US,146.3,30.18306,-97.68,20100405,64.6,7.6
GHCND:USW00013904,AUSTIN BERGSTROM INTERNATIONAL AIRPORT TX US,146.3,30.18306,-97.68,20100406,64.8,7.6
GHCND:USW00013904,AUSTIN BERGSTROM INTERNATIONAL AIRPORT TX US,146.3,30.18306,-97.68,20100407,65.1,7.5
GHCND:USW00013904,AUSTIN BERGSTROM INTERNATIONAL AIRPORT TX US,146.3,30.18306,-97.68,20100408,65.3,7.5
GHCND:USW00013904,AUSTIN BERGSTROM INTERNATIONAL AIRPORT TX US,146.3,30.18306,-97.68,20100409,65.6,7.4
GHCND:USW00013904,AUSTIN BERGSTROM INTERNATIONAL AIRPORT TX US,146.3,30.18306,-97.68,20100410,65.8,7.4
GHCND:USW00013904,AUSTIN BERGSTROM INTERNATIONAL AIRPORT TX US,146.3,30.18306,-97.68,20100411,66.1,7.3
GHCND:USW00013904,AUSTIN BERGSTROM INTERNATIONAL AIRPORT TX US,146.3,30.18306,-97.68,20100412,66.3,7.3
GHCND:USW00013904,AUSTIN BERGSTROM INTERNATIONAL AIRPORT TX US,146.3,30.18306,-97.68,20100413,66.6,7.2
GHCND:USW00013904,AUSTIN BERGSTROM INTERNATIONAL AIRPORT TX US,146.3,30.18306,-97.68,20100414,66.9,7.2
GHCND:USW00013904,AUSTIN BERGSTROM INTERNATIONAL AIRPORT TX US,146.3,30.18306,-97.68,20100415,67.1,7.1
GHCND:USW00013904,AUSTIN BERGSTROM INTERNATIONAL AIRPORT TX US,146.3,30.18306,-97.68,20100416,67.4,7.0
GHCND:USW00013904,AUSTIN BERGSTROM INTERNATIONAL AIRPORT TX US,146.3,30.18306,-97.68,20100417,67.6,7.0
GHCND:USW00013904,AUSTIN BERGSTROM INTERNATIONAL AIRPORT TX US,146.3,30.18306,-97.68,20100418,67.9,6.9
GHCND:USW00013904,AUSTIN BERGSTROM INTERNATIONAL AIRPORT TX US,146.3,30.18306,-97.68,20100419,68.1,6.8
GHCND:USW00013904,AUSTIN BERGSTROM INTERNATIONAL AIRPORT TX US,146.3,30.18306,-97.68,20100420,68.4,6.8
GHCND:USW00013904,AUSTIN BERGSTROM INTERNATIONAL AIRPORT TX US,146.3,30.18306,-97.68,20100421,68.6,6.7
GHCND:USW00013904,AUSTIN BERGSTROM INTERNATIONAL AIRPORT TX US,146.3,30.18306,-97.68,20100422,68.9,6.6
GHCND:USW00013904,AUSTIN BERGSTROM INTERNATIONAL AIRPORT TX US,146.3,30.18306,-97.68,20100423,69.2,6.5
GHCND:USW00013904,AUSTIN BERGSTROM INTERNATIONAL AIRPORT TX US,146.3,30.18306,-97.68,20100424,69.4,6.5
GHCND:USW00013904,AUSTIN BERGSTROM INTERNATIONAL AIRPORT TX US,146.3,30.18306,-97.68,20100425,69.7,6.4
GHCND:USW00013904,AUSTIN BERGSTROM INTERNATIONAL AIRPORT TX US,146.3,30.18306,-97.68,20100426,69.9,6.3
GHCND:USW00013904,AUSTIN BERGSTROM INTERNATIONAL AIRPORT TX US,146.3,30.18306,-97.68,20100427,70.2,6.2
GHCND:USW00013904,AUSTIN BERGSTROM INTERNATIONAL AIRPORT TX US,146.3,30.18306,-97.68,20100428,70.5,6.1
GHCND:USW00013904,AUSTIN BERGSTROM INTERNATIONAL AIRPORT TX US,146.3,30.18306,-97.68,20100429,70.7,6.1
GHCND:USW00013904,AUSTIN BERGSTROM INTERNATIONAL AIRPORT TX US,146.3,30.18306,-97.68,20100430,71.0,6.0
GHCND:USW00013904,AUSTIN BERGSTROM INTERNATIONAL AIRPORT TX US,146.3,30.18306,-97.68,20100501,71.3,5.9
GHCND:USW00013904,AUSTIN BERGSTROM INTERNATIONAL AIRPORT TX US,146.3,30.18306,-97.68,20100502,71.5,5.9
GHCND:USW00013904,AUSTIN BERGSTROM INTERNATIONAL AIRPORT TX US,146.3,30.18306,-97.68,20100503,71.8,5.8
GHCND:USW00013904,AUSTIN BERGSTROM INTERNATIONAL AIRPORT TX US,146.3,30.18306,-97.68,20100504,72.1,5.8
GHCND:USW00013904,AUSTIN BERGSTROM INTERNATIONAL AIRPORT TX US,146.3,30.18306,-97.68,20100505,72.3,5.7
GHCND:USW00013904,AUSTIN BERGSTROM INTERNATIONAL AIRPORT TX US,146.3,30.18306,-97.68,20100506,72.6,5.7
GHCND:USW00013904,AUSTIN BERGSTROM INTERNATIONAL AIRPORT TX US,146.3,30.18306,-97.68,20100507,72.9,5.6
GHCND:USW00013904,AUSTIN BERGSTROM INTERNATIONAL AIRPORT TX US,146.3,30.18306,-97.68,20100508,73.2,5.6
GHCND:USW00013904,AUSTIN BERGSTROM INTERNATIONAL AIRPORT TX US,146.3,30.18306,-97.68,20100509,73.4,5.5
GHCND:USW00013904,AUSTIN BERGSTROM INTERNATIONAL AIRPORT TX US,146.3,30.18306,-97.68,20100510,73.7,5.4
GHCND:USW00013904,AUSTIN BERGSTROM INTERNATIONAL AIRPORT TX US,146.3,30.18306,-97.68,20100511,74.0,5.4
GHCND:USW00013904,AUSTIN BERGSTROM INTERNATIONAL AIRPORT TX US,146.3,30.18306,-97.68,20100512,74.2,5.3
GHCND:USW00013904,AUSTIN BERGSTROM INTERNATIONAL AIRPORT TX US,146.3,30.18306,-97.68,20100513,74.5,5.3
GHCND:USW00013904,AUSTIN BERGSTROM INTERNATIONAL AIRPORT TX US,146.3,30.18306,-97.68,20100514,74.8,5.2
GHCND:USW00013904,AUSTIN BERGSTROM INTERNATIONAL AIRPORT TX US,146.3,30.18306,-97.68,20100515,75.0,5.1
GHCND:USW00013904,AUSTIN BERGSTROM INTERNATIONAL AIRPORT TX US,146.3,30.18306,-97.68,20100516,75.3,5.0
GHCND:USW00013904,AUSTIN BERGSTROM INTERNATIONAL AIRPORT TX US,146.3,30.18306,-97.68,20100517,75.5,5.0
GHCND:USW00013904,AUSTIN BERGSTROM INTERNATIONAL AIRPORT TX US,146.3,30.18306,-97.68,20100518,75.8,4.9
GHCND:USW00013904,AUSTIN BERGSTROM INTERNATIONAL AIRPORT TX US,146.3,30.18306,-97.68,20100519,76.1,4.8
GHCND:USW00013904,AUSTIN BERGSTROM INTERNATIONAL AIRPORT TX US,146.3,30.18306,-97.68,20100520,76.3,4.8
GHCND:USW00013904,AUSTIN BERGSTROM INTERNATIONAL AIRPORT TX US,146.3,30.18306,-97.68,20100521,76.6,4.7
GHCND:USW00013904,AUSTIN BERGSTROM INTERNATIONAL AIRPORT TX US,146.3,30.18306,-97.68,20100522,76.8,4.6
GHCND:USW00013904,AUSTIN BERGSTROM INTERNATIONAL AIRPORT TX US,146.3,30.18306,-97.68,20100523,77.0,4.6
GHCND:USW00013904,AUSTIN BERGSTROM INTERNATIONAL AIRPORT TX US,146.3,30.18306,-97.68,20100524,77.3,4.5
GHCND:USW00013904,AUSTIN BERGSTROM INTERNATIONAL AIRPORT TX US,146.3,30.18306,-97.68,20100525,77.5,4.4
GHCND:USW00013904,AUSTIN BERGSTROM INTERNATIONAL AIRPORT TX US,146.3,30.18306,-97.68,20100526,77.7,4.4
GHCND:USW00013904,AUSTIN BERGSTROM INTERNATIONAL AIRPORT TX US,146.3,30.18306,-97.68,20100527,78.0,4.3
GHCND:USW00013904,AUSTIN BERGSTROM INTERNATIONAL AIRPORT TX US,146.3,30.18306,-97.68,20100528,78.2,4.3
GHCND:USW00013904,AUSTIN BERGSTROM INTERNATIONAL AIRPORT TX US,146.3,30.18306,-97.68,20100529,78.4,4.2
GHCND:USW00013904,AUSTIN BERGSTROM INTERNATIONAL AIRPORT TX US,146.3,30.18306,-97.68,20100530,78.6,4.2
GHCND:USW00013904,AUSTIN BERGSTROM INTERNATIONAL AIRPORT TX US,146.3,30.18306,-97.68,20100531,78.8,4.1
GHCND:USW00013904,AUSTIN BERGSTROM INTERNATIONAL AIRPORT TX US,146.3,30.18306,-97.68,20100601,79.0,4.1
GHCND:USW00013904,AUSTIN BERGSTROM INTERNATIONAL AIRPORT TX US,146.3,30.18306,-97.68,20100602,79.2,4.0
GHCND:USW00013904,AUSTIN BERGSTROM INTERNATIONAL AIRPORT TX US,146.3,30.18306,-97.68,20100603,79.4,3.9
GHCND:USW00013904,AUSTIN BERGSTROM INTERNATIONAL AIRPORT TX US,146.3,30.18306,-97.68,20100604,79.6,3.9
GHCND:USW00013904,AUSTIN BERGSTROM INTERNATIONAL AIRPORT TX US,146.3,30.18306,-97.68,20100605,79.7,3.8
GHCND:USW00013904,AUSTIN BERGSTROM INTERNATIONAL AIRPORT TX US,146.3,30.18306,-97.68,20100606,79.9,3.8
GHCND:USW00013904,AUSTIN BERGSTROM INTERNATIONAL AIRPORT TX US,146.3,30.18306,-97.68,20100607,80.1,3.8
GHCND:USW00013904,AUSTIN BERGSTROM INTERNATIONAL AIRPORT TX US,146.3,30.18306,-97.68,20100608,80.2,3.7
GHCND:USW00013904,AUSTIN BERGSTROM INTERNATIONAL AIRPORT TX US,146.3,30.18306,-97.68,20100609,80.4,3.7
GHCND:USW00013904,AUSTIN BERGSTROM INTERNATIONAL AIRPORT TX US,146.3,30.18306,-97.68,20100610,80.5,3.7
GHCND:USW00013904,AUSTIN BERGSTROM INTERNATIONAL AIRPORT TX US,146.3,30.18306,-97.68,20100611,80.7,3.7
GHCND:USW00013904,AUSTIN BERGSTROM INTERNATIONAL AIRPORT TX US,146.3,30.18306,-97.68,20100612,80.8,3.6
GHCND:USW00013904,AUSTIN BERGSTROM INTERNATIONAL AIRPORT TX US,146.3,30.18306,-97.68,20100613,80.9,3.6
GHCND:USW00013904,AUSTIN BERGSTROM INTERNATIONAL AIRPORT TX US,146.3,30.18306,-97.68,20100614,81.1,3.6
GHCND:USW00013904,AUSTIN BERGSTROM INTERNATIONAL AIRPORT TX US,146.3,30.18306,-97.68,20100615,81.2,3.6
GHCND:USW00013904,AUSTIN BERGSTROM INTERNATIONAL AIRPORT TX US,146.3,30.18306,-97.68,20100616,81.3,3.6
GHCND:USW00013904,AUSTIN BERGSTROM INTERNATIONAL AIRPORT TX US,146.3,30.18306,-97.68,20100617,81.4,3.6
GHCND:USW00013904,AUSTIN BERGSTROM INTERNATIONAL AIRPORT TX US,146.3,30.18306,-97.68,20100618,81.5,3.6
GHCND:USW00013904,AUSTIN BERGSTROM INTERNATIONAL AIRPORT TX US,146.3,30.18306,-97.68,20100619,81.6,3.6
GHCND:USW00013904,AUSTIN BERGSTROM INTERNATIONAL AIRPORT TX US,146.3,30.18306,-97.68,20100620,81.7,3.6
GHCND:USW00013904,AUSTIN BERGSTROM INTERNATIONAL AIRPORT TX US,146.3,30.18306,-97.68,20100621,81.8,3.6
GHCND:USW00013904,AUSTIN BERGSTROM INTERNATIONAL AIRPORT TX US,146.3,30.18306,-97.68,20100622,81.9,3.6
GHCND:USW00013904,AUSTIN BERGSTROM INTERNATIONAL AIRPORT TX US,146.3,30.18306,-97.68,20100623,82.0,3.6
GHCND:USW00013904,AUSTIN BERGSTROM INTERNATIONAL AIRPORT TX US,146.3,30.18306,-97.68,20100624,82.0,3.5
GHCND:USW00013904,AUSTIN BERGSTROM INTERNATIONAL AIRPORT TX US,146.3,30.18306,-97.68,20100625,82.1,3.5
GHCND:USW00013904,AUSTIN BERGSTROM INTERNATIONAL AIRPORT TX US,146.3,30.18306,-97.68,20100626,82.2,3.5
GHCND:USW00013904,AUSTIN BERGSTROM INTERNATIONAL AIRPORT TX US,146.3,30.18306,-97.68,20100627,82.3,3.5
GHCND:USW00013904,AUSTIN BERGSTROM INTERNATIONAL AIRPORT TX US,146.3,30.18306,-97.68,20100628,82.3,3.5
GHCND:USW00013904,AUSTIN BERGSTROM INTERNATIONAL AIRPORT TX US,146.3,30.18306,-97.68,20100629,82.4,3.4
GHCND:USW00013904,AUSTIN BERGSTROM INTERNATIONAL AIRPORT TX US,146.3,30.18306,-97.68,20100630,82.5,3.4
GHCND:USW00013904,AUSTIN BERGSTROM INTERNATIONAL AIRPORT TX US,146.3,30.1831,-97.6799,20100701,82.5,3.4
GHCND:USW00013904,AUSTIN BERGSTROM INTERNATIONAL AIRPORT TX US,146.3,30.1831,-97.6799,20100702,82.6,3.4
GHCND:USW00013904,AUSTIN BERGSTROM INTERNATIONAL AIRPORT TX US,146.3,30.1831,-97.6799,20100703,82.7,3.4
GHCND:USW00013904,AUSTIN BERGSTROM INTERNATIONAL AIRPORT TX US,146.3,30.1831,-97.6799,20100704,82.7,3.3
GHCND:USW00013904,AUSTIN BERGSTROM INTERNATIONAL AIRPORT TX US,146.3,30.1831,-97.6799,20100705,82.8,3.3
GHCND:USW00013904,AUSTIN BERGSTROM INTERNATIONAL AIRPORT TX US,146.3,30.1831,-97.6799,20100706,82.8,3.3
GHCND:USW00013904,AUSTIN BERGSTROM INTERNATIONAL AIRPORT TX US,146.3,30.1831,-97.6799,20100707,82.9,3.3
GHCND:USW00013904,AUSTIN BERGSTROM INTERNATIONAL AIRPORT TX US,146.3,30.1831,-97.6799,20100708,83.0,3.3
GHCND:USW00013904,AUSTIN BERGSTROM INTERNATIONAL AIRPORT TX US,146.3,30.1831,-97.6799,20100709,83.0,3.2
GHCND:USW00013904,AUSTIN BERGSTROM INTERNATIONAL AIRPORT TX US,146.3,30.1831,-97.6799,20100710,83.1,3.2
GHCND:USW00013904,AUSTIN BERGSTROM INTERNATIONAL AIRPORT TX US,146.3,30.1831,-97.6799,20100711,83.2,3.2
GHCND:USW00013904,AUSTIN BERGSTROM INTERNATIONAL AIRPORT TX US,146.3,30.1831,-97.6799,20100712,83.2,3.2
GHCND:USW00013904,AUSTIN BERGSTROM INTERNATIONAL AIRPORT TX US,146.3,30.1831,-97.6799,20100713,83.3,3.1
GHCND:USW00013904,AUSTIN BERGSTROM INTERNATIONAL AIRPORT TX US,146.3,30.1831,-97.6799,20100714,83.3,3.1
GHCND:USW00013904,AUSTIN BERGSTROM INTERNATIONAL AIRPORT TX US,146.3,30.1831,-97.6799,20100715,83.4,3.1
GHCND:USW00013904,AUSTIN BERGSTROM INTERNATIONAL AIRPORT TX US,146.3,30.1831,-97.6799,20100716,83.5,3.0
GHCND:USW00013904,AUSTIN BERGSTROM INTERNATIONAL AIRPORT TX US,146.3,30.1831,-97.6799,20100717,83.5,3.0
GHCND:USW00013904,AUSTIN BERGSTROM INTERNATIONAL AIRPORT TX US,146.3,30.1831,-97.6799,20100718,83.6,3.0
GHCND:USW00013904,AUSTIN BERGSTROM INTERNATIONAL AIRPORT TX US,146.3,30.1831,-97.6799,20100719,83.7,2.9
GHCND:USW00013904,AUSTIN BERGSTROM INTERNATIONAL AIRPORT TX US,146.3,30.1831,-97.6799,20100720,83.7,2.9
GHCND:USW00013904,AUSTIN BERGSTROM INTERNATIONAL AIRPORT TX US,146.3,30.1831,-97.6799,20100721,83.8,2.9
GHCND:USW00013904,AUSTIN BERGSTROM INTERNATIONAL AIRPORT TX US,146.3,30.1831,-97.6799,20100722,83.8,2.8
GHCND:USW00013904,AUSTIN BERGSTROM INTERNATIONAL AIRPORT TX US,146.3,30.1831,-97.6799,20100723,83.9,2.8
GHCND:USW00013904,AUSTIN BERGSTROM INTERNATIONAL AIRPORT TX US,146.3,30.1831,-97.6799,20100724,83.9,2.8
GHCND:USW00013904,AUSTIN BERGSTROM INTERNATIONAL AIRPORT TX US,146.3,30.1831,-97.6799,20100725,84.0,2.8
GHCND:USW00013904,AUSTIN BERGSTROM INTERNATIONAL AIRPORT TX US,146.3,30.1831,-97.6799,20100726,84.1,2.8
GHCND:USW00013904,AUSTIN BERGSTROM INTERNATIONAL AIRPORT TX US,146.3,30.1831,-97.6799,20100727,84.1,2.8
GHCND:USW00013904,AUSTIN BERGSTROM INTERNATIONAL AIRPORT TX US,146.3,30.1831,-97.6799,20100728,84.2,2.8
GHCND:USW00013904,AUSTIN BERGSTROM INTERNATIONAL AIRPORT TX US,146.3,30.1831,-97.6799,20100729,84.2,2.8
GHCND:USW00013904,AUSTIN BERGSTROM INTERNATIONAL AIRPORT TX US,146.3,30.1831,-97.6799,20100730,84.2,2.8
GHCND:USW00013904,AUSTIN BERGSTROM INTERNATIONAL AIRPORT TX US,146.3,30.1831,-97.6799,20100731,84.3,2.8
GHCND:USW00013904,AUSTIN BERGSTROM INTERNATIONAL AIRPORT TX US,146.3,30.1831,-97.6799,20100801,84.3,2.8
GHCND:USW00013904,AUSTIN BERGSTROM INTERNATIONAL AIRPORT TX US,146.3,30.1831,-97.6799,20100802,84.3,2.8
GHCND:USW00013904,AUSTIN BERGSTROM INTERNATIONAL AIRPORT TX US,146.3,30.1831,-97.6799,20100803,84.4,2.8
GHCND:USW00013904,AUSTIN BERGSTROM INTERNATIONAL AIRPORT TX US,146.3,30.1831,-97.6799,20100804,84.4,2.8
GHCND:USW00013904,AUSTIN BERGSTROM INTERNATIONAL AIRPORT TX US,146.3,30.1831,-97.6799,20100805,84.4,2.8
GHCND:USW00013904,AUSTIN BERGSTROM INTERNATIONAL AIRPORT TX US,146.3,30.1831,-97.6799,20100806,84.4,2.8
GHCND:USW00013904,AUSTIN BERGSTROM INTERNATIONAL AIRPORT TX US,146.3,30.1831,-97.6799,20100807,84.4,2.8
GHCND:USW00013904,AUSTIN BERGSTROM INTERNATIONAL AIRPORT TX US,146.3,30.1831,-97.6799,20100808,84.4,2.8
GHCND:USW00013904,AUSTIN BERGSTROM INTERNATIONAL AIRPORT TX US,146.3,30.1831,-97.6799,20100809,84.4,2.8
GHCND:USW00013904,AUSTIN BERGSTROM INTERNATIONAL AIRPORT TX US,146.3,30.1831,-97.6799,20100810,84.4,2.8
GHCND:USW00013904,AUSTIN BERGSTROM INTERNATIONAL AIRPORT TX US,146.3,30.1831,-97.6799,20100811,84.3,2.8
GHCND:USW00013904,AUSTIN BERGSTROM INTERNATIONAL AIRPORT TX US,146.3,30.1831,-97.6799,20100812,84.3,2.8
GHCND:USW00013904,AUSTIN BERGSTROM INTERNATIONAL AIRPORT TX US,146.3,30.1831,-97.6799,20100813,84.2,2.9
GHCND:USW00013904,AUSTIN BERGSTROM INTERNATIONAL AIRPORT TX US,146.3,30.1831,-97.6799,20100814,84.2,2.9
GHCND:USW00013904,AUSTIN BERGSTROM INTERNATIONAL AIRPORT TX US,146.3,30.1831,-97.6799,20100815,84.1,2.9
GHCND:USW00013904,AUSTIN BERGSTROM INTERNATIONAL AIRPORT TX US,146.3,30.1831,-97.6799,20100816,84.1,3.0
GHCND:USW00013904,AUSTIN BERGSTROM INTERNATIONAL AIRPORT TX US,146.3,30.1831,-97.6799,20100817,84.0,3.0
GHCND:USW00013904,AUSTIN BERGSTROM INTERNATIONAL AIRPORT TX US,146.3,30.1831,-97.6799,20100818,83.9,3.0
GHCND:USW00013904,AUSTIN BERGSTROM INTERNATIONAL AIRPORT TX US,146.3,30.1831,-97.6799,20100819,83.8,3.1
GHCND:USW00013904,AUSTIN BERGSTROM INTERNATIONAL AIRPORT TX US,146.3,30.1831,-97.6799,20100820,83.7,3.1
GHCND:USW00013904,AUSTIN BERGSTROM INTERNATIONAL AIRPORT TX US,146.3,30.1831,-97.6799,20100821,83.5,3.2
GHCND:USW00013904,AUSTIN BERGSTROM INTERNATIONAL AIRPORT TX US,146.3,30.1831,-97.6799,20100822,83.4,3.2
GHCND:USW00013904,AUSTIN BERGSTROM INTERNATIONAL AIRPORT TX US,146.3,30.1831,-97.6799,20100823,83.3,3.3
GHCND:USW00013904,AUSTIN BERGSTROM INTERNATIONAL AIRPORT TX US,146.3,30.1831,-97.6799,20100824,83.1,3.3
GHCND:USW00013904,AUSTIN BERGSTROM INTERNATIONAL AIRPORT TX US,146.3,30.1831,-97.6799,20100825,83.0,3.3
GHCND:USW00013904,AUSTIN BERGSTROM INTERNATIONAL AIRPORT TX US,146.3,30.1831,-97.6799,20100826,82.8,3.4
GHCND:USW00013904,AUSTIN BERGSTROM INTERNATIONAL AIRPORT TX US,146.3,30.1831,-97.6799,20100827,82.6,3.4
GHCND:USW00013904,AUSTIN BERGSTROM INTERNATIONAL AIRPORT TX US,146.3,30.1831,-97.6799,20100828,82.5,3.5
GHCND:USW00013904,AUSTIN BERGSTROM INTERNATIONAL AIRPORT TX US,146.3,30.1831,-97.6799,20100829,82.3,3.5
GHCND:USW00013904,AUSTIN BERGSTROM INTERNATIONAL AIRPORT TX US,146.3,30.1831,-97.6799,20100830,82.1,3.5
GHCND:USW00013904,AUSTIN BERGSTROM INTERNATIONAL AIRPORT TX US,146.3,30.1831,-97.6799,20100831,81.9,3.6
GHCND:USW00013904,AUSTIN BERGSTROM INTERNATIONAL AIRPORT TX US,146.3,30.1831,-97.6799,20100901,81.6,3.6
GHCND:USW00013904,AUSTIN BERGSTROM INTERNATIONAL AIRPORT TX US,146.3,30.1831,-97.6799,20100902,81.4,3.7
GHCND:USW00013904,AUSTIN BERGSTROM INTERNATIONAL AIRPORT TX US,146.3,30.1831,-97.6799,20100903,81.2,3.8
GHCND:USW00013904,AUSTIN BERGSTROM INTERNATIONAL AIRPORT TX US,146.3,30.1831,-97.6799,20100904,81.0,3.8
GHCND:USW00013904,AUSTIN BERGSTROM INTERNATIONAL AIRPORT TX US,146.3,30.1831,-97.6799,20100905,80.7,3.9
GHCND:USW00013904,AUSTIN BERGSTROM INTERNATIONAL AIRPORT TX US,146.3,30.1831,-97.6799,20100906,80.5,4.0
GHCND:USW00013904,AUSTIN BERGSTROM INTERNATIONAL AIRPORT TX US,146.3,30.1831,-97.6799,20100907,80.2,4.1
GHCND:USW00013904,AUSTIN BERGSTROM INTERNATIONAL AIRPORT TX US,146.3,30.1831,-97.6799,20100908,80.0,4.2
GHCND:USW00013904,AUSTIN BERGSTROM INTERNATIONAL AIRPORT TX US,146.3,30.1831,-97.6799,20100909,79.7,4.3
GHCND:USW00013904,AUSTIN BERGSTROM INTERNATIONAL AIRPORT TX US,146.3,30.1831,-97.6799,20100910,79.4,4.4
GHCND:USW00013904,AUSTIN BERGSTROM INTERNATIONAL AIRPORT TX US,146.3,30.1831,-97.6799,20100911,79.2,4.5
GHCND:USW00013904,AUSTIN BERGSTROM INTERNATIONAL AIRPORT TX US,146.3,30.1831,-97.6799,20100912,78.9,4.6
GHCND:USW00013904,AUSTIN BERGSTROM INTERNATIONAL AIRPORT TX US,146.3,30.1831,-97.6799,20100913,78.6,4.7
GHCND:USW00013904,AUSTIN BERGSTROM INTERNATIONAL AIRPORT TX US,146.3,30.1831,-97.6799,20100914,78.3,4.8
GHCND:USW00013904,AUSTIN BERGSTROM INTERNATIONAL AIRPORT TX US,146.3,30.1831,-97.6799,20100915,78.1,4.9
GHCND:USW00013904,AUSTIN BERGSTROM INTERNATIONAL AIRPORT TX US,146.3,30.1831,-97.6799,20100916,77.8,5.0
GHCND:USW00013904,AUSTIN BERGSTROM INTERNATIONAL AIRPORT TX US,146.3,30.1831,-97.6799,20100917,77.5,5.1
GHCND:USW00013904,AUSTIN BERGSTROM INTERNATIONAL AIRPORT TX US,146.3,30.1831,-97.6799,20100918,77.2,5.2
GHCND:USW00013904,AUSTIN BERGSTROM INTERNATIONAL AIRPORT TX US,146.3,30.1831,-97.6799,20100919,76.9,5.3
GHCND:USW00013904,AUSTIN BERGSTROM INTERNATIONAL AIRPORT TX US,146.3,30.1831,-97.6799,20100920,76.6,5.4
GHCND:USW00013904,AUSTIN BERGSTROM INTERNATIONAL AIRPORT TX US,146.3,30.1831,-97.6799,20100921,76.4,5.5
GHCND:USW00013904,AUSTIN BERGSTROM INTERNATIONAL AIRPORT TX US,146.3,30.1831,-97.6799,20100922,76.1,5.6
GHCND:USW00013904,AUSTIN BERGSTROM INTERNATIONAL AIRPORT TX US,146.3,30.1831,-97.6799,20100923,75.8,5.7
GHCND:USW00013904,AUSTIN BERGSTROM INTERNATIONAL AIRPORT TX US,146.3,30.1831,-97.6799,20100924,75.5,5.8
GHCND:USW00013904,AUSTIN BERGSTROM INTERNATIONAL AIRPORT TX US,146.3,30.1831,-97.6799,20100925,75.2,5.9
GHCND:USW00013904,AUSTIN BERGSTROM INTERNATIONAL AIRPORT TX US,146.3,30.1831,-97.6799,20100926,74.9,6.0
GHCND:USW00013904,AUSTIN BERGSTROM INTERNATIONAL AIRPORT TX US,146.3,30.1831,-97.6799,20100927,74.6,6.1
GHCND:USW00013904,AUSTIN BERGSTROM INTERNATIONAL AIRPORT TX US,146.3,30.1831,-97.6799,20100928,74.4,6.2
GHCND:USW00013904,AUSTIN BERGSTROM INTERNATIONAL AIRPORT TX US,146.3,30.1831,-97.6799,20100929,74.1,6.3
GHCND:USW00013904,AUSTIN BERGSTROM INTERNATIONAL AIRPORT TX US,146.3,30.1831,-97.6799,20100930,73.8,6.4
GHCND:USW00013904,AUSTIN BERGSTROM INTERNATIONAL AIRPORT TX US,146.3,30.1831,-97.6799,20101001,73.5,6.5
GHCND:USW00013904,AUSTIN BERGSTROM INTERNATIONAL AIRPORT TX US,146.3,30.1831,-97.6799,20101002,73.2,6.5
GHCND:USW00013904,AUSTIN BERGSTROM INTERNATIONAL AIRPORT TX US,146.3,30.1831,-97.6799,20101003,72.9,6.6
GHCND:USW00013904,AUSTIN BERGSTROM INTERNATIONAL AIRPORT TX US,146.3,30.1831,-97.6799,20101004,72.6,6.6
GHCND:USW00013904,AUSTIN BERGSTROM INTERNATIONAL AIRPORT TX US,146.3,30.1831,-97.6799,20101005,72.4,6.7
GHCND:USW00013904,AUSTIN BERGSTROM INTERNATIONAL AIRPORT TX US,146.3,30.1831,-97.6799,20101006,72.1,6.7
GHCND:USW00013904,AUSTIN BERGSTROM INTERNATIONAL AIRPORT TX US,146.3,30.1831,-97.6799,20101007,71.8,6.7
GHCND:USW00013904,AUSTIN BERGSTROM INTERNATIONAL AIRPORT TX US,146.3,30.1831,-97.6799,20101008,71.5,6.8
GHCND:USW00013904,AUSTIN BERGSTROM INTERNATIONAL AIRPORT TX US,146.3,30.1831,-97.6799,20101009,71.2,6.8
GHCND:USW00013904,AUSTIN BERGSTROM INTERNATIONAL AIRPORT TX US,146.3,30.1831,-97.6799,20101010,70.9,6.9
GHCND:USW00013904,AUSTIN BERGSTROM INTERNATIONAL AIRPORT TX US,146.3,30.1831,-97.6799,20101011,70.6,6.9
GHCND:USW00013904,AUSTIN BERGSTROM INTERNATIONAL AIRPORT TX US,146.3,30.1831,-97.6799,20101012,70.4,7.0
GHCND:USW00013904,AUSTIN BERGSTROM INTERNATIONAL AIRPORT TX US,146.3,30.1831,-97.6799,20101013,70.1,7.0
GHCND:USW00013904,AUSTIN BERGSTROM INTERNATIONAL AIRPORT TX US,146.3,30.1831,-97.6799,20101014,69.8,7.0
GHCND:USW00013904,AUSTIN BERGSTROM INTERNATIONAL AIRPORT TX US,146.3,30.1831,-97.6799,20101015,69.5,7.1
GHCND:USW00013904,AUSTIN BERGSTROM INTERNATIONAL AIRPORT TX US,146.3,30.1831,-97.6799,20101016,69.2,7.1
GHCND:USW00013904,AUSTIN BERGSTROM INTERNATIONAL AIRPORT TX US,146.3,30.1831,-97.6799,20101017,68.9,7.1
GHCND:USW00013904,AUSTIN BERGSTROM INTERNATIONAL AIRPORT TX US,146.3,30.1831,-97.6799,20101018,68.6,7.1
GHCND:USW00013904,AUSTIN BERGSTROM INTERNATIONAL AIRPORT TX US,146.3,30.1831,-97.6799,20101019,68.2,7.2
GHCND:USW00013904,AUSTIN BERGSTROM INTERNATIONAL AIRPORT TX US,146.3,30.1831,-97.6799,20101020,67.9,7.2
GHCND:USW00013904,AUSTIN BERGSTROM INTERNATIONAL AIRPORT TX US,146.3,30.1831,-97.6799,20101021,67.6,7.2
GHCND:USW00013904,AUSTIN BERGSTROM INTERNATIONAL AIRPORT TX US,146.3,30.1831,-97.6799,20101022,67.3,7.3
GHCND:USW00013904,AUSTIN BERGSTROM INTERNATIONAL AIRPORT TX US,146.3,30.1831,-97.6799,20101023,67.0,7.3
GHCND:USW00013904,AUSTIN BERGSTROM INTERNATIONAL AIRPORT TX US,146.3,30.1831,-97.6799,20101024,66.6,7.3
GHCND:USW00013904,AUSTIN BERGSTROM INTERNATIONAL AIRPORT TX US,146.3,30.1831,-97.6799,20101025,66.3,7.4
GHCND:USW00013904,AUSTIN BERGSTROM INTERNATIONAL AIRPORT TX US,146.3,30.1831,-97.6799,20101026,66.0,7.4
GHCND:USW00013904,AUSTIN BERGSTROM INTERNATIONAL AIRPORT TX US,146.3,30.1831,-97.6799,20101027,65.6,7.5
GHCND:USW00013904,AUSTIN BERGSTROM INTERNATIONAL AIRPORT TX US,146.3,30.1831,-97.6799,20101028,65.3,7.5
GHCND:USW00013904,AUSTIN BERGSTROM INTERNATIONAL AIRPORT TX US,146.3,30.1831,-97.6799,20101029,64.9,7.6
GHCND:USW00013904,AUSTIN BERGSTROM INTERNATIONAL AIRPORT TX US,146.3,30.1831,-97.6799,20101030,64.6,7.6
GHCND:USW00013904,AUSTIN BERGSTROM INTERNATIONAL AIRPORT TX US,146.3,30.1831,-97.6799,20101031,64.2,7.7
GHCND:USW00013904,AUSTIN BERGSTROM INTERNATIONAL AIRPORT TX US,146.3,30.1831,-97.6799,20101101,63.8,7.7
GHCND:USW00013904,AUSTIN BERGSTROM INTERNATIONAL AIRPORT TX US,146.3,30.1831,-97.6799,20101102,63.5,7.8
GHCND:USW00013904,AUSTIN BERGSTROM INTERNATIONAL AIRPORT TX US,146.3,30.1831,-97.6799,20101103,63.1,7.9
GHCND:USW00013904,AUSTIN BERGSTROM INTERNATIONAL AIRPORT TX US,146.3,30.1831,-97.6799,20101104,62.7,7.9
GHCND:USW00013904,AUSTIN BERGSTROM INTERNATIONAL AIRPORT TX US,146.3,30.1831,-97.6799,20101105,62.4,8.0
GHCND:USW00013904,AUSTIN BERGSTROM INTERNATIONAL AIRPORT TX US,146.3,30.1831,-97.6799,20101106,62.0,8.0
GHCND:USW00013904,AUSTIN BERGSTROM INTERNATIONAL AIRPORT TX US,146.3,30.1831,-97.6799,20101107,61.6,8.1
GHCND:USW00013904,AUSTIN BERGSTROM INTERNATIONAL AIRPORT TX US,146.3,30.1831,-97.6799,20101108,61.2,8.1
GHCND:USW00013904,AUSTIN BERGSTROM INTERNATIONAL AIRPORT TX US,146.3,30.1831,-97.6799,20101109,60.8,8.2
GHCND:USW00013904,AUSTIN BERGSTROM INTERNATIONAL AIRPORT TX US,146.3,30.1831,-97.6799,20101110,60.5,8.2
GHCND:USW00013904,AUSTIN BERGSTROM INTERNATIONAL AIRPORT TX US,146.3,30.1831,-97.6799,20101111,60.1,8.3
GHCND:USW00013904,AUSTIN BERGSTROM INTERNATIONAL AIRPORT TX US,146.3,30.1831,-97.6799,20101112,59.7,8.3
GHCND:USW00013904,AUSTIN BERGSTROM INTERNATIONAL AIRPORT TX US,146.3,30.1831,-97.6799,20101113,59.3,8.4
GHCND:USW00013904,AUSTIN BERGSTROM INTERNATIONAL AIRPORT TX US,146.3,30.1831,-97.6799,20101114,58.9,8.5
GHCND:USW00013904,AUSTIN BERGSTROM INTERNATIONAL AIRPORT TX US,146.3,30.1831,-97.6799,20101115,58.5,8.5
GHCND:USW00013904,AUSTIN BERGSTROM INTERNATIONAL AIRPORT TX US,146.3,30.1831,-97.6799,20101116,58.2,8.6
GHCND:USW00013904,AUSTIN BERGSTROM INTERNATIONAL AIRPORT TX US,146.3,30.1831,-97.6799,20101117,57.8,8.7
GHCND:USW00013904,AUSTIN BERGSTROM INTERNATIONAL AIRPORT TX US,146.3,30.1831,-97.6799,20101118,57.4,8.8
GHCND:USW00013904,AUSTIN BERGSTROM INTERNATIONAL AIRPORT TX US,146.3,30.1831,-97.6799,20101119,57.1,8.8
GHCND:USW00013904,AUSTIN BERGSTROM INTERNATIONAL AIRPORT TX US,146.3,30.1831,-97.6799,20101120,56.7,8.9
GHCND:USW00013904,AUSTIN BERGSTROM INTERNATIONAL AIRPORT TX US,146.3,30.1831,-97.6799,20101121,56.3,8.9
GHCND:USW00013904,AUSTIN BERGSTROM INTERNATIONAL AIRPORT TX US,146.3,30.1831,-97.6799,20101122,56.0,9.0
GHCND:USW00013904,AUSTIN BERGSTROM INTERNATIONAL AIRPORT TX US,146.3,30.1831,-97.6799,20101123,55.6,9.0
GHCND:USW00013904,AUSTIN BERGSTROM INTERNATIONAL AIRPORT TX US,146.3,30.1831,-97.6799,20101124,55.3,9.0
GHCND:USW00013904,AUSTIN BERGSTROM INTERNATIONAL AIRPORT TX US,146.3,30.1831,-97.6799,20101125,55.0,9.1
GHCND:USW00013904,AUSTIN BERGSTROM INTERNATIONAL AIRPORT TX US,146.3,30.1831,-97.6799,20101126,54.6,9.1
GHCND:USW00013904,AUSTIN BERGSTROM INTERNATIONAL AIRPORT TX US,146.3,30.1831,-97.6799,20101127,54.3,9.1
GHCND:USW00013904,AUSTIN BERGSTROM INTERNATIONAL AIRPORT TX US,146.3,30.1831,-97.6799,20101128,54.0,9.1
GHCND:USW00013904,AUSTIN BERGSTROM INTERNATIONAL AIRPORT TX US,146.3,30.1831,-97.6799,20101129,53.7,9.1
GHCND:USW00013904,AUSTIN BERGSTROM INTERNATIONAL AIRPORT TX US,146.3,30.1831,-97.6799,20101130,53.4,9.1
GHCND:USW00013904,AUSTIN BERGSTROM INTERNATIONAL AIRPORT TX US,146.3,30.1831,-97.6799,20101201,53.1,9.1
GHCND:USW00013904,AUSTIN BERGSTROM INTERNATIONAL AIRPORT TX US,146.3,30.1831,-97.6799,20101202,52.8,9.1
GHCND:USW00013904,AUSTIN BERGSTROM INTERNATIONAL AIRPORT TX US,146.3,30.1831,-97.6799,20101203,52.6,9.1
GHCND:USW00013904,AUSTIN BERGSTROM INTERNATIONAL AIRPORT TX US,146.3,30.1831,-97.6799,20101204,52.3,9.0
GHCND:USW00013904,AUSTIN BERGSTROM INTERNATIONAL AIRPORT TX US,146.3,30.1831,-97.6799,20101205,52.1,9.0
GHCND:USW00013904,AUSTIN BERGSTROM INTERNATIONAL AIRPORT TX US,146.3,30.1831,-97.6799,20101206,51.8,9.0
GHCND:USW00013904,AUSTIN BERGSTROM INTERNATIONAL AIRPORT TX US,146.3,30.1831,-97.6799,20101207,51.6,9.0
GHCND:USW00013904,AUSTIN BERGSTROM INTERNATIONAL AIRPORT TX US,146.3,30.1831,-97.6799,20101208,51.4,9.0
GHCND:USW00013904,AUSTIN BERGSTROM INTERNATIONAL AIRPORT TX US,146.3,30.1831,-97.6799,20101209,51.2,9.0
GHCND:USW00013904,AUSTIN BERGSTROM INTERNATIONAL AIRPORT TX US,146.3,30.1831,-97.6799,20101210,51.0,8.9
GHCND:USW00013904,AUSTIN BERGSTROM INTERNATIONAL AIRPORT TX US,146.3,30.1831,-97.6799,20101211,50.8,8.9
GHCND:USW00013904,AUSTIN BERGSTROM INTERNATIONAL AIRPORT TX US,146.3,30.1831,-97.6799,20101212,50.6,8.9
GHCND:USW00013904,AUSTIN BERGSTROM INTERNATIONAL AIRPORT TX US,146.3,30.1831,-97.6799,20101213,50.5,8.9
GHCND:USW00013904,AUSTIN BERGSTROM INTERNATIONAL AIRPORT TX US,146.3,30.1831,-97.6799,20101214,50.3,8.9
GHCND:USW00013904,AUSTIN BERGSTROM INTERNATIONAL AIRPORT TX US,146.3,30.1831,-97.6799,20101215,50.2,9.0
GHCND:USW00013904,AUSTIN BERGSTROM INTERNATIONAL AIRPORT TX US,146.3,30.1831,-97.6799,20101216,50.0,9.0
GHCND:USW00013904,AUSTIN BERGSTROM INTERNATIONAL AIRPORT TX US,146.3,30.1831,-97.6799,20101217,49.9,9.0
GHCND:USW00013904,AUSTIN BERGSTROM INTERNATIONAL AIRPORT TX US,146.3,30.1831,-97.6799,20101218,49.8,9.0
GHCND:USW00013904,AUSTIN BERGSTROM INTERNATIONAL AIRPORT TX US,146.3,30.1831,-97.6799,20101219,49.7,9.0
GHCND:USW00013904,AUSTIN BERGSTROM INTERNATIONAL AIRPORT TX US,146.3,30.1831,-97.6799,20101220,49.6,9.1
GHCND:USW00013904,AUSTIN BERGSTROM INTERNATIONAL AIRPORT TX US,146.3,30.1831,-97.6799,20101221,49.5,9.1
GHCND:USW00013904,AUSTIN BERGSTROM INTERNATIONAL AIRPORT TX US,146.3,30.1831,-97.6799,20101222,49.4,9.2
GHCND:USW00013904,AUSTIN BERGSTROM INTERNATIONAL AIRPORT TX US,146.3,30.1831,-97.6799,20101223,49.3,9.2
GHCND:USW00013904,AUSTIN BERGSTROM INTERNATIONAL AIRPORT TX US,146.3,30.1831,-97.6799,20101224,49.3,9.3
GHCND:USW00013904,AUSTIN BERGSTROM INTERNATIONAL AIRPORT TX US,146.3,30.1831,-97.6799,20101225,49.2,9.3
GHCND:USW00013904,AUSTIN BERGSTROM INTERNATIONAL AIRPORT TX US,146.3,30.1831,-97.6799,20101226,49.2,9.3
GHCND:USW00013904,AUSTIN BERGSTROM INTERNATIONAL AIRPORT TX US,146.3,30.1831,-97.6799,20101227,49.1,9.4
GHCND:USW00013904,AUSTIN BERGSTROM INTERNATIONAL AIRPORT TX US,146.3,30.1831,-97.6799,20101228,49.1,9.4
GHCND:USW00013904,AUSTIN BERGSTROM INTERNATIONAL AIRPORT TX US,146.3,30.1831,-97.6799,20101229,49.0,9.5
GHCND:USW00013904,AUSTIN BERGSTROM INTERNATIONAL AIRPORT TX US,146.3,30.1831,-97.6799,20101230,49.0,9.5
GHCND:USW00013904,AUSTIN BERGSTROM INTERNATIONAL AIRPORT TX US,146.3,30.1831,-97.6799,20101231,49.0,9.5
GHCND:USW00012888,MIAMI KENDALL TAMIAMI EXEC AIRPORT FL US,3,25.6475,-80.43306,20100101,65.4,6.9
GHCND:USW00012888,MIAMI KENDALL TAMIAMI EXEC AIRPORT FL US,3,25.6475,-80.43306,20100102,65.3,6.9
GHCND:USW00012888,MIAMI KENDALL TAMIAMI EXEC AIRPORT FL US,3,25.6475,-80.43306,20100103,65.2,6.9
GHCND:USW00012888,MIAMI KENDALL TAMIAMI EXEC AIRPORT FL US,3,25.6475,-80.43306,20100104,65.1,6.9
GHCND:USW00012888,MIAMI KENDALL TAMIAMI EXEC AIRPORT FL US,3,25.6475,-80.43306,20100105,65.0,6.9
GHCND:USW00012888,MIAMI KENDALL TAMIAMI EXEC AIRPORT FL US,3,25.6475,-80.43306,20100106,64.9,6.9
GHCND:USW00012888,MIAMI KENDALL TAMIAMI EXEC AIRPORT FL US,3,25.6475,-80.43306,20100107,64.8,6.9
GHCND:USW00012888,MIAMI KENDALL TAMIAMI EXEC AIRPORT FL US,3,25.6475,-80.43306,20100108,64.8,7.0
GHCND:USW00012888,MIAMI KENDALL TAMIAMI EXEC AIRPORT FL US,3,25.6475,-80.43306,20100109,64.7,7.0
GHCND:USW00012888,MIAMI KENDALL TAMIAMI EXEC AIRPORT FL US,3,25.6475,-80.43306,20100110,64.7,7.0
GHCND:USW00012888,MIAMI KENDALL TAMIAMI EXEC AIRPORT FL US,3,25.6475,-80.43306,20100111,64.7,7.0
GHCND:USW00012888,MIAMI KENDALL TAMIAMI EXEC AIRPORT FL US,3,25.6475,-80.43306,20100112,64.7,7.0
GHCND:USW00012888,MIAMI KENDALL TAMIAMI EXEC AIRPORT FL US,3,25.6475,-80.43306,20100113,64.7,7.0
GHCND:USW00012888,MIAMI KENDALL TAMIAMI EXEC AIRPORT FL US,3,25.6475,-80.43306,20100114,64.7,7.0
GHCND:USW00012888,MIAMI KENDALL TAMIAMI EXEC AIRPORT FL US,3,25.6475,-80.43306,20100115,64.7,7.0
GHCND:USW00012888,MIAMI KENDALL TAMIAMI EXEC AIRPORT FL US,3,25.6475,-80.43306,20100116,64.8,7.0
GHCND:USW00012888,MIAMI KENDALL TAMIAMI EXEC AIRPORT FL US,3,25.6475,-80.43306,20100117,64.8,6.9
GHCND:USW00012888,MIAMI KENDALL TAMIAMI EXEC AIRPORT FL US,3,25.6475,-80.43306,20100118,64.9,6.9
GHCND:USW00012888,MIAMI KENDALL TAMIAMI EXEC AIRPORT FL US,3,25.6475,-80.43306,20100119,64.9,6.8
GHCND:USW00012888,MIAMI KENDALL TAMIAMI EXEC AIRPORT FL US,3,25.6475,-80.43306,20100120,65.0,6.7
GHCND:USW00012888,MIAMI KENDALL TAMIAMI EXEC AIRPORT FL US,3,25.6475,-80.43306,20100121,65.1,6.7
GHCND:USW00012888,MIAMI KENDALL TAMIAMI EXEC AIRPORT FL US,3,25.6475,-80.43306,20100122,65.2,6.6
GHCND:USW00012888,MIAMI KENDALL TAMIAMI EXEC AIRPORT FL US,3,25.6475,-80.43306,20100123,65.3,6.6
GHCND:USW00012888,MIAMI KENDALL TAMIAMI EXEC AIRPORT FL US,3,25.6475,-80.43306,20100124,65.5,6.6
GHCND:USW00012888,MIAMI KENDALL TAMIAMI EXEC AIRPORT FL US,3,25.6475,-80.43306,20100125,65.6,6.5
GHCND:USW00012888,MIAMI KENDALL TAMIAMI EXEC AIRPORT FL US,3,25.6475,-80.43306,20100126,65.7,6.5
GHCND:USW00012888,MIAMI KENDALL TAMIAMI EXEC AIRPORT FL US,3,25.6475,-80.43306,20100127,65.9,6.5
GHCND:USW00012888,MIAMI KENDALL TAMIAMI EXEC AIRPORT FL US,3,25.6475,-80.43306,20100128,66.0,6.5
GHCND:USW00012888,MIAMI KENDALL TAMIAMI EXEC AIRPORT FL US,3,25.6475,-80.43306,20100129,66.2,6.5
GHCND:USW00012888,MIAMI KENDALL TAMIAMI EXEC AIRPORT FL US,3,25.6475,-80.43306,20100130,66.3,6.5
GHCND:USW00012888,MIAMI KENDALL TAMIAMI EXEC AIRPORT FL US,3,25.6475,-80.43306,20100131,66.5,6.4
GHCND:USW00012888,MIAMI KENDALL TAMIAMI EXEC AIRPORT FL US,3,25.6475,-80.43306,20100201,66.6,6.4
GHCND:USW00012888,MIAMI KENDALL TAMIAMI EXEC AIRPORT FL US,3,25.6475,-80.43306,20100202,66.8,6.4
GHCND:USW00012888,MIAMI KENDALL TAMIAMI EXEC AIRPORT FL US,3,25.6475,-80.43306,20100203,66.9,6.3
GHCND:USW00012888,MIAMI KENDALL TAMIAMI EXEC AIRPORT FL US,3,25.6475,-80.43306,20100204,67.1,6.3
GHCND:USW00012888,MIAMI KENDALL TAMIAMI EXEC AIRPORT FL US,3,25.6475,-80.43306,20100205,67.2,6.2
GHCND:USW00012888,MIAMI KENDALL TAMIAMI EXEC AIRPORT FL US,3,25.6475,-80.43306,20100206,67.4,6.2
GHCND:USW00012888,MIAMI KENDALL TAMIAMI EXEC AIRPORT FL US,3,25.6475,-80.43306,20100207,67.5,6.2
GHCND:USW00012888,MIAMI KENDALL TAMIAMI EXEC AIRPORT FL US,3,25.6475,-80.43306,20100208,67.7,6.1
GHCND:USW00012888,MIAMI KENDALL TAMIAMI EXEC AIRPORT FL US,3,25.6475,-80.43306,20100209,67.8,6.1
GHCND:USW00012888,MIAMI KENDALL TAMIAMI EXEC AIRPORT FL US,3,25.6475,-80.43306,20100210,68.0,6.1
GHCND:USW00012888,MIAMI KENDALL TAMIAMI EXEC AIRPORT FL US,3,25.6475,-80.43306,20100211,68.1,6.0
GHCND:USW00012888,MIAMI KENDALL TAMIAMI EXEC AIRPORT FL US,3,25.6475,-80.43306,20100212,68.2,6.0
GHCND:USW00012888,MIAMI KENDALL TAMIAMI EXEC AIRPORT FL US,3,25.6475,-80.43306,20100213,68.3,6.0
GHCND:USW00012888,MIAMI KENDALL TAMIAMI EXEC AIRPORT FL US,3,25.6475,-80.43306,20100214,68.4,6.0
GHCND:USW00012888,MIAMI KENDALL TAMIAMI EXEC AIRPORT FL US,3,25.6475,-80.43306,20100215,68.5,6.0
GHCND:USW00012888,MIAMI KENDALL TAMIAMI EXEC AIRPORT FL US,3,25.6475,-80.43306,20100216,68.6,6.1
GHCND:USW00012888,MIAMI KENDALL TAMIAMI EXEC AIRPORT FL US,3,25.6475,-80.43306,20100217,68.7,6.1
GHCND:USW00012888,MIAMI KENDALL TAMIAMI EXEC AIRPORT FL US,3,25.6475,-80.43306,20100218,68.8,6.1
GHCND:USW00012888,MIAMI KENDALL TAMIAMI EXEC AIRPORT FL US,3,25.6475,-80.43306,20100219,68.9,6.1
GHCND:USW00012888,MIAMI KENDALL TAMIAMI EXEC AIRPORT FL US,3,25.6475,-80.43306,20100220,69.0,6.2
GHCND:USW00012888,MIAMI KENDALL TAMIAMI EXEC AIRPORT FL US,3,25.6475,-80.43306,20100221,69.0,6.2
GHCND:USW00012888,MIAMI KENDALL TAMIAMI EXEC AIRPORT FL US,3,25.6475,-80.43306,20100222,69.1,6.2
GHCND:USW00012888,MIAMI KENDALL TAMIAMI EXEC AIRPORT FL US,3,25.6475,-80.43306,20100223,69.1,6.1
GHCND:USW00012888,MIAMI KENDALL TAMIAMI EXEC AIRPORT FL US,3,25.6475,-80.43306,20100224,69.2,6.1
GHCND:USW00012888,MIAMI KENDALL TAMIAMI EXEC AIRPORT FL US,3,25.6475,-80.43306,20100225,69.2,6.1
GHCND:USW00012888,MIAMI KENDALL TAMIAMI EXEC AIRPORT FL US,3,25.6475,-80.43306,20100226,69.3,6.1
GHCND:USW00012888,MIAMI KENDALL TAMIAMI EXEC AIRPORT FL US,3,25.6475,-80.43306,20100227,69.3,6.0
GHCND:USW00012888,MIAMI KENDALL TAMIAMI EXEC AIRPORT FL US,3,25.6475,-80.43306,20100228,69.3,6.0
GHCND:USW00012888,MIAMI KENDALL TAMIAMI EXEC AIRPORT FL US,3,25.6475,-80.43306,20100301,69.4,5.9
GHCND:USW00012888,MIAMI KENDALL TAMIAMI EXEC AIRPORT FL US,3,25.6475,-80.43306,20100302,69.4,5.9
GHCND:USW00012888,MIAMI KENDALL TAMIAMI EXEC AIRPORT FL US,3,25.6475,-80.43306,20100303,69.4,5.8
GHCND:USW00012888,MIAMI KENDALL TAMIAMI EXEC AIRPORT FL US,3,25.6475,-80.43306,20100304,69.4,5.8
GHCND:USW00012888,MIAMI KENDALL TAMIAMI EXEC AIRPORT FL US,3,25.6475,-80.43306,20100305,69.5,5.8
GHCND:USW00012888,MIAMI KENDALL TAMIAMI EXEC AIRPORT FL US,3,25.6475,-80.43306,20100306,69.5,5.7
GHCND:USW00012888,MIAMI KENDALL TAMIAMI EXEC AIRPORT FL US,3,25.6475,-80.43306,20100307,69.5,5.7
GHCND:USW00012888,MIAMI KENDALL TAMIAMI EXEC AIRPORT FL US,3,25.6475,-80.43306,20100308,69.5,5.6
GHCND:USW00012888,MIAMI KENDALL TAMIAMI EXEC AIRPORT FL US,3,25.6475,-80.43306,20100309,69.5,5.6
GHCND:USW00012888,MIAMI KENDALL TAMIAMI EXEC AIRPORT FL US,3,25.6475,-80.43306,20100310,69.6,5.6
GHCND:USW00012888,MIAMI KENDALL TAMIAMI EXEC AIRPORT FL US,3,25.6475,-80.43306,20100311,69.6,5.5
GHCND:USW00012888,MIAMI KENDALL TAMIAMI EXEC AIRPORT FL US,3,25.6475,-80.43306,20100312,69.6,5.5
GHCND:USW00012888,MIAMI KENDALL TAMIAMI EXEC AIRPORT FL US,3,25.6475,-80.43306,20100313,69.7,5.4
GHCND:USW00012888,MIAMI KENDALL TAMIAMI EXEC AIRPORT FL US,3,25.6475,-80.43306,20100314,69.7,5.4
GHCND:USW00012888,MIAMI KENDALL TAMIAMI EXEC AIRPORT FL US,3,25.6475,-80.43306,20100315,69.7,5.3
GHCND:USW00012888,MIAMI KENDALL TAMIAMI EXEC AIRPORT FL US,3,25.6475,-80.43306,20100316,69.8,5.3
GHCND:USW00012888,MIAMI KENDALL TAMIAMI EXEC AIRPORT FL US,3,25.6475,-80.43306,20100317,69.8,5.2
GHCND:USW00012888,MIAMI KENDALL TAMIAMI EXEC AIRPORT FL US,3,25.6475,-80.43306,20100318,69.9,5.2
GHCND:USW00012888,MIAMI KENDALL TAMIAMI EXEC AIRPORT FL US,3,25.6475,-80.43306,20100319,69.9,5.1
GHCND:USW00012888,MIAMI KENDALL TAMIAMI EXEC AIRPORT FL US,3,25.6475,-80.43306,20100320,70.0,5.1
GHCND:USW00012888,MIAMI KENDALL TAMIAMI EXEC AIRPORT FL US,3,25.6475,-80.43306,20100321,70.0,5.0
GHCND:USW00012888,MIAMI KENDALL TAMIAMI EXEC AIRPORT FL US,3,25.6475,-80.43306,20100322,70.1,5.0
GHCND:USW00012888,MIAMI KENDALL TAMIAMI EXEC AIRPORT FL US,3,25.6475,-80.43306,20100323,70.2,4.9
GHCND:USW00012888,MIAMI KENDALL TAMIAMI EXEC AIRPORT FL US,3,25.6475,-80.43306,20100324,70.2,4.9
GHCND:USW00012888,MIAMI KENDALL TAMIAMI EXEC AIRPORT FL US,3,25.6475,-80.43306,20100325,70.3,4.9
GHCND:USW00012888,MIAMI KENDALL TAMIAMI EXEC AIRPORT FL US,3,25.6475,-80.43306,20100326,70.4,4.8
GHCND:USW00012888,MIAMI KENDALL TAMIAMI EXEC AIRPORT FL US,3,25.6475,-80.43306,20100327,70.5,4.8
GHCND:USW00012888,MIAMI KENDALL TAMIAMI EXEC AIRPORT FL US,3,25.6475,-80.43306,20100328,70.6,4.8
GHCND:USW00012888,MIAMI KENDALL TAMIAMI EXEC AIRPORT FL US,3,25.6475,-80.43306,20100329,70.7,4.8
GHCND:USW00012888,MIAMI KENDALL TAMIAMI EXEC AIRPORT FL US,3,25.6475,-80.43306,20100330,70.8,4.8
GHCND:USW00012888,MIAMI KENDALL TAMIAMI EXEC AIRPORT FL US,3,25.6475,-80.43306,20100331,70.9,4.8
GHCND:USW00012888,MIAMI KENDALL TAMIAMI EXEC AIRPORT FL US,3,25.6475,-80.43306,20100401,71.0,4.8
GHCND:USW00012888,MIAMI KENDALL TAMIAMI EXEC AIRPORT FL US,3,25.6475,-80.43306,20100402,71.1,4.7
GHCND:USW00012888,MIAMI KENDALL TAMIAMI EXEC AIRPORT FL US,3,25.6475,-80.43306,20100403,71.2,4.7
GHCND:USW00012888,MIAMI KENDALL TAMIAMI EXEC AIRPORT FL US,3,25.6475,-80.43306,20100404,71.3,4.7
GHCND:USW00012888,MIAMI KENDALL TAMIAMI EXEC AIRPORT FL US,3,25.6475,-80.43306,20100405,71.4,4.7
GHCND:USW00012888,MIAMI KENDALL TAMIAMI EXEC AIRPORT FL US,3,25.6475,-80.43306,20100406,71.5,4.6
GHCND:USW00012888,MIAMI KENDALL TAMIAMI EXEC AIRPORT FL US,3,25.6475,-80.43306,20100407,71.6,4.6
GHCND:USW00012888,MIAMI KENDALL TAMIAMI EXEC AIRPORT FL US,3,25.6475,-80.43306,20100408,71.7,4.6
GHCND:USW00012888,MIAMI KENDALL TAMIAMI EXEC AIRPORT FL US,3,25.6475,-80.43306,20100409,71.9,4.5
GHCND:USW00012888,MIAMI KENDALL TAMIAMI EXEC AIRPORT FL US,3,25.6475,-80.43306,20100410,72.0,4.4
GHCND:USW00012888,MIAMI KENDALL TAMIAMI EXEC AIRPORT FL US,3,25.6475,-80.43306,20100411,72.1,4.4
GHCND:USW00012888,MIAMI KENDALL TAMIAMI EXEC AIRPORT FL US,3,25.6475,-80.43306,20100412,72.2,4.3
GHCND:USW00012888,MIAMI KENDALL TAMIAMI EXEC AIRPORT FL US,3,25.6475,-80.43306,20100413,72.4,4.3
GHCND:USW00012888,MIAMI KENDALL TAMIAMI EXEC AIRPORT FL US,3,25.6475,-80.43306,20100414,72.5,4.2
GHCND:USW00012888,MIAMI KENDALL TAMIAMI EXEC AIRPORT FL US,3,25.6475,-80.43306,20100415,72.6,4.2
GHCND:USW00012888,MIAMI KENDALL TAMIAMI EXEC AIRPORT FL US,3,25.6475,-80.43306,20100416,72.7,4.1
GHCND:USW00012888,MIAMI KENDALL TAMIAMI EXEC AIRPORT FL US,3,25.6475,-80.43306,20100417,72.9,4.0
GHCND:USW00012888,MIAMI KENDALL TAMIAMI EXEC AIRPORT FL US,3,25.6475,-80.43306,20100418,73.0,4.0
GHCND:USW00012888,MIAMI KENDALL TAMIAMI EXEC AIRPORT FL US,3,25.6475,-80.43306,20100419,73.1,3.9
GHCND:USW00012888,MIAMI KENDALL TAMIAMI EXEC AIRPORT FL US,3,25.6475,-80.43306,20100420,73.2,3.9
GHCND:USW00012888,MIAMI KENDALL TAMIAMI EXEC AIRPORT FL US,3,25.6475,-80.43306,20100421,73.4,3.9
GHCND:USW00012888,MIAMI KENDALL TAMIAMI EXEC AIRPORT FL US,3,25.6475,-80.43306,20100422,73.5,3.8
GHCND:USW00012888,MIAMI KENDALL TAMIAMI EXEC AIRPORT FL US,3,25.6475,-80.43306,20100423,73.6,3.8
GHCND:USW00012888,MIAMI KENDALL TAMIAMI EXEC AIRPORT FL US,3,25.6475,-80.43306,20100424,73.8,3.7
GHCND:USW00012888,MIAMI KENDALL TAMIAMI EXEC AIRPORT FL US,3,25.6475,-80.43306,20100425,73.9,3.7
GHCND:USW00012888,MIAMI KENDALL TAMIAMI EXEC AIRPORT FL US,3,25.6475,-80.43306,20100426,74.0,3.7
GHCND:USW00012888,MIAMI KENDALL TAMIAMI EXEC AIRPORT FL US,3,25.6475,-80.43306,20100427,74.2,3.6
GHCND:USW00012888,MIAMI KENDALL TAMIAMI EXEC AIRPORT FL US,3,25.6475,-80.43306,20100428,74.3,3.6
GHCND:USW00012888,MIAMI KENDALL TAMIAMI EXEC AIRPORT FL US,3,25.6475,-80.43306,20100429,74.4,3.5
GHCND:USW00012888,MIAMI KENDALL TAMIAMI EXEC AIRPORT FL US,3,25.6475,-80.43306,20100430,74.6,3.5
GHCND:USW00012888,MIAMI KENDALL TAMIAMI EXEC AIRPORT FL US,3,25.6475,-80.43306,20100501,74.7,3.5
GHCND:USW00012888,MIAMI KENDALL TAMIAMI EXEC AIRPORT FL US,3,25.6475,-80.43306,20100502,74.9,3.4
GHCND:USW00012888,MIAMI KENDALL TAMIAMI EXEC AIRPORT FL US,3,25.6475,-80.43306,20100503,75.0,3.4
GHCND:USW00012888,MIAMI KENDALL TAMIAMI EXEC AIRPORT FL US,3,25.6475,-80.43306,20100504,75.2,3.3
GHCND:USW00012888,MIAMI KENDALL TAMIAMI EXEC AIRPORT FL US,3,25.6475,-80.43306,20100505,75.3,3.3
GHCND:USW00012888,MIAMI KENDALL TAMIAMI EXEC AIRPORT FL US,3,25.6475,-80.43306,20100506,75.5,3.2
GHCND:USW00012888,MIAMI KENDALL TAMIAMI EXEC AIRPORT FL US,3,25.6475,-80.43306,20100507,75.6,3.2
GHCND:USW00012888,MIAMI KENDALL TAMIAMI EXEC AIRPORT FL US,3,25.6475,-80.43306,20100508,75.8,3.2
GHCND:USW00012888,MIAMI KENDALL TAMIAMI EXEC AIRPORT FL US,3,25.6475,-80.43306,20100509,76.0,3.1
GHCND:USW00012888,MIAMI KENDALL TAMIAMI EXEC AIRPORT FL US,3,25.6475,-80.43306,20100510,76.1,3.1
GHCND:USW00012888,MIAMI KENDALL TAMIAMI EXEC AIRPORT FL US,3,25.6475,-80.43306,20100511,76.3,3.1
GHCND:USW00012888,MIAMI KENDALL TAMIAMI EXEC AIRPORT FL US,3,25.6475,-80.43306,20100512,76.5,3.0
GHCND:USW00012888,MIAMI KENDALL TAMIAMI EXEC AIRPORT FL US,3,25.6475,-80.43306,20100513,76.6,3.0
GHCND:USW00012888,MIAMI KENDALL TAMIAMI EXEC AIRPORT FL US,3,25.6475,-80.43306,20100514,76.8,2.9
GHCND:USW00012888,MIAMI KENDALL TAMIAMI EXEC AIRPORT FL US,3,25.6475,-80.43306,20100515,77.0,2.9
GHCND:USW00012888,MIAMI KENDALL TAMIAMI EXEC AIRPORT FL US,3,25.6475,-80.43306,20100516,77.1,2.9
GHCND:USW00012888,MIAMI KENDALL TAMIAMI EXEC AIRPORT FL US,3,25.6475,-80.43306,20100517,77.3,2.8
GHCND:USW00012888,MIAMI KENDALL TAMIAMI EXEC AIRPORT FL US,3,25.6475,-80.43306,20100518,77.5,2.8
GHCND:USW00012888,MIAMI KENDALL TAMIAMI EXEC AIRPORT FL US,3,25.6475,-80.43306,20100519,77.7,2.7
GHCND:USW00012888,MIAMI KENDALL TAMIAMI EXEC AIRPORT FL US,3,25.6475,-80.43306,20100520,77.8,2.7
GHCND:USW00012888,MIAMI KENDALL TAMIAMI EXEC AIRPORT FL US,3,25.6475,-80.43306,20100521,78.0,2.6
GHCND:USW00012888,MIAMI KENDALL TAMIAMI EXEC AIRPORT FL US,3,25.6475,-80.43306,20100522,78.2,2.6
GHCND:USW00012888,MIAMI KENDALL TAMIAMI EXEC AIRPORT FL US,3,25.6475,-80.43306,20100523,78.3,2.5
GHCND:USW00012888,MIAMI KENDALL TAMIAMI EXEC AIRPORT FL US,3,25.6475,-80.43306,20100524,78.5,2.5
GHCND:USW00012888,MIAMI KENDALL TAMIAMI EXEC AIRPORT FL US,3,25.6475,-80.43306,20100525,78.7,2.4
GHCND:USW00012888,MIAMI KENDALL TAMIAMI EXEC AIRPORT FL US,3,25.6475,-80.43306,20100526,78.8,2.4
GHCND:USW00012888,MIAMI KENDALL TAMIAMI EXEC AIRPORT FL US,3,25.6475,-80.43306,20100527,79.0,2.3
GHCND:USW00012888,MIAMI KENDALL TAMIAMI EXEC AIRPORT FL US,3,25.6475,-80.43306,20100528,79.2,2.3
GHCND:USW00012888,MIAMI KENDALL TAMIAMI EXEC AIRPORT FL US,3,25.6475,-80.43306,20100529,79.3,2.3
GHCND:USW00012888,MIAMI KENDALL TAMIAMI EXEC AIRPORT FL US,3,25.6475,-80.43306,20100530,79.5,2.2
GHCND:USW00012888,MIAMI KENDALL TAMIAMI EXEC AIRPORT FL US,3,25.6475,-80.43306,20100531,79.6,2.2
GHCND:USW00012888,MIAMI KENDALL TAMIAMI EXEC AIRPORT FL US,3,25.6475,-80.43306,20100601,79.7,2.2
GHCND:USW00012888,MIAMI KENDALL TAMIAMI EXEC AIRPORT FL US,3,25.6475,-80.43306,20100602,79.9,2.2
GHCND:USW00012888,MIAMI KENDALL TAMIAMI EXEC AIRPORT FL US,3,25.6475,-80.43306,20100603,80.0,2.2
GHCND:USW00012888,MIAMI KENDALL TAMIAMI EXEC AIRPORT FL US,3,25.6475,-80.43306,20100604,80.1,2.2
GHCND:USW00012888,MIAMI KENDALL TAMIAMI EXEC AIRPORT FL US,3,25.6475,-80.43306,20100605,80.2,2.2
GHCND:USW00012888,MIAMI KENDALL TAMIAMI EXEC AIRPORT FL US,3,25.6475,-80.43306,20100606,80.3,2.2
GHCND:USW00012888,MIAMI KENDALL TAMIAMI EXEC AIRPORT FL US,3,25.6475,-80.43306,20100607,80.4,2.2
GHCND:USW00012888,MIAMI KENDALL TAMIAMI EXEC AIRPORT FL US,3,25.6475,-80.43306,20100608,80.5,2.2
GHCND:USW00012888,MIAMI KENDALL TAMIAMI EXEC AIRPORT FL US,3,25.6475,-80.43306,20100609,80.6,2.2
GHCND:USW00012888,MIAMI KENDALL TAMIAMI EXEC AIRPORT FL US,3,25.6475,-80.43306,20100610,80.7,2.2
GHCND:USW00012888,MIAMI KENDALL TAMIAMI EXEC AIRPORT FL US,3,25.6475,-80.43306,20100611,80.8,2.3
GHCND:USW00012888,MIAMI KENDALL TAMIAMI EXEC AIRPORT FL US,3,25.6475,-80.43306,20100612,80.9,2.3
GHCND:USW00012888,MIAMI KENDALL TAMIAMI EXEC AIRPORT FL US,3,25.6475,-80.43306,20100613,80.9,2.3
GHCND:USW00012888,MIAMI KENDALL TAMIAMI EXEC AIRPORT FL US,3,25.6475,-80.43306,20100614,81.0,2.3
GHCND:USW00012888,MIAMI KENDALL TAMIAMI EXEC AIRPORT FL US,3,25.6475,-80.43306,20100615,81.1,2.3
GHCND:USW00012888,MIAMI KENDALL TAMIAMI EXEC AIRPORT FL US,3,25.6475,-80.43306,20100616,81.1,2.3
GHCND:USW00012888,MIAMI KENDALL TAMIAMI EXEC AIRPORT FL US,3,25.6475,-80.43306,20100617,81.1,2.3
GHCND:USW00012888,MIAMI KENDALL TAMIAMI EXEC AIRPORT FL US,3,25.6475,-80.43306,20100618,81.2,2.3
GHCND:USW00012888,MIAMI KENDALL TAMIAMI EXEC AIRPORT FL US,3,25.6475,-80.43306,20100619,81.2,2.3
GHCND:USW00012888,MIAMI KENDALL TAMIAMI EXEC AIRPORT FL US,3,25.6475,-80.43306,20100620,81.3,2.3
GHCND:USW00012888,MIAMI KENDALL TAMIAMI EXEC AIRPORT FL US,3,25.6475,-80.43306,20100621,81.3,2.3
GHCND:USW00012888,MIAMI KENDALL TAMIAMI EXEC AIRPORT FL US,3,25.6475,-80.43306,20100622,81.3,2.4
GHCND:USW00012888,MIAMI KENDALL TAMIAMI EXEC AIRPORT FL US,3,25.6475,-80.43306,20100623,81.3,2.3
GHCND:USW00012888,MIAMI KENDALL TAMIAMI EXEC AIRPORT FL US,3,25.6475,-80.43306,20100624,81.4,2.3
GHCND:USW00012888,MIAMI KENDALL TAMIAMI EXEC AIRPORT FL US,3,25.6475,-80.43306,20100625,81.4,2.3
GHCND:USW00012888,MIAMI KENDALL TAMIAMI EXEC AIRPORT FL US,3,25.6475,-80.43306,20100626,81.4,2.3
GHCND:USW00012888,MIAMI KENDALL TAMIAMI EXEC AIRPORT FL US,3,25.6475,-80.43306,20100627,81.4,2.3
GHCND:USW00012888,MIAMI KENDALL TAMIAMI EXEC AIRPORT FL US,3,25.6475,-80.43306,20100628,81.4,2.3
GHCND:USW00012888,MIAMI KENDALL TAMIAMI EXEC AIRPORT FL US,3,25.6475,-80.43306,20100629,81.4,2.3
GHCND:USW00012888,MIAMI KENDALL TAMIAMI EXEC AIRPORT FL US,3,25.6475,-80.43306,20100630,81.5,2.3
GHCND:USW00012888,MIAMI KENDALL TAMIAMI EXEC AIRPORT FL US,3,25.6475,-80.43306,20100701,81.5,2.3
GHCND:USW00012888,MIAMI KENDALL TAMIAMI EXEC AIRPORT FL US,3,25.6475,-80.43306,20100702,81.5,2.3
GHCND:USW00012888,MIAMI KENDALL TAMIAMI EXEC AIRPORT FL US,3,25.6475,-80.43306,20100703,81.5,2.2
GHCND:USW00012888,MIAMI KENDALL TAMIAMI EXEC AIRPORT FL US,3,25.6475,-80.43306,20100704,81.5,2.2
GHCND:USW00012888,MIAMI KENDALL TAMIAMI EXEC AIRPORT FL US,3,25.6475,-80.43306,20100705,81.6,2.2
GHCND:USW00012888,MIAMI KENDALL TAMIAMI EXEC AIRPORT FL US,3,25.6475,-80.43306,20100706,81.6,2.2
GHCND:USW00012888,MIAMI KENDALL TAMIAMI EXEC AIRPORT FL US,3,25.6475,-80.43306,20100707,81.6,2.1
GHCND:USW00012888,MIAMI KENDALL TAMIAMI EXEC AIRPORT FL US,3,25.6475,-80.43306,20100708,81.7,2.1
GHCND:USW00012888,MIAMI KENDALL TAMIAMI EXEC AIRPORT FL US,3,25.6475,-80.43306,20100709,81.7,2.1
GHCND:USW00012888,MIAMI KENDALL TAMIAMI EXEC AIRPORT FL US,3,25.6475,-80.43306,20100710,81.7,2.1
GHCND:USW00012888,MIAMI KENDALL TAMIAMI EXEC AIRPORT FL US,3,25.6475,-80.43306,20100711,81.8,2.0
GHCND:USW00012888,MIAMI KENDALL TAMIAMI EXEC AIRPORT FL US,3,25.6475,-80.43306,20100712,81.8,2.0
GHCND:USW00012888,MIAMI KENDALL TAMIAMI EXEC AIRPORT FL US,3,25.6475,-80.43306,20100713,81.9,2.0
GHCND:USW00012888,MIAMI KENDALL TAMIAMI EXEC AIRPORT FL US,3,25.6475,-80.43306,20100714,81.9,2.0
GHCND:USW00012888,MIAMI KENDALL TAMIAMI EXEC AIRPORT FL US,3,25.6475,-80.43306,20100715,81.9,2.0
GHCND:USW00012888,MIAMI KENDALL TAMIAMI EXEC AIRPORT FL US,3,25.6475,-80.43306,20100716,82.0,2.0
GHCND:USW00012888,MIAMI KENDALL TAMIAMI EXEC AIRPORT FL US,3,25.6475,-80.43306,20100717,82.1,2.0
GHCND:USW00012888,MIAMI KENDALL TAMIAMI EXEC AIRPORT FL US,3,25.6475,-80.43306,20100718,82.1,1.9
GHCND:USW00012888,MIAMI KENDALL TAMIAMI EXEC AIRPORT FL US,3,25.6475,-80.43306,20100719,82.2,1.9
GHCND:USW00012888,MIAMI KENDALL TAMIAMI EXEC AIRPORT FL US,3,25.6475,-80.43306,20100720,82.2,1.9
GHCND:USW00012888,MIAMI KENDALL TAMIAMI EXEC AIRPORT FL US,3,25.6475,-80.43306,20100721,82.3,1.9
GHCND:USW00012888,MIAMI KENDALL TAMIAMI EXEC AIRPORT FL US,3,25.6475,-80.43306,20100722,82.3,1.9
GHCND:USW00012888,MIAMI KENDALL TAMIAMI EXEC AIRPORT FL US,3,25.6475,-80.43306,20100723,82.4,1.9
GHCND:USW00012888,MIAMI KENDALL TAMIAMI EXEC AIRPORT FL US,3,25.6475,-80.43306,20100724,82.4,1.9
GHCND:USW00012888,MIAMI KENDALL TAMIAMI EXEC AIRPORT FL US,3,25.6475,-80.43306,20100725,82.5,1.9
GHCND:USW00012888,MIAMI KENDALL TAMIAMI EXEC AIRPORT FL US,3,25.6475,-80.43306,20100726,82.5,1.9
GHCND:USW00012888,MIAMI KENDALL TAMIAMI EXEC AIRPORT FL US,3,25.6475,-80.43306,20100727,82.6,1.9
GHCND:USW00012888,MIAMI KENDALL TAMIAMI EXEC AIRPORT FL US,3,25.6475,-80.43306,20100728,82.6,1.8
GHCND:USW00012888,MIAMI KENDALL TAMIAMI EXEC AIRPORT FL US,3,25.6475,-80.43306,20100729,82.7,1.8
GHCND:USW00012888,MIAMI KENDALL TAMIAMI EXEC AIRPORT FL US,3,25.6475,-80.43306,20100730,82.7,1.8
GHCND:USW00012888,MIAMI KENDALL TAMIAMI EXEC AIRPORT FL US,3,25.6475,-80.43306,20100731,82.8,1.8
GHCND:USW00012888,MIAMI KENDALL TAMIAMI EXEC AIRPORT FL US,3,25.6475,-80.43306,20100801,82.8,1.8
GHCND:USW00012888,MIAMI KENDALL TAMIAMI EXEC AIRPORT FL US,3,25.6475,-80.43306,20100802,82.8,1.8
GHCND:USW00012888,MIAMI KENDALL TAMIAMI EXEC AIRPORT FL US,3,25.6475,-80.43306,20100803,82.8,1.8
GHCND:USW00012888,MIAMI KENDALL TAMIAMI EXEC AIRPORT FL US,3,25.6475,-80.43306,20100804,82.9,1.8
GHCND:USW00012888,MIAMI KENDALL TAMIAMI EXEC AIRPORT FL US,3,25.6475,-80.43306,20100805,82.9,1.8
GHCND:USW00012888,MIAMI KENDALL TAMIAMI EXEC AIRPORT FL US,3,25.6475,-80.43306,20100806,82.9,1.8
GHCND:USW00012888,MIAMI KENDALL TAMIAMI EXEC AIRPORT FL US,3,25.6475,-80.43306,20100807,82.9,1.8
GHCND:USW00012888,MIAMI KENDALL TAMIAMI EXEC AIRPORT FL US,3,25.6475,-80.43306,20100808,82.9,1.8
GHCND:USW00012888,MIAMI KENDALL TAMIAMI EXEC AIRPORT FL US,3,25.6475,-80.43306,20100809,82.9,1.8
GHCND:USW00012888,MIAMI KENDALL TAMIAMI EXEC AIRPORT FL US,3,25.6475,-80.43306,20100810,82.8,1.8
GHCND:USW00012888,MIAMI KENDALL TAMIAMI EXEC AIRPORT FL US,3,25.6475,-80.43306,20100811,82.8,1.8
GHCND:USW00012888,MIAMI KENDALL TAMIAMI EXEC AIRPORT FL US,3,25.6475,-80.43306,20100812,82.8,1.8
GHCND:USW00012888,MIAMI KENDALL TAMIAMI EXEC AIRPORT FL US,3,25.6475,-80.43306,20100813,82.8,1.8
GHCND:USW00012888,MIAMI KENDALL TAMIAMI EXEC AIRPORT FL US,3,25.6475,-80.43306,20100814,82.7,1.8
GHCND:USW00012888,MIAMI KENDALL TAMIAMI EXEC AIRPORT FL US,3,25.6475,-80.43306,20100815,82.7,1.8
GHCND:USW00012888,MIAMI KENDALL TAMIAMI EXEC AIRPORT FL US,3,25.6475,-80.43306,20100816,82.6,1.8
GHCND:USW00012888,MIAMI KENDALL TAMIAMI EXEC AIRPORT FL US,3,25.6475,-80.43306,20100817,82.6,1.8
GHCND:USW00012888,MIAMI KENDALL TAMIAMI EXEC AIRPORT FL US,3,25.6475,-80.43306,20100818,82.5,1.8
GHCND:USW00012888,MIAMI KENDALL TAMIAMI EXEC AIRPORT FL US,3,25.6475,-80.43306,20100819,82.5,1.8
GHCND:USW00012888,MIAMI KENDALL TAMIAMI EXEC AIRPORT FL US,3,25.6475,-80.43306,20100820,82.4,1.8
GHCND:USW00012888,MIAMI KENDALL TAMIAMI EXEC AIRPORT FL US,3,25.6475,-80.43306,20100821,82.4,1.8
GHCND:USW00012888,MIAMI KENDALL TAMIAMI EXEC AIRPORT FL US,3,25.6475,-80.43306,20100822,82.3,1.8
GHCND:USW00012888,MIAMI KENDALL TAMIAMI EXEC AIRPORT FL US,3,25.6475,-80.43306,20100823,82.2,1.8
GHCND:USW00012888,MIAMI KENDALL TAMIAMI EXEC AIRPORT FL US,3,25.6475,-80.43306,20100824,82.2,1.8
GHCND:USW00012888,MIAMI KENDALL TAMIAMI EXEC AIRPORT FL US,3,25.6475,-80.43306,20100825,82.1,1.8
GHCND:USW00012888,MIAMI KENDALL TAMIAMI EXEC AIRPORT FL US,3,25.6475,-80.43306,20100826,82.0,1.8
GHCND:USW00012888,MIAMI KENDALL TAMIAMI EXEC AIRPORT FL US,3,25.6475,-80.43306,20100827,82.0,1.7
GHCND:USW00012888,MIAMI KENDALL TAMIAMI EXEC AIRPORT FL US,3,25.6475,-80.43306,20100828,81.9,1.7
GHCND:USW00012888,MIAMI KENDALL TAMIAMI EXEC AIRPORT FL US,3,25.6475,-80.43306,20100829,81.8,1.7
GHCND:USW00012888,MIAMI KENDALL TAMIAMI EXEC AIRPORT FL US,3,25.6475,-80.43306,20100830,81.8,1.7
GHCND:USW00012888,MIAMI KENDALL TAMIAMI EXEC AIRPORT FL US,3,25.6475,-80.43306,20100831,81.7,1.7
GHCND:USW00012888,MIAMI KENDALL TAMIAMI EXEC AIRPORT FL US,3,25.6475,-80.43306,20100901,81.7,1.7
GHCND:USW00012888,MIAMI KENDALL TAMIAMI EXEC AIRPORT FL US,3,25.6475,-80.43306,20100902,81.6,1.7
GHCND:USW00012888,MIAMI KENDALL TAMIAMI EXEC AIRPORT FL US,3,25.6475,-80.43306,20100903,81.5,1.7
GHCND:USW00012888,MIAMI KENDALL TAMIAMI EXEC AIRPORT FL US,3,25.6475,-80.43306,20100904,81.5,1.7
GHCND:USW00012888,MIAMI KENDALL TAMIAMI EXEC AIRPORT FL US,3,25.6475,-80.43306,20100905,81.4,1.7
GHCND:USW00012888,MIAMI KENDALL TAMIAMI EXEC AIRPORT FL US,3,25.6475,-80.43306,20100906,81.4,1.7
GHCND:USW00012888,MIAMI KENDALL TAMIAMI EXEC AIRPORT FL US,3,25.6475,-80.43306,20100907,81.4,1.7
GHCND:USW00012888,MIAMI KENDALL TAMIAMI EXEC AIRPORT FL US,3,25.6475,-80.43306,20100908,81.3,1.7
GHCND:USW00012888,MIAMI KENDALL TAMIAMI EXEC AIRPORT FL US,3,25.6475,-80.43306,20100909,81.3,1.7
GHCND:USW00012888,MIAMI KENDALL TAMIAMI EXEC AIRPORT FL US,3,25.6475,-80.43306,20100910,81.2,1.7
GHCND:USW00012888,MIAMI KENDALL TAMIAMI EXEC AIRPORT FL US,3,25.6475,-80.43306,20100911,81.2,1.7
GHCND:USW00012888,MIAMI KENDALL TAMIAMI EXEC AIRPORT FL US,3,25.6475,-80.43306,20100912,81.2,1.7
GHCND:USW00012888,MIAMI KENDALL TAMIAMI EXEC AIRPORT FL US,3,25.6475,-80.43306,20100913,81.2,1.7
GHCND:USW00012888,MIAMI KENDALL TAMIAMI EXEC AIRPORT FL US,3,25.6475,-80.43306,20100914,81.1,1.7
GHCND:USW00012888,MIAMI KENDALL TAMIAMI EXEC AIRPORT FL US,3,25.6475,-80.43306,20100915,81.1,1.8
GHCND:USW00012888,MIAMI KENDALL TAMIAMI EXEC AIRPORT FL US,3,25.6475,-80.43306,20100916,81.1,1.8
GHCND:USW00012888,MIAMI KENDALL TAMIAMI EXEC AIRPORT FL US,3,25.6475,-80.43306,20100917,81.1,1.8
GHCND:USW00012888,MIAMI KENDALL TAMIAMI EXEC AIRPORT FL US,3,25.6475,-80.43306,20100918,81.0,1.8
GHCND:USW00012888,MIAMI KENDALL TAMIAMI EXEC AIRPORT FL US,3,25.6475,-80.43306,20100919,81.0,1.8
GHCND:USW00012888,MIAMI KENDALL TAMIAMI EXEC AIRPORT FL US,3,25.6475,-80.43306,20100920,81.0,1.8
GHCND:USW00012888,MIAMI KENDALL TAMIAMI EXEC AIRPORT FL US,3,25.6475,-80.43306,20100921,81.0,1.9
GHCND:USW00012888,MIAMI KENDALL TAMIAMI EXEC AIRPORT FL US,3,25.6475,-80.43306,20100922,80.9,1.9
GHCND:USW00012888,MIAMI KENDALL TAMIAMI EXEC AIRPORT FL US,3,25.6475,-80.43306,20100923,80.9,1.9
GHCND:USW00012888,MIAMI KENDALL TAMIAMI EXEC AIRPORT FL US,3,25.6475,-80.43306,20100924,80.9,1.9
GHCND:USW00012888,MIAMI KENDALL TAMIAMI EXEC AIRPORT FL US,3,25.6475,-80.43306,20100925,80.8,2.0
GHCND:USW00012888,MIAMI KENDALL TAMIAMI EXEC AIRPORT FL US,3,25.6475,-80.43306,20100926,80.8,2.0
GHCND:USW00012888,MIAMI KENDALL TAMIAMI EXEC AIRPORT FL US,3,25.6475,-80.43306,20100927,80.7,2.0
GHCND:USW00012888,MIAMI KENDALL TAMIAMI EXEC AIRPORT FL US,3,25.6475,-80.43306,20100928,80.7,2.1
GHCND:USW00012888,MIAMI KENDALL TAMIAMI EXEC AIRPORT FL US,3,25.6475,-80.43306,20100929,80.6,2.1
GHCND:USW00012888,MIAMI KENDALL TAMIAMI EXEC AIRPORT FL US,3,25.6475,-80.43306,20100930,80.5,2.1
GHCND:USW00012888,MIAMI KENDALL TAMIAMI EXEC AIRPORT FL US,3,25.6475,-80.43306,20101001,80.5,2.2
GHCND:USW00012888,MIAMI KENDALL TAMIAMI EXEC AIRPORT FL US,3,25.6475,-80.43306,20101002,80.4,2.2
GHCND:USW00012888,MIAMI KENDALL TAMIAMI EXEC AIRPORT FL US,3,25.6475,-80.43306,20101003,80.3,2.2
GHCND:USW00012888,MIAMI KENDALL TAMIAMI EXEC AIRPORT FL US,3,25.6475,-80.43306,20101004,80.2,2.3
GHCND:USW00012888,MIAMI KENDALL TAMIAMI EXEC AIRPORT FL US,3,25.6475,-80.43306,20101005,80.1,2.3
GHCND:USW00012888,MIAMI KENDALL TAMIAMI EXEC AIRPORT FL US,3,25.6475,-80.43306,20101006,80.0,2.4
GHCND:USW00012888,MIAMI KENDALL TAMIAMI EXEC AIRPORT FL US,3,25.6475,-80.43306,20101007,79.8,2.4
GHCND:USW00012888,MIAMI KENDALL TAMIAMI EXEC AIRPORT FL US,3,25.6475,-80.43306,20101008,79.7,2.5
GHCND:USW00012888,MIAMI KENDALL TAMIAMI EXEC AIRPORT FL US,3,25.6475,-80.43306,20101009,79.6,2.5
GHCND:USW00012888,MIAMI KENDALL TAMIAMI EXEC AIRPORT FL US,3,25.6475,-80.43306,20101010,79.4,2.6
GHCND:USW00012888,MIAMI KENDALL TAMIAMI EXEC AIRPORT FL US,3,25.6475,-80.43306,20101011,79.3,2.7
GHCND:USW00012888,MIAMI KENDALL TAMIAMI EXEC AIRPORT FL US,3,25.6475,-80.43306,20101012,79.1,2.7
GHCND:USW00012888,MIAMI KENDALL TAMIAMI EXEC AIRPORT FL US,3,25.6475,-80.43306,20101013,78.9,2.8
GHCND:USW00012888,MIAMI KENDALL TAMIAMI EXEC AIRPORT FL US,3,25.6475,-80.43306,20101014,78.7,2.8
GHCND:USW00012888,MIAMI KENDALL TAMIAMI EXEC AIRPORT FL US,3,25.6475,-80.43306,20101015,78.5,2.9
GHCND:USW00012888,MIAMI KENDALL TAMIAMI EXEC AIRPORT FL US,3,25.6475,-80.43306,20101016,78.3,3.0
GHCND:USW00012888,MIAMI KENDALL TAMIAMI EXEC AIRPORT FL US,3,25.6475,-80.43306,20101017,78.1,3.0
GHCND:USW00012888,MIAMI KENDALL TAMIAMI EXEC AIRPORT FL US,3,25.6475,-80.43306,20101018,77.9,3.1
GHCND:USW00012888,MIAMI KENDALL TAMIAMI EXEC AIRPORT FL US,3,25.6475,-80.43306,20101019,77.7,3.2
GHCND:USW00012888,MIAMI KENDALL TAMIAMI EXEC AIRPORT FL US,3,25.6475,-80.43306,20101020,77.5,3.3
GHCND:USW00012888,MIAMI KENDALL TAMIAMI EXEC AIRPORT FL US,3,25.6475,-80.43306,20101021,77.3,3.3
GHCND:USW00012888,MIAMI KENDALL TAMIAMI EXEC AIRPORT FL US,3,25.6475,-80.43306,20101022,77.0,3.4
GHCND:USW00012888,MIAMI KENDALL TAMIAMI EXEC AIRPORT FL US,3,25.6475,-80.43306,20101023,76.8,3.5
GHCND:USW00012888,MIAMI KENDALL TAMIAMI EXEC AIRPORT FL US,3,25.6475,-80.43306,20101024,76.6,3.5
GHCND:USW00012888,MIAMI KENDALL TAMIAMI EXEC AIRPORT FL US,3,25.6475,-80.43306,20101025,76.3,3.6
GHCND:USW00012888,MIAMI KENDALL TAMIAMI EXEC AIRPORT FL US,3,25.6475,-80.43306,20101026,76.1,3.6
GHCND:USW00012888,MIAMI KENDALL TAMIAMI EXEC AIRPORT FL US,3,25.6475,-80.43306,20101027,75.9,3.7
GHCND:USW00012888,MIAMI KENDALL TAMIAMI EXEC AIRPORT FL US,3,25.6475,-80.43306,20101028,75.6,3.7
GHCND:USW00012888,MIAMI KENDALL TAMIAMI EXEC AIRPORT FL US,3,25.6475,-80.43306,20101029,75.4,3.8
GHCND:USW00012888,MIAMI KENDALL TAMIAMI EXEC AIRPORT FL US,3,25.6475,-80.43306,20101030,75.2,3.8
GHCND:USW00012888,MIAMI KENDALL TAMIAMI EXEC AIRPORT FL US,3,25.6475,-80.43306,20101031,74.9,3.9
GHCND:USW00012888,MIAMI KENDALL TAMIAMI EXEC AIRPORT FL US,3,25.6475,-80.43306,20101101,74.7,3.9
GHCND:USW00012888,MIAMI KENDALL TAMIAMI EXEC AIRPORT FL US,3,25.6475,-80.43306,20101102,74.5,4.0
GHCND:USW00012888,MIAMI KENDALL TAMIAMI EXEC AIRPORT FL US,3,25.6475,-80.43306,20101103,74.3,4.0
GHCND:USW00012888,MIAMI KENDALL TAMIAMI EXEC AIRPORT FL US,3,25.6475,-80.43306,20101104,74.1,4.1
GHCND:USW00012888,MIAMI KENDALL TAMIAMI EXEC AIRPORT FL US,3,25.6475,-80.43306,20101105,73.9,4.1
GHCND:USW00012888,MIAMI KENDALL TAMIAMI EXEC AIRPORT FL US,3,25.6475,-80.43306,20101106,73.7,4.2
GHCND:USW00012888,MIAMI KENDALL TAMIAMI EXEC AIRPORT FL US,3,25.6475,-80.43306,20101107,73.5,4.2
GHCND:USW00012888,MIAMI KENDALL TAMIAMI EXEC AIRPORT FL US,3,25.6475,-80.43306,20101108,73.3,4.2
GHCND:USW00012888,MIAMI KENDALL TAMIAMI EXEC AIRPORT FL US,3,25.6475,-80.43306,20101109,73.1,4.3
GHCND:USW00012888,MIAMI KENDALL TAMIAMI EXEC AIRPORT FL US,3,25.6475,-80.43306,20101110,72.9,4.3
GHCND:USW00012888,MIAMI KENDALL TAMIAMI EXEC AIRPORT FL US,3,25.6475,-80.43306,20101111,72.7,4.4
GHCND:USW00012888,MIAMI KENDALL TAMIAMI EXEC AIRPORT FL US,3,25.6475,-80.43306,20101112,72.6,4.4
GHCND:USW00012888,MIAMI KENDALL TAMIAMI EXEC AIRPORT FL US,3,25.6475,-80.43306,20101113,72.4,4.5
GHCND:USW00012888,MIAMI KENDALL TAMIAMI EXEC AIRPORT FL US,3,25.6475,-80.43306,20101114,72.3,4.5
GHCND:USW00012888,MIAMI KENDALL TAMIAMI EXEC AIRPORT FL US,3,25.6475,-80.43306,20101115,72.1,4.5
GHCND:USW00012888,MIAMI KENDALL TAMIAMI EXEC AIRPORT FL US,3,25.6475,-80.43306,20101116,72.0,4.6
GHCND:USW00012888,MIAMI KENDALL TAMIAMI EXEC AIRPORT FL US,3,25.6475,-80.43306,20101117,71.9,4.6
GHCND:USW00012888,MIAMI KENDALL TAMIAMI EXEC AIRPORT FL US,3,25.6475,-80.43306,20101118,71.7,4.6
GHCND:USW00012888,MIAMI KENDALL TAMIAMI EXEC AIRPORT FL US,3,25.6475,-80.43306,20101119,71.6,4.7
GHCND:USW00012888,MIAMI KENDALL TAMIAMI EXEC AIRPORT FL US,3,25.6475,-80.43306,20101120,71.5,4.7
GHCND:USW00012888,MIAMI KENDALL TAMIAMI EXEC AIRPORT FL US,3,25.6475,-80.43306,20101121,71.4,4.8
GHCND:USW00012888,MIAMI KENDALL TAMIAMI EXEC AIRPORT FL US,3,25.6475,-80.43306,20101122,71.3,4.9
GHCND:USW00012888,MIAMI KENDALL TAMIAMI EXEC AIRPORT FL US,3,25.6475,-80.43306,20101123,71.2,4.9
GHCND:USW00012888,MIAMI KENDALL TAMIAMI EXEC AIRPORT FL US,3,25.6475,-80.43306,20101124,71.0,5.0
GHCND:USW00012888,MIAMI KENDALL TAMIAMI EXEC AIRPORT FL US,3,25.6475,-80.43306,20101125,70.9,5.1
GHCND:USW00012888,MIAMI KENDALL TAMIAMI EXEC AIRPORT FL US,3,25.6475,-80.43306,20101126,70.8,5.2
GHCND:USW00012888,MIAMI KENDALL TAMIAMI EXEC AIRPORT FL US,3,25.6475,-80.43306,20101127,70.7,5.3
GHCND:USW00012888,MIAMI KENDALL TAMIAMI EXEC AIRPORT FL US,3,25.6475,-80.43306,20101128,70.6,5.4
GHCND:USW00012888,MIAMI KENDALL TAMIAMI EXEC AIRPORT FL US,3,25.6475,-80.43306,20101129,70.5,5.5
GHCND:USW00012888,MIAMI KENDALL TAMIAMI EXEC AIRPORT FL US,3,25.6475,-80.43306,20101130,70.4,5.6
GHCND:USW00012888,MIAMI KENDALL TAMIAMI EXEC AIRPORT FL US,3,25.6475,-80.43306,20101201,70.3,5.7
GHCND:USW00012888,MIAMI KENDALL TAMIAMI EXEC AIRPORT FL US,3,25.6475,-80.43306,20101202,70.2,5.8
GHCND:USW00012888,MIAMI KENDALL TAMIAMI EXEC AIRPORT FL US,3,25.6475,-80.43306,20101203,70.1,5.9
GHCND:USW00012888,MIAMI KENDALL TAMIAMI EXEC AIRPORT FL US,3,25.6475,-80.43306,20101204,69.9,6.0
GHCND:USW00012888,MIAMI KENDALL TAMIAMI EXEC AIRPORT FL US,3,25.6475,-80.43306,20101205,69.8,6.0
GHCND:USW00012888,MIAMI KENDALL TAMIAMI EXEC AIRPORT FL US,3,25.6475,-80.43306,20101206,69.7,6.1
GHCND:USW00012888,MIAMI KENDALL TAMIAMI EXEC AIRPORT FL US,3,25.6475,-80.43306,20101207,69.5,6.2
GHCND:USW00012888,MIAMI KENDALL TAMIAMI EXEC AIRPORT FL US,3,25.6475,-80.43306,20101208,69.4,6.3
GHCND:USW00012888,MIAMI KENDALL TAMIAMI EXEC AIRPORT FL US,3,25.6475,-80.43306,20101209,69.3,6.3
GHCND:USW00012888,MIAMI KENDALL TAMIAMI EXEC AIRPORT FL US,3,25.6475,-80.43306,20101210,69.1,6.4
GHCND:USW00012888,MIAMI KENDALL TAMIAMI EXEC AIRPORT FL US,3,25.6475,-80.43306,20101211,69.0,6.4
GHCND:USW00012888,MIAMI KENDALL TAMIAMI EXEC AIRPORT FL US,3,25.6475,-80.43306,20101212,68.8,6.4
GHCND:USW00012888,MIAMI KENDALL TAMIAMI EXEC AIRPORT FL US,3,25.6475,-80.43306,20101213,68.6,6.5
GHCND:USW00012888,MIAMI KENDALL TAMIAMI EXEC AIRPORT FL US,3,25.6475,-80.43306,20101214,68.5,6.5
GHCND:USW00012888,MIAMI KENDALL TAMIAMI EXEC AIRPORT FL US,3,25.6475,-80.43306,20101215,68.3,6.6
GHCND:USW00012888,MIAMI KENDALL TAMIAMI EXEC AIRPORT FL US,3,25.6475,-80.43306,20101216,68.1,6.6
GHCND:USW00012888,MIAMI KENDALL TAMIAMI EXEC AIRPORT FL US,3,25.6475,-80.43306,20101217,68.0,6.7
GHCND:USW00012888,MIAMI KENDALL TAMIAMI EXEC AIRPORT FL US,3,25.6475,-80.43306,20101218,67.8,6.8
GHCND:USW00012888,MIAMI KENDALL TAMIAMI EXEC AIRPORT FL US,3,25.6475,-80.43306,20101219,67.6,6.8
GHCND:USW00012888,MIAMI KENDALL TAMIAMI EXEC AIRPORT FL US,3,25.6475,-80.43306,20101220,67.4,6.9
GHCND:USW00012888,MIAMI KENDALL TAMIAMI EXEC AIRPORT FL US,3,25.6475,-80.43306,20101221,67.2,6.9
GHCND:USW00012888,MIAMI KENDALL TAMIAMI EXEC AIRPORT FL US,3,25.6475,-80.43306,20101222,67.1,7.0
GHCND:USW00012888,MIAMI KENDALL TAMIAMI EXEC AIRPORT FL US,3,25.6475,-80.43306,20101223,66.9,7.0
GHCND:USW00012888,MIAMI KENDALL TAMIAMI EXEC AIRPORT FL US,3,25.6475,-80.43306,20101224,66.7,7.0
GHCND:USW00012888,MIAMI KENDALL TAMIAMI EXEC AIRPORT FL US,3,25.6475,-80.43306,20101225,66.5,7.0
GHCND:USW00012888,MIAMI KENDALL TAMIAMI EXEC AIRPORT FL US,3,25.6475,-80.43306,20101226,66.4,7.0
GHCND:USW00012888,MIAMI KENDALL TAMIAMI EXEC AIRPORT FL US,3,25.6475,-80.43306,20101227,66.2,7.0
GHCND:USW00012888,MIAMI KENDALL TAMIAMI EXEC AIRPORT FL US,3,25.6475,-80.43306,20101228,66.0,7.0
GHCND:USW00012888,MIAMI KENDALL TAMIAMI EXEC AIRPORT FL US,3,25.6475,-80.43306,20101229,65.9,7.0
GHCND:USW00012888,MIAMI KENDALL TAMIAMI EXEC AIRPORT FL US,3,25.6475,-80.43306,20101230,65.7,6.9
GHCND:USW00012888,MIAMI KENDALL TAMIAMI EXEC AIRPORT FL US,3,25.6475,-80.43306,20101231,65.6,6.9
GHCND:USW00014939,LINCOLN AIRPORT NE US,362.7,40.8508,-96.7475,20100101,24.6,11.9
GHCND:USW00014939,LINCOLN AIRPORT NE US,362.7,40.8508,-96.7475,20100102,24.5,11.9
GHCND:USW00014939,LINCOLN AIRPORT NE US,362.7,40.8508,-96.7475,20100103,24.5,11.9
GHCND:USW00014939,LINCOLN AIRPORT NE US,362.7,40.8508,-96.7475,20100104,24.5,11.9
GHCND:USW00014939,LINCOLN AIRPORT NE US,362.7,40.8508,-96.7475,20100105,24.5,11.9
GHCND:USW00014939,LINCOLN AIRPORT NE US,362.7,40.8508,-96.7475,20100106,24.4,11.9
GHCND:USW00014939,LINCOLN AIRPORT NE US,362.7,40.8508,-96.7475,20100107,24.4,11.8
GHCND:USW00014939,LINCOLN AIRPORT NE US,362.7,40.8508,-96.7475,20100108,24.4,11.8
GHCND:USW00014939,LINCOLN AIRPORT NE US,362.7,40.8508,-96.7475,20100109,24.4,11.8
GHCND:USW00014939,LINCOLN AIRPORT NE US,362.7,40.8508,-96.7475,20100110,24.4,11.8
GHCND:USW00014939,LINCOLN AIRPORT NE US,362.7,40.8508,-96.7475,20100111,24.4,11.8
GHCND:USW00014939,LINCOLN AIRPORT NE US,362.7,40.8508,-96.7475,20100112,24.4,11.8
GHCND:USW00014939,LINCOLN AIRPORT NE US,362.7,40.8508,-96.7475,20100113,24.4,11.8
GHCND:USW00014939,LINCOLN AIRPORT NE US,362.7,40.8508,-96.7475,20100114,24.4,11.8
GHCND:USW00014939,LINCOLN AIRPORT NE US,362.7,40.8508,-96.7475,20100115,24.4,11.9
GHCND:USW00014939,LINCOLN AIRPORT NE US,362.7,40.8508,-96.7475,20100116,24.4,11.9
GHCND:USW00014939,LINCOLN AIRPORT NE US,362.7,40.8508,-96.7475,20100117,24.4,11.9
GHCND:USW00014939,LINCOLN AIRPORT NE US,362.7,40.8508,-96.7475,20100118,24.4,12.0
GHCND:USW00014939,LINCOLN AIRPORT NE US,362.7,40.8508,-96.7475,20100119,24.5,12.0
GHCND:USW00014939,LINCOLN AIRPORT NE US,362.7,40.8508,-96.7475,20100120,24.5,12.1
GHCND:USW00014939,LINCOLN AIRPORT NE US,362.7,40.8508,-96.7475,20100121,24.5,12.1
GHCND:USW00014939,LINCOLN AIRPORT NE US,362.7,40.8508,-96.7475,20100122,24.6,12.2
GHCND:USW00014939,LINCOLN AIRPORT NE US,362.7,40.8508,-96.7475,20100123,24.6,12.2
GHCND:USW00014939,LINCOLN AIRPORT NE US,362.7,40.8508,-96.7475,20100124,24.7,12.2
GHCND:USW00014939,LINCOLN AIRPORT NE US,362.7,40.8508,-96.7475,20100125,24.8,12.2
GHCND:USW00014939,LINCOLN AIRPORT NE US,362.7,40.8508,-96.7475,20100126,24.9,12.2
GHCND:USW00014939,LINCOLN AIRPORT NE US,362.7,40.8508,-96.7475,20100127,24.9,12.2
GHCND:USW00014939,LINCOLN AIRPORT NE US,362.7,40.8508,-96.7475,20100128,25.0,12.2
GHCND:USW00014939,LINCOLN AIRPORT NE US,362.7,40.8508,-96.7475,20100129,25.2,12.2
GHCND:USW00014939,LINCOLN AIRPORT NE US,362.7,40.8508,-96.7475,20100130,25.3,12.2
GHCND:USW00014939,LINCOLN AIRPORT NE US,362.7,40.8508,-96.7475,20100131,25.4,12.2
GHCND:USW00014939,LINCOLN AIRPORT NE US,362.7,40.8508,-96.7475,20100201,25.6,12.2
GHCND:USW00014939,LINCOLN AIRPORT NE US,362.7,40.8508,-96.7475,20100202,25.7,12.2
GHCND:USW00014939,LINCOLN AIRPORT NE US,362.7,40.8508,-96.7475,20100203,25.9,12.2
GHCND:USW00014939,LINCOLN AIRPORT NE US,362.7,40.8508,-96.7475,20100204,26.1,12.2
GHCND:USW00014939,LINCOLN AIRPORT NE US,362.7,40.8508,-96.7475,20100205,26.3,12.2
GHCND:USW00014939,LINCOLN AIRPORT NE US,362.7,40.8508,-96.7475,20100206,26.5,12.2
GHCND:USW00014939,LINCOLN AIRPORT NE US,362.7,40.8508,-96.7475,20100207,26.7,12.2
GHCND:USW00014939,LINCOLN AIRPORT NE US,362.7,40.8508,-96.7475,20100208,26.9,12.2
GHCND:USW00014939,LINCOLN AIRPORT NE US,362.7,40.8508,-96.7475,20100209,27.2,12.2
GHCND:USW00014939,LINCOLN AIRPORT NE US,362.7,40.8508,-96.7475,20100210,27.4,12.2
GHCND:USW00014939,LINCOLN AIRPORT NE US,362.7,40.8508,-96.7475,20100211,27.7,12.2
GHCND:USW00014939,LINCOLN AIRPORT NE US,362.7,40.8508,-96.7475,20100212,28.0,12.2
GHCND:USW00014939,LINCOLN AIRPORT NE US,362.7,40.8508,-96.7475,20100213,28.3,12.1
GHCND:USW00014939,LINCOLN AIRPORT NE US,362.7,40.8508,-96.7475,20100214,28.6,12.1
GHCND:USW00014939,LINCOLN AIRPORT NE US,362.7,40.8508,-96.7475,20100215,28.9,12.1
GHCND:USW00014939,LINCOLN AIRPORT NE US,362.7,40.8508,-96.7475,20100216,29.2,12.0
GHCND:USW00014939,LINCOLN AIRPORT NE US,362.7,40.8508,-96.7475,20100217,29.5,12.0
GHCND:USW00014939,LINCOLN AIRPORT NE US,362.7,40.8508,-96.7475,20100218,29.9,12.0
GHCND:USW00014939,LINCOLN AIRPORT NE US,362.7,40.8508,-96.7475,20100219,30.2,11.9
GHCND:USW00014939,LINCOLN AIRPORT NE US,362.7,40.8508,-96.7475,20100220,30.6,11.8
GHCND:USW00014939,LINCOLN AIRPORT NE US,362.7,40.8508,-96.7475,20100221,31.0,11.8
GHCND:USW00014939,LINCOLN AIRPORT NE US,362.7,40.8508,-96.7475,20100222,31.3,11.7
GHCND:USW00014939,LINCOLN AIRPORT NE US,362.7,40.8508,-96.7475,20100223,31.7,11.7
GHCND:USW00014939,LINCOLN AIRPORT NE US,362.7,40.8508,-96.7475,20100224,32.1,11.6
GHCND:USW00014939,LINCOLN AIRPORT NE US,362.7,40.8508,-96.7475,20100225,32.5,11.6
GHCND:USW00014939,LINCOLN AIRPORT NE US,362.7,40.8508,-96.7475,20100226,32.9,11.5
GHCND:USW00014939,LINCOLN AIRPORT NE US,362.7,40.8508,-96.7475,20100227,33.3,11.5
GHCND:USW00014939,LINCOLN AIRPORT NE US,362.7,40.8508,-96.7475,20100228,33.7,11.4
GHCND:USW00014939,LINCOLN AIRPORT NE US,362.7,40.8508,-96.7475,20100301,34.1,11.4
GHCND:USW00014939,LINCOLN AIRPORT NE US,362.7,40.8508,-96.7475,20100302,34.5,11.3
GHCND:USW00014939,LINCOLN AIRPORT NE US,362.7,40.8508,-96.7475,20100303,34.9,11.2
GHCND:USW00014939,LINCOLN AIRPORT NE US,362.7,40.8508,-96.7475,20100304,35.3,11.2
GHCND:USW00014939,LINCOLN AIRPORT NE US,362.7,40.8508,-96.7475,20100305,35.7,11.1
GHCND:USW00014939,LINCOLN AIRPORT NE US,362.7,40.8508,-96.7475,20100306,36.2,11.1
GHCND:USW00014939,LINCOLN AIRPORT NE US,362.7,40.8508,-96.7475,20100307,36.6,11.0
GHCND:USW00014939,LINCOLN AIRPORT NE US,362.7,40.8508,-96.7475,20100308,37.0,10.9
GHCND:USW00014939,LINCOLN AIRPORT NE US,362.7,40.8508,-96.7475,20100309,37.4,10.9
GHCND:USW00014939,LINCOLN AIRPORT NE US,362.7,40.8508,-96.7475,20100310,37.8,10.8
GHCND:USW00014939,LINCOLN AIRPORT NE US,362.7,40.8508,-96.7475,20100311,38.2,10.8
GHCND:USW00014939,LINCOLN AIRPORT NE US,362.7,40.8508,-96.7475,20100312,38.6,10.8
GHCND:USW00014939,LINCOLN AIRPORT NE US,362.7,40.8508,-96.7475,20100313,39.0,10.7
GHCND:USW00014939,LINCOLN AIRPORT NE US,362.7,40.8508,-96.7475,20100314,39.4,10.7
GHCND:USW00014939,LINCOLN AIRPORT NE US,362.7,40.8508,-96.7475,20100315,39.8,10.6
GHCND:USW00014939,LINCOLN AIRPORT NE US,362.7,40.8508,-96.7475,20100316,40.2,10.5
GHCND:USW00014939,LINCOLN AIRPORT NE US,362.7,40.8508,-96.7475,20100317,40.6,10.5
GHCND:USW00014939,LINCOLN AIRPORT NE US,362.7,40.8508,-96.7475,20100318,41.0,10.4
GHCND:USW00014939,LINCOLN AIRPORT NE US,362.7,40.8508,-96.7475,20100319,41.3,10.4
GHCND:USW00014939,LINCOLN AIRPORT NE US,362.7,40.8508,-96.7475,20100320,41.7,10.3
GHCND:USW00014939,LINCOLN AIRPORT NE US,362.7,40.8508,-96.7475,20100321,42.1,10.3
GHCND:USW00014939,LINCOLN AIRPORT NE US,362.7,40.8508,-96.7475,20100322,42.5,10.2
GHCND:USW00014939,LINCOLN AIRPORT NE US,362.7,40.8508,-96.7475,20100323,42.9,10.1
GHCND:USW00014939,LINCOLN AIRPORT NE US,362.7,40.8508,-96.7475,20100324,43.2,10.1
GHCND:USW00014939,LINCOLN AIRPORT NE US,362.7,40.8508,-96.7475,20100325,43.6,10.1
GHCND:USW00014939,LINCOLN AIRPORT NE US,362.7,40.8508,-96.7475,20100326,44.0,10.0
GHCND:USW00014939,LINCOLN AIRPORT NE US,362.7,40.8508,-96.7475,20100327,44.4,10.0
GHCND:USW00014939,LINCOLN AIRPORT NE US,362.7,40.8508,-96.7475,20100328,44.7,10.0
GHCND:USW00014939,LINCOLN AIRPORT NE US,362.7,40.8508,-96.7475,20100329,45.1,9.9
GHCND:USW00014939,LINCOLN AIRPORT NE US,362.7,40.8508,-96.7475,20100330,45.5,9.9
GHCND:USW00014939,LINCOLN AIRPORT NE US,362.7,40.8508,-96.7475,20100331,45.8,9.9
GHCND:USW00014939,LINCOLN AIRPORT NE US,362.7,40.8508,-96.7475,20100401,46.2,9.9
GHCND:USW00014939,LINCOLN AIRPORT NE US,362.7,40.8508,-96.7475,20100402,46.6,9.9
GHCND:USW00014939,LINCOLN AIRPORT NE US,362.7,40.8508,-96.7475,20100403,46.9,9.9
GHCND:USW00014939,LINCOLN AIRPORT NE US,362.7,40.8508,-96.7475,20100404,47.3,9.9
GHCND:USW00014939,LINCOLN AIRPORT NE US,362.7,40.8508,-96.7475,20100405,47.7,9.9
GHCND:USW00014939,LINCOLN AIRPORT NE US,362.7,40.8508,-96.7475,20100406,48.0,9.9
GHCND:USW00014939,LINCOLN AIRPORT NE US,362.7,40.8508,-96.7475,20100407,48.4,9.8
GHCND:USW00014939,LINCOLN AIRPORT NE US,362.7,40.8508,-96.7475,20100408,48.8,9.8
GHCND:USW00014939,LINCOLN AIRPORT NE US,362.7,40.8508,-96.7475,20100409,49.1,9.8
GHCND:USW00014939,LINCOLN AIRPORT NE US,362.7,40.8508,-96.7475,20100410,49.5,9.7
GHCND:USW00014939,LINCOLN AIRPORT NE US,362.7,40.8508,-96.7475,20100411,49.9,9.7
GHCND:USW00014939,LINCOLN AIRPORT NE US,362.7,40.8508,-96.7475,20100412,50.3,9.6
GHCND:USW00014939,LINCOLN AIRPORT NE US,362.7,40.8508,-96.7475,20100413,50.6,9.6
GHCND:USW00014939,LINCOLN AIRPORT NE US,362.7,40.8508,-96.7475,20100414,51.0,9.5
GHCND:USW00014939,LINCOLN AIRPORT NE US,362.7,40.8508,-96.7475,20100415,51.4,9.4
GHCND:USW00014939,LINCOLN AIRPORT NE US,362.7,40.8508,-96.7475,20100416,51.7,9.4
GHCND:USW00014939,LINCOLN AIRPORT NE US,362.7,40.8508,-96.7475,20100417,52.1,9.3
GHCND:USW00014939,LINCOLN AIRPORT NE US,362.7,40.8508,-96.7475,20100418,52.5,9.2
GHCND:USW00014939,LINCOLN AIRPORT NE US,362.7,40.8508,-96.7475,20100419,52.9,9.2
GHCND:USW00014939,LINCOLN AIRPORT NE US,362.7,40.8508,-96.7475,20100420,53.2,9.1
GHCND:USW00014939,LINCOLN AIRPORT NE US,362.7,40.8508,-96.7475,20100421,53.6,9.0
GHCND:USW00014939,LINCOLN AIRPORT NE US,362.7,40.8508,-96.7475,20100422,54.0,8.9
GHCND:USW00014939,LINCOLN AIRPORT NE US,362.7,40.8508,-96.7475,20100423,54.3,8.9
GHCND:USW00014939,LINCOLN AIRPORT NE US,362.7,40.8508,-96.7475,20100424,54.7,8.8
GHCND:USW00014939,LINCOLN AIRPORT NE US,362.7,40.8508,-96.7475,20100425,55.1,8.7
GHCND:USW00014939,LINCOLN AIRPORT NE US,362.7,40.8508,-96.7475,20100426,55.4,8.6
GHCND:USW00014939,LINCOLN AIRPORT NE US,362.7,40.8508,-96.7475,20100427,55.8,8.5
GHCND:USW00014939,LINCOLN AIRPORT NE US,362.7,40.8508,-96.7475,20100428,56.1,8.5
GHCND:USW00014939,LINCOLN AIRPORT NE US,362.7,40.8508,-96.7475,20100429,56.5,8.4
GHCND:USW00014939,LINCOLN AIRPORT NE US,362.7,40.8508,-96.7475,20100430,56.9,8.3
GHCND:USW00014939,LINCOLN AIRPORT NE US,362.7,40.8508,-96.7475,20100501,57.2,8.3
GHCND:USW00014939,LINCOLN AIRPORT NE US,362.7,40.8508,-96.7475,20100502,57.6,8.2
GHCND:USW00014939,LINCOLN AIRPORT NE US,362.7,40.8508,-96.7475,20100503,57.9,8.1
GHCND:USW00014939,LINCOLN AIRPORT NE US,362.7,40.8508,-96.7475,20100504,58.3,8.1
GHCND:USW00014939,LINCOLN AIRPORT NE US,362.7,40.8508,-96.7475,20100505,58.6,8.0
GHCND:USW00014939,LINCOLN AIRPORT NE US,362.7,40.8508,-96.7475,20100506,59.0,7.9
GHCND:USW00014939,LINCOLN AIRPORT NE US,362.7,40.8508,-96.7475,20100507,59.3,7.9
GHCND:USW00014939,LINCOLN AIRPORT NE US,362.7,40.8508,-96.7475,20100508,59.7,7.8
GHCND:USW00014939,LINCOLN AIRPORT NE US,362.7,40.8508,-96.7475,20100509,60.0,7.8
GHCND:USW00014939,LINCOLN AIRPORT NE US,362.7,40.8508,-96.7475,20100510,60.3,7.7
GHCND:USW00014939,LINCOLN AIRPORT NE US,362.7,40.8508,-96.7475,20100511,60.7,7.6
GHCND:USW00014939,LINCOLN AIRPORT NE US,362.7,40.8508,-96.7475,20100512,61.0,7.6
GHCND:USW00014939,LINCOLN AIRPORT NE US,362.7,40.8508,-96.7475,20100513,61.3,7.5
GHCND:USW00014939,LINCOLN AIRPORT NE US,362.7,40.8508,-96.7475,20100514,61.7,7.5
GHCND:USW00014939,LINCOLN AIRPORT NE US,362.7,40.8508,-96.7475,20100515,62.0,7.4
GHCND:USW00014939,LINCOLN AIRPORT NE US,362.7,40.8508,-96.7475,20100516,62.4,7.4
GHCND:USW00014939,LINCOLN AIRPORT NE US,362.7,40.8508,-96.7475,20100517,62.7,7.4
GHCND:USW00014939,LINCOLN AIRPORT NE US,362.7,40.8508,-96.7475,20100518,63.0,7.3
GHCND:USW00014939,LINCOLN AIRPORT NE US,362.7,40.8508,-96.7475,20100519,63.4,7.3
GHCND:USW00014939,LINCOLN AIRPORT NE US,362.7,40.8508,-96.7475,20100520,63.7,7.3
GHCND:USW00014939,LINCOLN AIRPORT NE US,362.7,40.8508,-96.7475,20100521,64.0,7.2
GHCND:USW00014939,LINCOLN AIRPORT NE US,362.7,40.8508,-96.7475,20100522,64.4,7.2
GHCND:USW00014939,LINCOLN AIRPORT NE US,362.7,40.8508,-96.7475,20100523,64.7,7.1
GHCND:USW00014939,LINCOLN AIRPORT NE US,362.7,40.8508,-96.7475,20100524,65.0,7.1
GHCND:USW00014939,LINCOLN AIRPORT NE US,362.7,40.8508,-96.7475,20100525,65.4,7.1
GHCND:USW00014939,LINCOLN AIRPORT NE US,362.7,40.8508,-96.7475,20100526,65.7,7.0
GHCND:USW00014939,LINCOLN AIRPORT NE US,362.7,40.8508,-96.7475,20100527,66.1,7.0
GHCND:USW00014939,LINCOLN AIRPORT NE US,362.7,40.8508,-96.7475,20100528,66.4,7.0
GHCND:USW00014939,LINCOLN AIRPORT NE US,362.7,40.8508,-96.7475,20100529,66.8,6.9
GHCND:USW00014939,LINCOLN AIRPORT NE US,362.7,40.8508,-96.7475,20100530,67.1,6.9
GHCND:USW00014939,LINCOLN AIRPORT NE US,362.7,40.8508,-96.7475,20100531,67.5,6.8
GHCND:USW00014939,LINCOLN AIRPORT NE US,362.7,40.8508,-96.7475,20100601,67.8,6.8
GHCND:USW00014939,LINCOLN AIRPORT NE US,362.7,40.8508,-96.7475,20100602,68.2,6.8
GHCND:USW00014939,LINCOLN AIRPORT NE US,362.7,40.8508,-96.7475,20100603,68.5,6.7
GHCND:USW00014939,LINCOLN AIRPORT NE US,362.7,40.8508,-96.7475,20100604,68.9,6.7
GHCND:USW00014939,LINCOLN AIRPORT NE US,362.7,40.8508,-96.7475,20100605,69.2,6.7
GHCND:USW00014939,LINCOLN AIRPORT NE US,362.7,40.8508,-96.7475,20100606,69.6,6.6
GHCND:USW00014939,LINCOLN AIRPORT NE US,362.7,40.8508,-96.7475,20100607,69.9,6.6
GHCND:USW00014939,LINCOLN AIRPORT NE US,362.7,40.8508,-96.7475,20100608,70.3,6.6
GHCND:USW00014939,LINCOLN AIRPORT NE US,362.7,40.8508,-96.7475,20100609,70.6,6.5
GHCND:USW00014939,LINCOLN AIRPORT NE US,362.7,40.8508,-96.7475,20100610,70.9,6.5
GHCND:USW00014939,LINCOLN AIRPORT NE US,362.7,40.8508,-96.7475,20100611,71.3,6.5
GHCND:USW00014939,LINCOLN AIRPORT NE US,362.7,40.8508,-96.7475,20100612,71.6,6.5
GHCND:USW00014939,LINCOLN AIRPORT NE US,362.7,40.8508,-96.7475,20100613,72.0,6.4
GHCND:USW00014939,LINCOLN AIRPORT NE US,362.7,40.8508,-96.7475,20100614,72.3,6.4
GHCND:USW00014939,LINCOLN AIRPORT NE US,362.7,40.8508,-96.7475,20100615,72.6,6.4
GHCND:USW00014939,LINCOLN AIRPORT NE US,362.7,40.8508,-96.7475,20100616,72.9,6.3
GHCND:USW00014939,LINCOLN AIRPORT NE US,362.7,40.8508,-96.7475,20100617,73.2,6.3
GHCND:USW00014939,LINCOLN AIRPORT NE US,362.7,40.8508,-96.7475,20100618,73.5,6.2
GHCND:USW00014939,LINCOLN AIRPORT NE US,362.7,40.8508,-96.7475,20100619,73.8,6.2
GHCND:USW00014939,LINCOLN AIRPORT NE US,362.7,40.8508,-96.7475,20100620,74.1,6.2
GHCND:USW00014939,LINCOLN AIRPORT NE US,362.7,40.8508,-96.7475,20100621,74.4,6.1
GHCND:USW00014939,LINCOLN AIRPORT NE US,362.7,40.8508,-96.7475,20100622,74.7,6.1
GHCND:USW00014939,LINCOLN AIRPORT NE US,362.7,40.8508,-96.7475,20100623,74.9,6.1
GHCND:USW00014939,LINCOLN AIRPORT NE US,362.7,40.8508,-96.7475,20100624,75.2,6.0
GHCND:USW00014939,LINCOLN AIRPORT NE US,362.7,40.8508,-96.7475,20100625,75.4,6.0
GHCND:USW00014939,LINCOLN AIRPORT NE US,362.7,40.8508,-96.7475,20100626,75.7,5.9
GHCND:USW00014939,LINCOLN AIRPORT NE US,362.7,40.8508,-96.7475,20100627,75.9,5.9
GHCND:USW00014939,LINCOLN AIRPORT NE US,362.7,40.8508,-96.7475,20100628,76.1,5.9
GHCND:USW00014939,LINCOLN AIRPORT NE US,362.7,40.8508,-96.7475,20100629,76.3,5.8
GHCND:USW00014939,LINCOLN AIRPORT NE US,362.7,40.8508,-96.7475,20100630,76.5,5.8
GHCND:USW00014939,LINCOLN AIRPORT NE US,362.7,40.8508,-96.7475,20100701,76.7,5.8
GHCND:USW00014939,LINCOLN AIRPORT NE US,362.7,40.8508,-96.7475,20100702,76.8,5.8
GHCND:USW00014939,LINCOLN AIRPORT NE US,362.7,40.8508,-96.7475,20100703,77.0,5.8
GHCND:USW00014939,LINCOLN AIRPORT NE US,362.7,40.8508,-96.7475,20100704,77.1,5.8
GHCND:USW00014939,LINCOLN AIRPORT NE US,362.7,40.8508,-96.7475,20100705,77.2,5.8
GHCND:USW00014939,LINCOLN AIRPORT NE US,362.7,40.8508,-96.7475,20100706,77.3,5.8
GHCND:USW00014939,LINCOLN AIRPORT NE US,362.7,40.8508,-96.7475,20100707,77.4,5.7
GHCND:USW00014939,LINCOLN AIRPORT NE US,362.7,40.8508,-96.7475,20100708,77.5,5.7
GHCND:USW00014939,LINCOLN AIRPORT NE US,362.7,40.8508,-96.7475,20100709,77.6,5.7
GHCND:USW00014939,LINCOLN AIRPORT NE US,362.7,40.8508,-96.7475,20100710,77.7,5.7
GHCND:USW00014939,LINCOLN AIRPORT NE US,362.7,40.8508,-96.7475,20100711,77.7,5.8
GHCND:USW00014939,LINCOLN AIRPORT NE US,362.7,40.8508,-96.7475,20100712,77.8,5.8
GHCND:USW00014939,LINCOLN AIRPORT NE US,362.7,40.8508,-96.7475,20100713,77.8,5.8
GHCND:USW00014939,LINCOLN AIRPORT NE US,362.7,40.8508,-96.7475,20100714,77.8,5.8
GHCND:USW00014939,LINCOLN AIRPORT NE US,362.7,40.8508,-96.7475,20100715,77.9,5.8
GHCND:USW00014939,LINCOLN AIRPORT NE US,362.7,40.8508,-96.7475,20100716,77.9,5.9
GHCND:USW00014939,LINCOLN AIRPORT NE US,362.7,40.8508,-96.7475,20100717,77.9,5.9
GHCND:USW00014939,LINCOLN AIRPORT NE US,362.7,40.8508,-96.7475,20100718,77.9,5.9
GHCND:USW00014939,LINCOLN AIRPORT NE US,362.7,40.8508,-96.7475,20100719,77.9,5.9
GHCND:USW00014939,LINCOLN AIRPORT NE US,362.7,40.8508,-96.7475,20100720,77.8,6.0
GHCND:USW00014939,LINCOLN AIRPORT NE US,362.7,40.8508,-96.7475,20100721,77.8,6.0
GHCND:USW00014939,LINCOLN AIRPORT NE US,362.7,40.8508,-96.7475,20100722,77.8,6.0
GHCND:USW00014939,LINCOLN AIRPORT NE US,362.7,40.8508,-96.7475,20100723,77.7,6.1
GHCND:USW00014939,LINCOLN AIRPORT NE US,362.7,40.8508,-96.7475,20100724,77.7,6.1
GHCND:USW00014939,LINCOLN AIRPORT NE US,362.7,40.8508,-96.7475,20100725,77.6,6.1
GHCND:USW00014939,LINCOLN AIRPORT NE US,362.7,40.8508,-96.7475,20100726,77.6,6.2
GHCND:USW00014939,LINCOLN AIRPORT NE US,362.7,40.8508,-96.7475,20100727,77.5,6.2
GHCND:USW00014939,LINCOLN AIRPORT NE US,362.7,40.8508,-96.7475,20100728,77.5,6.2
GHCND:USW00014939,LINCOLN AIRPORT NE US,362.7,40.8508,-96.7475,20100729,77.4,6.3
GHCND:USW00014939,LINCOLN AIRPORT NE US,362.7,40.8508,-96.7475,20100730,77.3,6.3
GHCND:USW00014939,LINCOLN AIRPORT NE US,362.7,40.8508,-96.7475,20100731,77.3,6.3
GHCND:USW00014939,LINCOLN AIRPORT NE US,362.7,40.8508,-96.7475,20100801,77.2,6.3
GHCND:USW00014939,LINCOLN AIRPORT NE US,362.7,40.8508,-96.7475,20100802,77.1,6.3
GHCND:USW00014939,LINCOLN AIRPORT NE US,362.7,40.8508,-96.7475,20100803,77.0,6.3
GHCND:USW00014939,LINCOLN AIRPORT NE US,362.7,40.8508,-96.7475,20100804,77.0,6.3
GHCND:USW00014939,LINCOLN AIRPORT NE US,362.7,40.8508,-96.7475,20100805,76.9,6.3
GHCND:USW00014939,LINCOLN AIRPORT NE US,362.7,40.8508,-96.7475,20100806,76.8,6.3
GHCND:USW00014939,LINCOLN AIRPORT NE US,362.7,40.8508,-96.7475,20100807,76.7,6.3
GHCND:USW00014939,LINCOLN AIRPORT NE US,362.7,40.8508,-96.7475,20100808,76.6,6.3
GHCND:USW00014939,LINCOLN AIRPORT NE US,362.7,40.8508,-96.7475,20100809,76.5,6.3
GHCND:USW00014939,LINCOLN AIRPORT NE US,362.7,40.8508,-96.7475,20100810,76.4,6.3
GHCND:USW00014939,LINCOLN AIRPORT NE US,362.7,40.8508,-96.7475,20100811,76.3,6.3
GHCND:USW00014939,LINCOLN AIRPORT NE US,362.7,40.8508,-96.7475,20100812,76.2,6.3
GHCND:USW00014939,LINCOLN AIRPORT NE US,362.7,40.8508,-96.7475,20100813,76.0,6.3
GHCND:USW00014939,LINCOLN AIRPORT NE US,362.7,40.8508,-96.7475,20100814,75.9,6.3
GHCND:USW00014939,LINCOLN AIRPORT NE US,362.7,40.8508,-96.7475,20100815,75.8,6.3
GHCND:USW00014939,LINCOLN AIRPORT NE US,362.7,40.8508,-96.7475,20100816,75.6,6.3
GHCND:USW00014939,LINCOLN AIRPORT NE US,362.7,40.8508,-96.7475,20100817,75.5,6.4
GHCND:USW00014939,LINCOLN AIRPORT NE US,362.7,40.8508,-96.7475,20100818,75.3,6.4
GHCND:USW00014939,LINCOLN AIRPORT NE US,362.7,40.8508,-96.7475,20100819,75.1,6.4
GHCND:USW00014939,LINCOLN AIRPORT NE US,362.7,40.8508,-96.7475,20100820,75.0,6.4
GHCND:USW00014939,LINCOLN AIRPORT NE US,362.7,40.8508,-96.7475,20100821,74.8,6.4
GHCND:USW00014939,LINCOLN AIRPORT NE US,362.7,40.8508,-96.7475,20100822,74.6,6.5
GHCND:USW00014939,LINCOLN AIRPORT NE US,362.7,40.8508,-96.7475,20100823,74.4,6.5
GHCND:USW00014939,LINCOLN AIRPORT NE US,362.7,40.8508,-96.7475,20100824,74.1,6.5
GHCND:USW00014939,LINCOLN AIRPORT NE US,362.7,40.8508,-96.7475,20100825,73.9,6.6
GHCND:USW00014939,LINCOLN AIRPORT NE US,362.7,40.8508,-96.7475,20100826,73.7,6.6
GHCND:USW00014939,LINCOLN AIRPORT NE US,362.7,40.8508,-96.7475,20100827,73.4,6.6
GHCND:USW00014939,LINCOLN AIRPORT NE US,362.7,40.8508,-96.7475,20100828,73.1,6.7
GHCND:USW00014939,LINCOLN AIRPORT NE US,362.7,40.8508,-96.7475,20100829,72.8,6.7
GHCND:USW00014939,LINCOLN AIRPORT NE US,362.7,40.8508,-96.7475,20100830,72.6,6.8
GHCND:USW00014939,LINCOLN AIRPORT NE US,362.7,40.8508,-96.7475,20100831,72.3,6.9
GHCND:USW00014939,LINCOLN AIRPORT NE US,362.7,40.8508,-96.7475,20100901,71.9,6.9
GHCND:USW00014939,LINCOLN AIRPORT NE US,362.7,40.8508,-96.7475,20100902,71.6,7.0
GHCND:USW00014939,LINCOLN AIRPORT NE US,362.7,40.8508,-96.7475,20100903,71.3,7.1
GHCND:USW00014939,LINCOLN AIRPORT NE US,362.7,40.8508,-96.7475,20100904,70.9,7.1
GHCND:USW00014939,LINCOLN AIRPORT NE US,362.7,40.8508,-96.7475,20100905,70.5,7.2
GHCND:USW00014939,LINCOLN AIRPORT NE US,362.7,40.8508,-96.7475,20100906,70.2,7.3
GHCND:USW00014939,LINCOLN AIRPORT NE US,362.7,40.8508,-96.7475,20100907,69.8,7.3
GHCND:USW00014939,LINCOLN AIRPORT NE US,362.7,40.8508,-96.7475,20100908,69.4,7.4
GHCND:USW00014939,LINCOLN AIRPORT NE US,362.7,40.8508,-96.7475,20100909,69.0,7.5
GHCND:USW00014939,LINCOLN AIRPORT NE US,362.7,40.8508,-96.7475,20100910,68.6,7.5
GHCND:USW00014939,LINCOLN AIRPORT NE US,362.7,40.8508,-96.7475,20100911,68.2,7.6
GHCND:USW00014939,LINCOLN AIRPORT NE US,362.7,40.8508,-96.7475,20100912,67.7,7.7
GHCND:USW00014939,LINCOLN AIRPORT NE US,362.7,40.8508,-96.7475,20100913,67.3,7.8
GHCND:USW00014939,LINCOLN AIRPORT NE US,362.7,40.8508,-96.7475,20100914,66.9,7.8
GHCND:USW00014939,LINCOLN AIRPORT NE US,362.7,40.8508,-96.7475,20100915,66.4,7.9
GHCND:USW00014939,LINCOLN AIRPORT NE US,362.7,40.8508,-96.7475,20100916,66.0,8.0
GHCND:USW00014939,LINCOLN AIRPORT NE US,362.7,40.8508,-96.7475,20100917,65.5,8.1
GHCND:USW00014939,LINCOLN AIRPORT NE US,362.7,40.8508,-96.7475,20100918,65.1,8.1
GHCND:USW00014939,LINCOLN AIRPORT NE US,362.7,40.8508,-96.7475,20100919,64.6,8.2
GHCND:USW00014939,LINCOLN AIRPORT NE US,362.7,40.8508,-96.7475,20100920,64.1,8.3
GHCND:USW00014939,LINCOLN AIRPORT NE US,362.7,40.8508,-96.7475,20100921,63.7,8.3
GHCND:USW00014939,LINCOLN AIRPORT NE US,362.7,40.8508,-96.7475,20100922,63.2,8.4
GHCND:USW00014939,LINCOLN AIRPORT NE US,362.7,40.8508,-96.7475,20100923,62.8,8.4
GHCND:USW00014939,LINCOLN AIRPORT NE US,362.7,40.8508,-96.7475,20100924,62.3,8.5
GHCND:USW00014939,LINCOLN AIRPORT NE US,362.7,40.8508,-96.7475,20100925,61.9,8.6
GHCND:USW00014939,LINCOLN AIRPORT NE US,362.7,40.8508,-96.7475,20100926,61.4,8.6
GHCND:USW00014939,LINCOLN AIRPORT NE US,362.7,40.8508,-96.7475,20100927,61.0,8.6
GHCND:USW00014939,LINCOLN AIRPORT NE US,362.7,40.8508,-96.7475,20100928,60.5,8.7
GHCND:USW00014939,LINCOLN AIRPORT NE US,362.7,40.8508,-96.7475,20100929,60.1,8.7
GHCND:USW00014939,LINCOLN AIRPORT NE US,362.7,40.8508,-96.7475,20100930,59.7,8.7
GHCND:USW00014939,LINCOLN AIRPORT NE US,362.7,40.8508,-96.7475,20101001,59.2,8.7
GHCND:USW00014939,LINCOLN AIRPORT NE US,362.7,40.8508,-96.7475,20101002,58.8,8.7
GHCND:USW00014939,LINCOLN AIRPORT NE US,362.7,40.8508,-96.7475,20101003,58.4,8.7
GHCND:USW00014939,LINCOLN AIRPORT NE US,362.7,40.8508,-96.7475,20101004,58.0,8.7
GHCND:USW00014939,LINCOLN AIRPORT NE US,362.7,40.8508,-96.7475,20101005,57.5,8.7
GHCND:USW00014939,LINCOLN AIRPORT NE US,362.7,40.8508,-96.7475,20101006,57.1,8.7
GHCND:USW00014939,LINCOLN AIRPORT NE US,362.7,40.8508,-96.7475,20101007,56.7,8.7
GHCND:USW00014939,LINCOLN AIRPORT NE US,362.7,40.8508,-96.7475,20101008,56.3,8.7
GHCND:USW00014939,LINCOLN AIRPORT NE US,362.7,40.8508,-96.7475,20101009,55.9,8.7
GHCND:USW00014939,LINCOLN AIRPORT NE US,362.7,40.8508,-96.7475,20101010,55.5,8.7
GHCND:USW00014939,LINCOLN AIRPORT NE US,362.7,40.8508,-96.7475,20101011,55.2,8.7
GHCND:USW00014939,LINCOLN AIRPORT NE US,362.7,40.8508,-96.7475,20101012,54.8,8.8
GHCND:USW00014939,LINCOLN AIRPORT NE US,362.7,40.8508,-96.7475,20101013,54.4,8.8
GHCND:USW00014939,LINCOLN AIRPORT NE US,362.7,40.8508,-96.7475,20101014,54.0,8.8
GHCND:USW00014939,LINCOLN AIRPORT NE US,362.7,40.8508,-96.7475,20101015,53.6,8.8
GHCND:USW00014939,LINCOLN AIRPORT NE US,362.7,40.8508,-96.7475,20101016,53.2,8.9
GHCND:USW00014939,LINCOLN AIRPORT NE US,362.7,40.8508,-96.7475,20101017,52.9,8.9
GHCND:USW00014939,LINCOLN AIRPORT NE US,362.7,40.8508,-96.7475,20101018,52.5,8.9
GHCND:USW00014939,LINCOLN AIRPORT NE US,362.7,40.8508,-96.7475,20101019,52.1,9.0
GHCND:USW00014939,LINCOLN AIRPORT NE US,362.7,40.8508,-96.7475,20101020,51.7,9.0
GHCND:USW00014939,LINCOLN AIRPORT NE US,362.7,40.8508,-96.7475,20101021,51.3,9.0
GHCND:USW00014939,LINCOLN AIRPORT NE US,362.7,40.8508,-96.7475,20101022,50.9,9.1
GHCND:USW00014939,LINCOLN AIRPORT NE US,362.7,40.8508,-96.7475,20101023,50.5,9.1
GHCND:USW00014939,LINCOLN AIRPORT NE US,362.7,40.8508,-96.7475,20101024,50.1,9.2
GHCND:USW00014939,LINCOLN AIRPORT NE US,362.7,40.8508,-96.7475,20101025,49.7,9.2
GHCND:USW00014939,LINCOLN AIRPORT NE US,362.7,40.8508,-96.7475,20101026,49.2,9.2
GHCND:USW00014939,LINCOLN AIRPORT NE US,362.7,40.8508,-96.7475,20101027,48.8,9.3
GHCND:USW00014939,LINCOLN AIRPORT NE US,362.7,40.8508,-96.7475,20101028,48.4,9.3
GHCND:USW00014939,LINCOLN AIRPORT NE US,362.7,40.8508,-96.7475,20101029,47.9,9.4
GHCND:USW00014939,LINCOLN AIRPORT NE US,362.7,40.8508,-96.7475,20101030,47.5,9.4
GHCND:USW00014939,LINCOLN AIRPORT NE US,362.7,40.8508,-96.7475,20101031,47.0,9.5
GHCND:USW00014939,LINCOLN AIRPORT NE US,362.7,40.8508,-96.7475,20101101,46.6,9.5
GHCND:USW00014939,LINCOLN AIRPORT NE US,362.7,40.8508,-96.7475,20101102,46.1,9.5
GHCND:USW00014939,LINCOLN AIRPORT NE US,362.7,40.8508,-96.7475,20101103,45.6,9.6
GHCND:USW00014939,LINCOLN AIRPORT NE US,362.7,40.8508,-96.7475,20101104,45.1,9.6
GHCND:USW00014939,LINCOLN AIRPORT NE US,362.7,40.8508,-96.7475,20101105,44.6,9.6
GHCND:USW00014939,LINCOLN AIRPORT NE US,362.7,40.8508,-96.7475,20101106,44.1,9.7
GHCND:USW00014939,LINCOLN AIRPORT NE US,362.7,40.8508,-96.7475,20101107,43.6,9.7
GHCND:USW00014939,LINCOLN AIRPORT NE US,362.7,40.8508,-96.7475,20101108,43.0,9.7
GHCND:USW00014939,LINCOLN AIRPORT NE US,362.7,40.8508,-96.7475,20101109,42.5,9.7
GHCND:USW00014939,LINCOLN AIRPORT NE US,362.7,40.8508,-96.7475,20101110,42.0,9.7
GHCND:USW00014939,LINCOLN AIRPORT NE US,362.7,40.8508,-96.7475,20101111,41.4,9.7
GHCND:USW00014939,LINCOLN AIRPORT NE US,362.7,40.8508,-96.7475,20101112,40.9,9.7
GHCND:USW00014939,LINCOLN AIRPORT NE US,362.7,40.8508,-96.7475,20101113,40.3,9.7
GHCND:USW00014939,LINCOLN AIRPORT NE US,362.7,40.8508,-96.7475,20101114,39.8,9.7
GHCND:USW00014939,LINCOLN AIRPORT NE US,362.7,40.8508,-96.7475,20101115,39.2,9.7
GHCND:USW00014939,LINCOLN AIRPORT NE US,362.7,40.8508,-96.7475,20101116,38.7,9.7
GHCND:USW00014939,LINCOLN AIRPORT NE US,362.7,40.8508,-96.7475,20101117,38.1,9.7
GHCND:USW00014939,LINCOLN AIRPORT NE US,362.7,40.8508,-96.7475,20101118,37.6,9.7
GHCND:USW00014939,LINCOLN AIRPORT NE US,362.7,40.8508,-96.7475,20101119,37.0,9.7
GHCND:USW00014939,LINCOLN AIRPORT NE US,362.7,40.8508,-96.7475,20101120,36.5,9.7
GHCND:USW00014939,LINCOLN AIRPORT NE US,362.7,40.8508,-96.7475,20101121,35.9,9.7
GHCND:USW00014939,LINCOLN AIRPORT NE US,362.7,40.8508,-96.7475,20101122,35.4,9.7
GHCND:USW00014939,LINCOLN AIRPORT NE US,362.7,40.8508,-96.7475,20101123,34.8,9.7
GHCND:USW00014939,LINCOLN AIRPORT NE US,362.7,40.8508,-96.7475,20101124,34.3,9.7
GHCND:USW00014939,LINCOLN AIRPORT NE US,362.7,40.8508,-96.7475,20101125,33.8,9.8
GHCND:USW00014939,LINCOLN AIRPORT NE US,362.7,40.8508,-96.7475,20101126,33.3,9.8
GHCND:USW00014939,LINCOLN AIRPORT NE US,362.7,40.8508,-96.7475,20101127,32.8,9.9
GHCND:USW00014939,LINCOLN AIRPORT NE US,362.7,40.8508,-96.7475,20101128,32.3,9.9
GHCND:USW00014939,LINCOLN AIRPORT NE US,362.7,40.8508,-96.7475,20101129,31.9,10.0
GHCND:USW00014939,LINCOLN AIRPORT NE US,362.7,40.8508,-96.7475,20101130,31.4,10.1
GHCND:USW00014939,LINCOLN AIRPORT NE US,362.7,40.8508,-96.7475,20101201,31.0,10.2
GHCND:USW00014939,LINCOLN AIRPORT NE US,362.7,40.8508,-96.7475,20101202,30.5,10.3
GHCND:USW00014939,LINCOLN AIRPORT NE US,362.7,40.8508,-96.7475,20101203,30.1,10.4
GHCND:USW00014939,LINCOLN AIRPORT NE US,362.7,40.8508,-96.7475,20101204,29.7,10.5
GHCND:USW00014939,LINCOLN AIRPORT NE US,362.7,40.8508,-96.7475,20101205,29.3,10.6
GHCND:USW00014939,LINCOLN AIRPORT NE US,362.7,40.8508,-96.7475,20101206,29.0,10.7
GHCND:USW00014939,LINCOLN AIRPORT NE US,362.7,40.8508,-96.7475,20101207,28.6,10.7
GHCND:USW00014939,LINCOLN AIRPORT NE US,362.7,40.8508,-96.7475,20101208,28.3,10.8
GHCND:USW00014939,LINCOLN AIRPORT NE US,362.7,40.8508,-96.7475,20101209,28.0,10.9
GHCND:USW00014939,LINCOLN AIRPORT NE US,362.7,40.8508,-96.7475,20101210,27.7,11.0
GHCND:USW00014939,LINCOLN AIRPORT NE US,362.7,40.8508,-96.7475,20101211,27.4,11.1
GHCND:USW00014939,LINCOLN AIRPORT NE US,362.7,40.8508,-96.7475,20101212,27.1,11.2
GHCND:USW00014939,LINCOLN AIRPORT NE US,362.7,40.8508,-96.7475,20101213,26.9,11.2
GHCND:USW00014939,LINCOLN AIRPORT NE US,362.7,40.8508,-96.7475,20101214,26.7,11.3
GHCND:USW00014939,LINCOLN AIRPORT NE US,362.7,40.8508,-96.7475,20101215,26.4,11.4
GHCND:USW00014939,LINCOLN AIRPORT NE US,362.7,40.8508,-96.7475,20101216,26.2,11.4
GHCND:USW00014939,LINCOLN AIRPORT NE US,362.7,40.8508,-96.7475,20101217,26.0,11.5
GHCND:USW00014939,LINCOLN AIRPORT NE US,362.7,40.8508,-96.7475,20101218,25.9,11.5
GHCND:USW00014939,LINCOLN AIRPORT NE US,362.7,40.8508,-96.7475,20101219,25.7,11.6
GHCND:USW00014939,LINCOLN AIRPORT NE US,362.7,40.8508,-96.7475,20101220,25.6,11.6
GHCND:USW00014939,LINCOLN AIRPORT NE US,362.7,40.8508,-96.7475,20101221,25.4,11.7
GHCND:USW00014939,LINCOLN AIRPORT NE US,362.7,40.8508,-96.7475,20101222,25.3,11.7
GHCND:USW00014939,LINCOLN AIRPORT NE US,362.7,40.8508,-96.7475,20101223,25.2,11.7
GHCND:USW00014939,LINCOLN AIRPORT NE US,362.7,40.8508,-96.7475,20101224,25.1,11.8
GHCND:USW00014939,LINCOLN AIRPORT NE US,362.7,40.8508,-96.7475,20101225,25.0,11.8
GHCND:USW00014939,LINCOLN AIRPORT NE US,362.7,40.8508,-96.7475,20101226,24.9,11.9
GHCND:USW00014939,LINCOLN AIRPORT NE US,362.7,40.8508,-96.7475,20101227,24.9,11.9
GHCND:USW00014939,LINCOLN AIRPORT NE US,362.7,40.8508,-96.7475,20101228,24.8,12.0
GHCND:USW00014939,LINCOLN AIRPORT NE US,362.7,40.8508,-96.7475,20101229,24.7,12.0
GHCND:USW00014939,LINCOLN AIRPORT NE US,362.7,40.8508,-96.7475,20101230,24.7,12.0
GHCND:USW00014939,LINCOLN AIRPORT NE US,362.7,40.8508,-96.7475,20101231,24.6,12.0
GHCND:USW00094789,JFK INTERNATIONAL AIRPORT NY US,3.4,40.63861,-73.76222,20100101,33.7,8.7
GHCND:USW00094789,JFK INTERNATIONAL AIRPORT NY US,3.4,40.63861,-73.76222,20100102,33.6,8.8
GHCND:USW00094789,JFK INTERNATIONAL AIRPORT NY US,3.4,40.63861,-73.76222,20100103,33.4,8.8
GHCND:USW00094789,JFK INTERNATIONAL AIRPORT NY US,3.4,40.63861,-73.76222,20100104,33.3,8.9
GHCND:USW00094789,JFK INTERNATIONAL AIRPORT NY US,3.4,40.63861,-73.76222,20100105,33.2,8.9
GHCND:USW00094789,JFK INTERNATIONAL AIRPORT NY US,3.4,40.63861,-73.76222,20100106,33.0,8.9
GHCND:USW00094789,JFK INTERNATIONAL AIRPORT NY US,3.4,40.63861,-73.76222,20100107,32.9,9.0
GHCND:USW00094789,JFK INTERNATIONAL AIRPORT NY US,3.4,40.63861,-73.76222,20100108,32.8,9.0
GHCND:USW00094789,JFK INTERNATIONAL AIRPORT NY US,3.4,40.63861,-73.76222,20100109,32.7,9.1
GHCND:USW00094789,JFK INTERNATIONAL AIRPORT NY US,3.4,40.63861,-73.76222,20100110,32.6,9.1
GHCND:USW00094789,JFK INTERNATIONAL AIRPORT NY US,3.4,40.63861,-73.76222,20100111,32.6,9.1
GHCND:USW00094789,JFK INTERNATIONAL AIRPORT NY US,3.4,40.63861,-73.76222,20100112,32.5,9.1
GHCND:USW00094789,JFK INTERNATIONAL AIRPORT NY US,3.4,40.63861,-73.76222,20100113,32.5,9.1
GHCND:USW00094789,JFK INTERNATIONAL AIRPORT NY US,3.4,40.63861,-73.76222,20100114,32.4,9.1
GHCND:USW00094789,JFK INTERNATIONAL AIRPORT NY US,3.4,40.63861,-73.76222,20100115,32.4,9.1
GHCND:USW00094789,JFK INTERNATIONAL AIRPORT NY US,3.4,40.63861,-73.76222,20100116,32.3,9.1
GHCND:USW00094789,JFK INTERNATIONAL AIRPORT NY US,3.4,40.63861,-73.76222,20100117,32.3,9.1
GHCND:USW00094789,JFK INTERNATIONAL AIRPORT NY US,3.4,40.63861,-73.76222,20100118,32.3,9.1
GHCND:USW00094789,JFK INTERNATIONAL AIRPORT NY US,3.4,40.63861,-73.76222,20100119,32.3,9.1
GHCND:USW00094789,JFK INTERNATIONAL AIRPORT NY US,3.4,40.63861,-73.76222,20100120,32.3,9.0
GHCND:USW00094789,JFK INTERNATIONAL AIRPORT NY US,3.4,40.63861,-73.76222,20100121,32.3,9.0
GHCND:USW00094789,JFK INTERNATIONAL AIRPORT NY US,3.4,40.63861,-73.76222,20100122,32.4,9.0
GHCND:USW00094789,JFK INTERNATIONAL AIRPORT NY US,3.4,40.63861,-73.76222,20100123,32.4,8.9
GHCND:USW00094789,JFK INTERNATIONAL AIRPORT NY US,3.4,40.63861,-73.76222,20100124,32.4,8.9
GHCND:USW00094789,JFK INTERNATIONAL AIRPORT NY US,3.4,40.63861,-73.76222,20100125,32.5,8.8
GHCND:USW00094789,JFK INTERNATIONAL AIRPORT NY US,3.4,40.63861,-73.76222,20100126,32.6,8.8
GHCND:USW00094789,JFK INTERNATIONAL AIRPORT NY US,3.4,40.63861,-73.76222,20100127,32.6,8.7
GHCND:USW00094789,JFK INTERNATIONAL AIRPORT NY US,3.4,40.63861,-73.76222,20100128,32.7,8.7
GHCND:USW00094789,JFK INTERNATIONAL AIRPORT NY US,3.4,40.63861,-73.76222,20100129,32.8,8.6
GHCND:USW00094789,JFK INTERNATIONAL AIRPORT NY US,3.4,40.63861,-73.76222,20100130,32.8,8.5
GHCND:USW00094789,JFK INTERNATIONAL AIRPORT NY US,3.4,40.63861,-73.76222,20100131,32.9,8.5
GHCND:USW00094789,JFK INTERNATIONAL AIRPORT NY US,3.4,40.63861,-73.76222,20100201,33.0,8.4
GHCND:USW00094789,JFK INTERNATIONAL AIRPORT NY US,3.4,40.63861,-73.76222,20100202,33.1,8.3
GHCND:USW00094789,JFK INTERNATIONAL AIRPORT NY US,3.4,40.63861,-73.76222,20100203,33.2,8.2
GHCND:USW00094789,JFK INTERNATIONAL AIRPORT NY US,3.4,40.63861,-73.76222,20100204,33.3,8.2
GHCND:USW00094789,JFK INTERNATIONAL AIRPORT NY US,3.4,40.63861,-73.76222,20100205,33.5,8.1
GHCND:USW00094789,JFK INTERNATIONAL AIRPORT NY US,3.4,40.63861,-73.76222,20100206,33.6,8.0
GHCND:USW00094789,JFK INTERNATIONAL AIRPORT NY US,3.4,40.63861,-73.76222,20100207,33.7,8.0
GHCND:USW00094789,JFK INTERNATIONAL AIRPORT NY US,3.4,40.63861,-73.76222,20100208,33.8,7.9
GHCND:USW00094789,JFK INTERNATIONAL AIRPORT NY US,3.4,40.63861,-73.76222,20100209,34.0,7.9
GHCND:USW00094789,JFK INTERNATIONAL AIRPORT NY US,3.4,40.63861,-73.76222,20100210,34.1,7.8
GHCND:USW00094789,JFK INTERNATIONAL AIRPORT NY US,3.4,40.63861,-73.76222,20100211,34.3,7.8
GHCND:USW00094789,JFK INTERNATIONAL AIRPORT NY US,3.4,40.63861,-73.76222,20100212,34.4,7.7
GHCND:USW00094789,JFK INTERNATIONAL AIRPORT NY US,3.4,40.63861,-73.76222,20100213,34.6,7.7
GHCND:USW00094789,JFK INTERNATIONAL AIRPORT NY US,3.4,40.63861,-73.76222,20100214,34.7,7.7
GHCND:USW00094789,JFK INTERNATIONAL AIRPORT NY US,3.4,40.63861,-73.76222,20100215,34.9,7.6
GHCND:USW00094789,JFK INTERNATIONAL AIRPORT NY US,3.4,40.63861,-73.76222,20100216,35.1,7.6
GHCND:USW00094789,JFK INTERNATIONAL AIRPORT NY US,3.4,40.63861,-73.76222,20100217,35.2,7.6
GHCND:USW00094789,JFK INTERNATIONAL AIRPORT NY US,3.4,40.63861,-73.76222,20100218,35.4,7.6
GHCND:USW00094789,JFK INTERNATIONAL AIRPORT NY US,3.4,40.63861,-73.76222,20100219,35.6,7.6
GHCND:USW00094789,JFK INTERNATIONAL AIRPORT NY US,3.4,40.63861,-73.76222,20100220,35.8,7.6
GHCND:USW00094789,JFK INTERNATIONAL AIRPORT NY US,3.4,40.63861,-73.76222,20100221,36.0,7.6
GHCND:USW00094789,JFK INTERNATIONAL AIRPORT NY US,3.4,40.63861,-73.76222,20100222,36.2,7.6
GHCND:USW00094789,JFK INTERNATIONAL AIRPORT NY US,3.4,40.63861,-73.76222,20100223,36.3,7.6
GHCND:USW00094789,JFK INTERNATIONAL AIRPORT NY US,3.4,40.63861,-73.76222,20100224,36.5,7.6
GHCND:USW00094789,JFK INTERNATIONAL AIRPORT NY US,3.4,40.63861,-73.76222,20100225,36.8,7.6
GHCND:USW00094789,JFK INTERNATIONAL AIRPORT NY US,3.4,40.63861,-73.76222,20100226,37.0,7.6
GHCND:USW00094789,JFK INTERNATIONAL AIRPORT NY US,3.4,40.63861,-73.76222,20100227,37.2,7.6
GHCND:USW00094789,JFK INTERNATIONAL AIRPORT NY US,3.4,40.63861,-73.76222,20100228,37.4,7.6
GHCND:USW00094789,JFK INTERNATIONAL AIRPORT NY US,3.4,40.63861,-73.76222,20100301,37.6,7.6
GHCND:USW00094789,JFK INTERNATIONAL AIRPORT NY US,3.4,40.63861,-73.76222,20100302,37.8,7.6
GHCND:USW00094789,JFK INTERNATIONAL AIRPORT NY US,3.4,40.63861,-73.76222,20100303,38.1,7.6
GHCND:USW00094789,JFK INTERNATIONAL AIRPORT NY US,3.4,40.63861,-73.76222,20100304,38.3,7.5
GHCND:USW00094789,JFK INTERNATIONAL AIRPORT NY US,3.4,40.63861,-73.76222,20100305,38.5,7.5
GHCND:USW00094789,JFK INTERNATIONAL AIRPORT NY US,3.4,40.63861,-73.76222,20100306,38.8,7.5
GHCND:USW00094789,JFK INTERNATIONAL AIRPORT NY US,3.4,40.63861,-73.76222,20100307,39.0,7.4
GHCND:USW00094789,JFK INTERNATIONAL AIRPORT NY US,3.4,40.63861,-73.76222,20100308,39.3,7.4
GHCND:USW00094789,JFK INTERNATIONAL AIRPORT NY US,3.4,40.63861,-73.76222,20100309,39.5,7.4
GHCND:USW00094789,JFK INTERNATIONAL AIRPORT NY US,3.4,40.63861,-73.76222,20100310,39.8,7.4
GHCND:USW00094789,JFK INTERNATIONAL AIRPORT NY US,3.4,40.63861,-73.76222,20100311,40.1,7.3
GHCND:USW00094789,JFK INTERNATIONAL AIRPORT NY US,3.4,40.63861,-73.76222,20100312,40.3,7.3
GHCND:USW00094789,JFK INTERNATIONAL AIRPORT NY US,3.4,40.63861,-73.76222,20100313,40.6,7.3
GHCND:USW00094789,JFK INTERNATIONAL AIRPORT NY US,3.4,40.63861,-73.76222,20100314,40.9,7.2
GHCND:USW00094789,JFK INTERNATIONAL AIRPORT NY US,3.4,40.63861,-73.76222,20100315,41.2,7.2
GHCND:USW00094789,JFK INTERNATIONAL AIRPORT NY US,3.4,40.63861,-73.76222,20100316,41.4,7.1
GHCND:USW00094789,JFK INTERNATIONAL AIRPORT NY US,3.4,40.63861,-73.76222,20100317,41.7,7.1
GHCND:USW00094789,JFK INTERNATIONAL AIRPORT NY US,3.4,40.63861,-73.76222,20100318,42.0,7.0
GHCND:USW00094789,JFK INTERNATIONAL AIRPORT NY US,3.4,40.63861,-73.76222,20100319,42.3,7.0
GHCND:USW00094789,JFK INTERNATIONAL AIRPORT NY US,3.4,40.63861,-73.76222,20100320,42.6,7.0
GHCND:USW00094789,JFK INTERNATIONAL AIRPORT NY US,3.4,40.63861,-73.76222,20100321,42.9,6.9
GHCND:USW00094789,JFK INTERNATIONAL AIRPORT NY US,3.4,40.63861,-73.76222,20100322,43.2,6.9
GHCND:USW00094789,JFK INTERNATIONAL AIRPORT NY US,3.4,40.63861,-73.76222,20100323,43.5,6.9
GHCND:USW00094789,JFK INTERNATIONAL AIRPORT NY US,3.4,40.63861,-73.76222,20100324,43.9,6.8
GHCND:USW00094789,JFK INTERNATIONAL AIRPORT NY US,3.4,40.63861,-73.76222,20100325,44.2,6.8
GHCND:USW00094789,JFK INTERNATIONAL AIRPORT NY US,3.4,40.63861,-73.76222,20100326,44.5,6.7
GHCND:USW00094789,JFK INTERNATIONAL AIRPORT NY US,3.4,40.63861,-73.76222,20100327,44.8,6.7
GHCND:USW00094789,JFK INTERNATIONAL AIRPORT NY US,3.4,40.63861,-73.76222,20100328,45.2,6.6
GHCND:USW00094789,JFK INTERNATIONAL AIRPORT NY US,3.4,40.63861,-73.76222,20100329,45.5,6.6
GHCND:USW00094789,JFK INTERNATIONAL AIRPORT NY US,3.4,40.63861,-73.76222,20100330,45.8,6.6
GHCND:USW00094789,JFK INTERNATIONAL AIRPORT NY US,3.4,40.63861,-73.76222,20100331,46.1,6.5
GHCND:USW00094789,JFK INTERNATIONAL AIRPORT NY US,3.4,40.63861,-73.76222,20100401,46.5,6.5
GHCND:USW00094789,JFK INTERNATIONAL AIRPORT NY US,3.4,40.63861,-73.76222,20100402,46.8,6.5
GHCND:USW00094789,JFK INTERNATIONAL AIRPORT NY US,3.4,40.63861,-73.76222,20100403,47.1,6.5
GHCND:USW00094789,JFK INTERNATIONAL AIRPORT NY US,3.4,40.63861,-73.76222,20100404,47.5,6.5
GHCND:USW00094789,JFK INTERNATIONAL AIRPORT NY US,3.4,40.63861,-73.76222,20100405,47.8,6.4
GHCND:USW00094789,JFK INTERNATIONAL AIRPORT NY US,3.4,40.63861,-73.76222,20100406,48.2,6.4
GHCND:USW00094789,JFK INTERNATIONAL AIRPORT NY US,3.4,40.63861,-73.76222,20100407,48.5,6.4
GHCND:USW00094789,JFK INTERNATIONAL AIRPORT NY US,3.4,40.63861,-73.76222,20100408,48.8,6.4
GHCND:USW00094789,JFK INTERNATIONAL AIRPORT NY US,3.4,40.63861,-73.76222,20100409,49.2,6.3
GHCND:USW00094789,JFK INTERNATIONAL AIRPORT NY US,3.4,40.63861,-73.76222,20100410,49.5,6.3
GHCND:USW00094789,JFK INTERNATIONAL AIRPORT NY US,3.4,40.63861,-73.76222,20100411,49.8,6.3
GHCND:USW00094789,JFK INTERNATIONAL AIRPORT NY US,3.4,40.63861,-73.76222,20100412,50.2,6.3
GHCND:USW00094789,JFK INTERNATIONAL AIRPORT NY US,3.4,40.63861,-73.76222,20100413,50.5,6.2
GHCND:USW00094789,JFK INTERNATIONAL AIRPORT NY US,3.4,40.63861,-73.76222,20100414,50.8,6.2
GHCND:USW00094789,JFK INTERNATIONAL AIRPORT NY US,3.4,40.63861,-73.76222,20100415,51.1,6.2
GHCND:USW00094789,JFK INTERNATIONAL AIRPORT NY US,3.4,40.63861,-73.76222,20100416,51.5,6.1
GHCND:USW00094789,JFK INTERNATIONAL AIRPORT NY US,3.4,40.63861,-73.76222,20100417,51.8,6.1
GHCND:USW00094789,JFK INTERNATIONAL AIRPORT NY US,3.4,40.63861,-73.76222,20100418,52.1,6.0
GHCND:USW00094789,JFK INTERNATIONAL AIRPORT NY US,3.4,40.63861,-73.76222,20100419,52.4,6.0
GHCND:USW00094789,JFK INTERNATIONAL AIRPORT NY US,3.4,40.63861,-73.76222,20100420,52.8,6.0
GHCND:USW00094789,JFK INTERNATIONAL AIRPORT NY US,3.4,40.63861,-73.76222,20100421,53.1,5.9
GHCND:USW00094789,JFK INTERNATIONAL AIRPORT NY US,3.4,40.63861,-73.76222,20100422,53.4,5.9
GHCND:USW00094789,JFK INTERNATIONAL AIRPORT NY US,3.4,40.63861,-73.76222,20100423,53.7,5.9
GHCND:USW00094789,JFK INTERNATIONAL AIRPORT NY US,3.4,40.63861,-73.76222,20100424,54.0,5.8
GHCND:USW00094789,JFK INTERNATIONAL AIRPORT NY US,3.4,40.63861,-73.76222,20100425,54.3,5.8
GHCND:USW00094789,JFK INTERNATIONAL AIRPORT NY US,3.4,40.63861,-73.76222,20100426,54.6,5.8
GHCND:USW00094789,JFK INTERNATIONAL AIRPORT NY US,3.4,40.63861,-73.76222,20100427,54.9,5.7
GHCND:USW00094789,JFK INTERNATIONAL AIRPORT NY US,3.4,40.63861,-73.76222,20100428,55.2,5.7
GHCND:USW00094789,JFK INTERNATIONAL AIRPORT NY US,3.4,40.63861,-73.76222,20100429,55.5,5.7
GHCND:USW00094789,JFK INTERNATIONAL AIRPORT NY US,3.4,40.63861,-73.76222,20100430,55.8,5.6
GHCND:USW00094789,JFK INTERNATIONAL AIRPORT NY US,3.4,40.63861,-73.76222,20100501,56.1,5.6
GHCND:USW00094789,JFK INTERNATIONAL AIRPORT NY US,3.4,40.63861,-73.76222,20100502,56.4,5.6
GHCND:USW00094789,JFK INTERNATIONAL AIRPORT NY US,3.4,40.63861,-73.76222,20100503,56.7,5.6
GHCND:USW00094789,JFK INTERNATIONAL AIRPORT NY US,3.4,40.63861,-73.76222,20100504,57.0,5.6
GHCND:USW00094789,JFK INTERNATIONAL AIRPORT NY US,3.4,40.63861,-73.76222,20100505,57.3,5.6
GHCND:USW00094789,JFK INTERNATIONAL AIRPORT NY US,3.4,40.63861,-73.76222,20100506,57.6,5.6
GHCND:USW00094789,JFK INTERNATIONAL AIRPORT NY US,3.4,40.63861,-73.76222,20100507,57.9,5.6
GHCND:USW00094789,JFK INTERNATIONAL AIRPORT NY US,3.4,40.63861,-73.76222,20100508,58.2,5.6
GHCND:USW00094789,JFK INTERNATIONAL AIRPORT NY US,3.4,40.63861,-73.76222,20100509,58.5,5.6
GHCND:USW00094789,JFK INTERNATIONAL AIRPORT NY US,3.4,40.63861,-73.76222,20100510,58.8,5.6
GHCND:USW00094789,JFK INTERNATIONAL AIRPORT NY US,3.4,40.63861,-73.76222,20100511,59.1,5.6
GHCND:USW00094789,JFK INTERNATIONAL AIRPORT NY US,3.4,40.63861,-73.76222,20100512,59.4,5.6
GHCND:USW00094789,JFK INTERNATIONAL AIRPORT NY US,3.4,40.63861,-73.76222,20100513,59.7,5.6
GHCND:USW00094789,JFK INTERNATIONAL AIRPORT NY US,3.4,40.63861,-73.76222,20100514,60.0,5.7
GHCND:USW00094789,JFK INTERNATIONAL AIRPORT NY US,3.4,40.63861,-73.76222,20100515,60.3,5.7
GHCND:USW00094789,JFK INTERNATIONAL AIRPORT NY US,3.4,40.63861,-73.76222,20100516,60.6,5.7
GHCND:USW00094789,JFK INTERNATIONAL AIRPORT NY US,3.4,40.63861,-73.76222,20100517,60.9,5.7
GHCND:USW00094789,JFK INTERNATIONAL AIRPORT NY US,3.4,40.63861,-73.76222,20100518,61.2,5.7
GHCND:USW00094789,JFK INTERNATIONAL AIRPORT NY US,3.4,40.63861,-73.76222,20100519,61.5,5.8
GHCND:USW00094789,JFK INTERNATIONAL AIRPORT NY US,3.4,40.63861,-73.76222,20100520,61.8,5.8
GHCND:USW00094789,JFK INTERNATIONAL AIRPORT NY US,3.4,40.63861,-73.76222,20100521,62.1,5.8
GHCND:USW00094789,JFK INTERNATIONAL AIRPORT NY US,3.4,40.63861,-73.76222,20100522,62.4,5.8
GHCND:USW00094789,JFK INTERNATIONAL AIRPORT NY US,3.4,40.63861,-73.76222,20100523,62.8,5.8
GHCND:USW00094789,JFK INTERNATIONAL AIRPORT NY US,3.4,40.63861,-73.76222,20100524,63.1,5.9
GHCND:USW00094789,JFK INTERNATIONAL AIRPORT NY US,3.4,40.63861,-73.76222,20100525,63.4,5.9
GHCND:USW00094789,JFK INTERNATIONAL AIRPORT NY US,3.4,40.63861,-73.76222,20100526,63.7,5.9
GHCND:USW00094789,JFK INTERNATIONAL AIRPORT NY US,3.4,40.63861,-73.76222,20100527,64.1,5.9
GHCND:USW00094789,JFK INTERNATIONAL AIRPORT NY US,3.4,40.63861,-73.76222,20100528,64.4,5.9
GHCND:USW00094789,JFK INTERNATIONAL AIRPORT NY US,3.4,40.63861,-73.76222,20100529,64.7,5.9
GHCND:USW00094789,JFK INTERNATIONAL AIRPORT NY US,3.4,40.63861,-73.76222,20100530,65.1,5.9
GHCND:USW00094789,JFK INTERNATIONAL AIRPORT NY US,3.4,40.63861,-73.76222,20100531,65.4,5.9
GHCND:USW00094789,JFK INTERNATIONAL AIRPORT NY US,3.4,40.63861,-73.76222,20100601,65.8,5.9
GHCND:USW00094789,JFK INTERNATIONAL AIRPORT NY US,3.4,40.63861,-73.76222,20100602,66.1,5.9
GHCND:USW00094789,JFK INTERNATIONAL AIRPORT NY US,3.4,40.63861,-73.76222,20100603,66.4,5.9
GHCND:USW00094789,JFK INTERNATIONAL AIRPORT NY US,3.4,40.63861,-73.76222,20100604,66.8,5.9
GHCND:USW00094789,JFK INTERNATIONAL AIRPORT NY US,3.4,40.63861,-73.76222,20100605,67.1,5.9
GHCND:USW00094789,JFK INTERNATIONAL AIRPORT NY US,3.4,40.63861,-73.76222,20100606,67.5,5.9
GHCND:USW00094789,JFK INTERNATIONAL AIRPORT NY US,3.4,40.63861,-73.76222,20100607,67.8,5.8
GHCND:USW00094789,JFK INTERNATIONAL AIRPORT NY US,3.4,40.63861,-73.76222,20100608,68.1,5.8
GHCND:USW00094789,JFK INTERNATIONAL AIRPORT NY US,3.4,40.63861,-73.76222,20100609,68.5,5.8
GHCND:USW00094789,JFK INTERNATIONAL AIRPORT NY US,3.4,40.63861,-73.76222,20100610,68.8,5.7
GHCND:USW00094789,JFK INTERNATIONAL AIRPORT NY US,3.4,40.63861,-73.76222,20100611,69.2,5.7
GHCND:USW00094789,JFK INTERNATIONAL AIRPORT NY US,3.4,40.63861,-73.76222,20100612,69.5,5.6
GHCND:USW00094789,JFK INTERNATIONAL AIRPORT NY US,3.4,40.63861,-73.76222,20100613,69.8,5.6
GHCND:USW00094789,JFK INTERNATIONAL AIRPORT NY US,3.4,40.63861,-73.76222,20100614,70.1,5.5
GHCND:USW00094789,JFK INTERNATIONAL AIRPORT NY US,3.4,40.63861,-73.76222,20100615,70.4,5.5
GHCND:USW00094789,JFK INTERNATIONAL AIRPORT NY US,3.4,40.63861,-73.76222,20100616,70.8,5.4
GHCND:USW00094789,JFK INTERNATIONAL AIRPORT NY US,3.4,40.63861,-73.76222,20100617,71.1,5.4
GHCND:USW00094789,JFK INTERNATIONAL AIRPORT NY US,3.4,40.63861,-73.76222,20100618,71.4,5.4
GHCND:USW00094789,JFK INTERNATIONAL AIRPORT NY US,3.4,40.63861,-73.76222,20100619,71.7,5.3
GHCND:USW00094789,JFK INTERNATIONAL AIRPORT NY US,3.4,40.63861,-73.76222,20100620,71.9,5.3
GHCND:USW00094789,JFK INTERNATIONAL AIRPORT NY US,3.4,40.63861,-73.76222,20100621,72.2,5.3
GHCND:USW00094789,JFK INTERNATIONAL AIRPORT NY US,3.4,40.63861,-73.76222,20100622,72.5,5.2
GHCND:USW00094789,JFK INTERNATIONAL AIRPORT NY US,3.4,40.63861,-73.76222,20100623,72.7,5.2
GHCND:USW00094789,JFK INTERNATIONAL AIRPORT NY US,3.4,40.63861,-73.76222,20100624,73.0,5.1
GHCND:USW00094789,JFK INTERNATIONAL AIRPORT NY US,3.4,40.63861,-73.76222,20100625,73.2,5.1
GHCND:USW00094789,JFK INTERNATIONAL AIRPORT NY US,3.4,40.63861,-73.76222,20100626,73.5,5.1
GHCND:USW00094789,JFK INTERNATIONAL AIRPORT NY US,3.4,40.63861,-73.76222,20100627,73.7,5.1
GHCND:USW00094789,JFK INTERNATIONAL AIRPORT NY US,3.4,40.63861,-73.76222,20100628,73.9,5.0
GHCND:USW00094789,JFK INTERNATIONAL AIRPORT NY US,3.4,40.63861,-73.76222,20100629,74.1,5.0
GHCND:USW00094789,JFK INTERNATIONAL AIRPORT NY US,3.4,40.63861,-73.76222,20100630,74.3,5.0
GHCND:USW00094789,JFK INTERNATIONAL AIRPORT NY US,3.4,40.63861,-73.76222,20100701,74.5,4.9
GHCND:USW00094789,JFK INTERNATIONAL AIRPORT NY US,3.4,40.63861,-73.76222,20100702,74.7,4.9
GHCND:USW00094789,JFK INTERNATIONAL AIRPORT NY US,3.4,40.63861,-73.76222,20100703,74.9,4.9
GHCND:USW00094789,JFK INTERNATIONAL AIRPORT NY US,3.4,40.63861,-73.76222,20100704,75.0,4.9
GHCND:USW00094789,JFK INTERNATIONAL AIRPORT NY US,3.4,40.63861,-73.76222,20100705,75.2,4.8
GHCND:USW00094789,JFK INTERNATIONAL AIRPORT NY US,3.4,40.63861,-73.76222,20100706,75.3,4.8
GHCND:USW00094789,JFK INTERNATIONAL AIRPORT NY US,3.4,40.63861,-73.76222,20100707,75.4,4.8
GHCND:USW00094789,JFK INTERNATIONAL AIRPORT NY US,3.4,40.63861,-73.76222,20100708,75.5,4.8
GHCND:USW00094789,JFK INTERNATIONAL AIRPORT NY US,3.4,40.63861,-73.76222,20100709,75.6,4.8
GHCND:USW00094789,JFK INTERNATIONAL AIRPORT NY US,3.4,40.63861,-73.76222,20100710,75.7,4.8
GHCND:USW00094789,JFK INTERNATIONAL AIRPORT NY US,3.4,40.63861,-73.76222,20100711,75.8,4.7
GHCND:USW00094789,JFK INTERNATIONAL AIRPORT NY US,3.4,40.63861,-73.76222,20100712,75.9,4.7
GHCND:USW00094789,JFK INTERNATIONAL AIRPORT NY US,3.4,40.63861,-73.76222,20100713,76.0,4.7
GHCND:USW00094789,JFK INTERNATIONAL AIRPORT NY US,3.4,40.63861,-73.76222,20100714,76.0,4.7
GHCND:USW00094789,JFK INTERNATIONAL AIRPORT NY US,3.4,40.63861,-73.76222,20100715,76.1,4.7
GHCND:USW00094789,JFK INTERNATIONAL AIRPORT NY US,3.4,40.63861,-73.76222,20100716,76.1,4.7
GHCND:USW00094789,JFK INTERNATIONAL AIRPORT NY US,3.4,40.63861,-73.76222,20100717,76.2,4.6
GHCND:USW00094789,JFK INTERNATIONAL AIRPORT NY US,3.4,40.63861,-73.76222,20100718,76.2,4.6
GHCND:USW00094789,JFK INTERNATIONAL AIRPORT NY US,3.4,40.63861,-73.76222,20100719,76.2,4.6
GHCND:USW00094789,JFK INTERNATIONAL AIRPORT NY US,3.4,40.63861,-73.76222,20100720,76.3,4.6
GHCND:USW00094789,JFK INTERNATIONAL AIRPORT NY US,3.4,40.63861,-73.76222,20100721,76.3,4.5
GHCND:USW00094789,JFK INTERNATIONAL AIRPORT NY US,3.4,40.63861,-73.76222,20100722,76.3,4.5
GHCND:USW00094789,JFK INTERNATIONAL AIRPORT NY US,3.4,40.63861,-73.76222,20100723,76.3,4.5
GHCND:USW00094789,JFK INTERNATIONAL AIRPORT NY US,3.4,40.63861,-73.76222,20100724,76.3,4.5
GHCND:USW00094789,JFK INTERNATIONAL AIRPORT NY US,3.4,40.63861,-73.76222,20100725,76.3,4.5
GHCND:USW00094789,JFK INTERNATIONAL AIRPORT NY US,3.4,40.63861,-73.76222,20100726,76.3,4.4
GHCND:USW00094789,JFK INTERNATIONAL AIRPORT NY US,3.4,40.63861,-73.76222,20100727,76.2,4.4
GHCND:USW00094789,JFK INTERNATIONAL AIRPORT NY US,3.4,40.63861,-73.76222,20100728,76.2,4.4
GHCND:USW00094789,JFK INTERNATIONAL AIRPORT NY US,3.4,40.63861,-73.76222,20100729,76.2,4.4
GHCND:USW00094789,JFK INTERNATIONAL AIRPORT NY US,3.4,40.63861,-73.76222,20100730,76.2,4.4
GHCND:USW00094789,JFK INTERNATIONAL AIRPORT NY US,3.4,40.63861,-73.76222,20100731,76.1,4.4
GHCND:USW00094789,JFK INTERNATIONAL AIRPORT NY US,3.4,40.63861,-73.76222,20100801,76.1,4.4
GHCND:USW00094789,JFK INTERNATIONAL AIRPORT NY US,3.4,40.63861,-73.76222,20100802,76.1,4.4
GHCND:USW00094789,JFK INTERNATIONAL AIRPORT NY US,3.4,40.63861,-73.76222,20100803,76.0,4.4
GHCND:USW00094789,JFK INTERNATIONAL AIRPORT NY US,3.4,40.63861,-73.76222,20100804,76.0,4.4
GHCND:USW00094789,JFK INTERNATIONAL AIRPORT NY US,3.4,40.63861,-73.76222,20100805,75.9,4.4
GHCND:USW00094789,JFK INTERNATIONAL AIRPORT NY US,3.4,40.63861,-73.76222,20100806,75.9,4.5
GHCND:USW00094789,JFK INTERNATIONAL AIRPORT NY US,3.4,40.63861,-73.76222,20100807,75.8,4.5
GHCND:USW00094789,JFK INTERNATIONAL AIRPORT NY US,3.4,40.63861,-73.76222,20100808,75.7,4.5
GHCND:USW00094789,JFK INTERNATIONAL AIRPORT NY US,3.4,40.63861,-73.76222,20100809,75.7,4.5
GHCND:USW00094789,JFK INTERNATIONAL AIRPORT NY US,3.4,40.63861,-73.76222,20100810,75.6,4.5
GHCND:USW00094789,JFK INTERNATIONAL AIRPORT NY US,3.4,40.63861,-73.76222,20100811,75.5,4.5
GHCND:USW00094789,JFK INTERNATIONAL AIRPORT NY US,3.4,40.63861,-73.76222,20100812,75.4,4.5
GHCND:USW00094789,JFK INTERNATIONAL AIRPORT NY US,3.4,40.63861,-73.76222,20100813,75.4,4.5
GHCND:USW00094789,JFK INTERNATIONAL AIRPORT NY US,3.4,40.63861,-73.76222,20100814,75.3,4.5
GHCND:USW00094789,JFK INTERNATIONAL AIRPORT NY US,3.4,40.63861,-73.76222,20100815,75.2,4.6
GHCND:USW00094789,JFK INTERNATIONAL AIRPORT NY US,3.4,40.63861,-73.76222,20100816,75.1,4.6
GHCND:USW00094789,JFK INTERNATIONAL AIRPORT NY US,3.4,40.63861,-73.76222,20100817,75.0,4.6
GHCND:USW00094789,JFK INTERNATIONAL AIRPORT NY US,3.4,40.63861,-73.76222,20100818,74.9,4.6
GHCND:USW00094789,JFK INTERNATIONAL AIRPORT NY US,3.4,40.63861,-73.76222,20100819,74.8,4.6
GHCND:USW00094789,JFK INTERNATIONAL AIRPORT NY US,3.4,40.63861,-73.76222,20100820,74.6,4.7
GHCND:USW00094789,JFK INTERNATIONAL AIRPORT NY US,3.4,40.63861,-73.76222,20100821,74.5,4.7
GHCND:USW00094789,JFK INTERNATIONAL AIRPORT NY US,3.4,40.63861,-73.76222,20100822,74.4,4.7
GHCND:USW00094789,JFK INTERNATIONAL AIRPORT NY US,3.4,40.63861,-73.76222,20100823,74.2,4.7
GHCND:USW00094789,JFK INTERNATIONAL AIRPORT NY US,3.4,40.63861,-73.76222,20100824,74.1,4.8
GHCND:USW00094789,JFK INTERNATIONAL AIRPORT NY US,3.4,40.63861,-73.76222,20100825,73.9,4.8
GHCND:USW00094789,JFK INTERNATIONAL AIRPORT NY US,3.4,40.63861,-73.76222,20100826,73.7,4.8
GHCND:USW00094789,JFK INTERNATIONAL AIRPORT NY US,3.4,40.63861,-73.76222,20100827,73.6,4.8
GHCND:USW00094789,JFK INTERNATIONAL AIRPORT NY US,3.4,40.63861,-73.76222,20100828,73.4,4.9
GHCND:USW00094789,JFK INTERNATIONAL AIRPORT NY US,3.4,40.63861,-73.76222,20100829,73.2,4.9
GHCND:USW00094789,JFK INTERNATIONAL AIRPORT NY US,3.4,40.63861,-73.76222,20100830,73.0,4.9
GHCND:USW00094789,JFK INTERNATIONAL AIRPORT NY US,3.4,40.63861,-73.76222,20100831,72.8,4.9
GHCND:USW00094789,JFK INTERNATIONAL AIRPORT NY US,3.4,40.63861,-73.76222,20100901,72.5,4.9
GHCND:USW00094789,JFK INTERNATIONAL AIRPORT NY US,3.4,40.63861,-73.76222,20100902,72.3,5.0
GHCND:USW00094789,JFK INTERNATIONAL AIRPORT NY US,3.4,40.63861,-73.76222,20100903,72.1,5.0
GHCND:USW00094789,JFK INTERNATIONAL AIRPORT NY US,3.4,40.63861,-73.76222,20100904,71.8,5.0
GHCND:USW00094789,JFK INTERNATIONAL AIRPORT NY US,3.4,40.63861,-73.76222,20100905,71.5,5.1
GHCND:USW00094789,JFK INTERNATIONAL AIRPORT NY US,3.4,40.63861,-73.76222,20100906,71.3,5.1
GHCND:USW00094789,JFK INTERNATIONAL AIRPORT NY US,3.4,40.63861,-73.76222,20100907,71.0,5.1
GHCND:USW00094789,JFK INTERNATIONAL AIRPORT NY US,3.4,40.63861,-73.76222,20100908,70.7,5.2
GHCND:USW00094789,JFK INTERNATIONAL AIRPORT NY US,3.4,40.63861,-73.76222,20100909,70.4,5.2
GHCND:USW00094789,JFK INTERNATIONAL AIRPORT NY US,3.4,40.63861,-73.76222,20100910,70.1,5.2
GHCND:USW00094789,JFK INTERNATIONAL AIRPORT NY US,3.4,40.63861,-73.76222,20100911,69.8,5.2
GHCND:USW00094789,JFK INTERNATIONAL AIRPORT NY US,3.4,40.63861,-73.76222,20100912,69.5,5.3
GHCND:USW00094789,JFK INTERNATIONAL AIRPORT NY US,3.4,40.63861,-73.76222,20100913,69.1,5.3
GHCND:USW00094789,JFK INTERNATIONAL AIRPORT NY US,3.4,40.63861,-73.76222,20100914,68.8,5.3
GHCND:USW00094789,JFK INTERNATIONAL AIRPORT NY US,3.4,40.63861,-73.76222,20100915,68.5,5.4
GHCND:USW00094789,JFK INTERNATIONAL AIRPORT NY US,3.4,40.63861,-73.76222,20100916,68.1,5.4
GHCND:USW00094789,JFK INTERNATIONAL AIRPORT NY US,3.4,40.63861,-73.76222,20100917,67.7,5.4
GHCND:USW00094789,JFK INTERNATIONAL AIRPORT NY US,3.4,40.63861,-73.76222,20100918,67.4,5.5
GHCND:USW00094789,JFK INTERNATIONAL AIRPORT NY US,3.4,40.63861,-73.76222,20100919,67.0,5.5
GHCND:USW00094789,JFK INTERNATIONAL AIRPORT NY US,3.4,40.63861,-73.76222,20100920,66.6,5.6
GHCND:USW00094789,JFK INTERNATIONAL AIRPORT NY US,3.4,40.63861,-73.76222,20100921,66.3,5.6
GHCND:USW00094789,JFK INTERNATIONAL AIRPORT NY US,3.4,40.63861,-73.76222,20100922,65.9,5.7
GHCND:USW00094789,JFK INTERNATIONAL AIRPORT NY US,3.4,40.63861,-73.76222,20100923,65.5,5.7
GHCND:USW00094789,JFK INTERNATIONAL AIRPORT NY US,3.4,40.63861,-73.76222,20100924,65.1,5.8
GHCND:USW00094789,JFK INTERNATIONAL AIRPORT NY US,3.4,40.63861,-73.76222,20100925,64.7,5.8
GHCND:USW00094789,JFK INTERNATIONAL AIRPORT NY US,3.4,40.63861,-73.76222,20100926,64.3,5.8
GHCND:USW00094789,JFK INTERNATIONAL AIRPORT NY US,3.4,40.63861,-73.76222,20100927,63.9,5.9
GHCND:USW00094789,JFK INTERNATIONAL AIRPORT NY US,3.4,40.63861,-73.76222,20100928,63.6,5.9
GHCND:USW00094789,JFK INTERNATIONAL AIRPORT NY US,3.4,40.63861,-73.76222,20100929,63.2,6.0
GHCND:USW00094789,JFK INTERNATIONAL AIRPORT NY US,3.4,40.63861,-73.76222,20100930,62.8,6.0
GHCND:USW00094789,JFK INTERNATIONAL AIRPORT NY US,3.4,40.63861,-73.76222,20101001,62.4,6.0
GHCND:USW00094789,JFK INTERNATIONAL AIRPORT NY US,3.4,40.63861,-73.76222,20101002,62.0,6.0
GHCND:USW00094789,JFK INTERNATIONAL AIRPORT NY US,3.4,40.63861,-73.76222,20101003,61.6,6.1
GHCND:USW00094789,JFK INTERNATIONAL AIRPORT NY US,3.4,40.63861,-73.76222,20101004,61.2,6.1
GHCND:USW00094789,JFK INTERNATIONAL AIRPORT NY US,3.4,40.63861,-73.76222,20101005,60.8,6.1
GHCND:USW00094789,JFK INTERNATIONAL AIRPORT NY US,3.4,40.63861,-73.76222,20101006,60.5,6.1
GHCND:USW00094789,JFK INTERNATIONAL AIRPORT NY US,3.4,40.63861,-73.76222,20101007,60.1,6.1
GHCND:USW00094789,JFK INTERNATIONAL AIRPORT NY US,3.4,40.63861,-73.76222,20101008,59.7,6.1
GHCND:USW00094789,JFK INTERNATIONAL AIRPORT NY US,3.4,40.63861,-73.76222,20101009,59.4,6.1
GHCND:USW00094789,JFK INTERNATIONAL AIRPORT NY US,3.4,40.63861,-73.76222,20101010,59.0,6.2
GHCND:USW00094789,JFK INTERNATIONAL AIRPORT NY US,3.4,40.63861,-73.76222,20101011,58.6,6.2
GHCND:USW00094789,JFK INTERNATIONAL AIRPORT NY US,3.4,40.63861,-73.76222,20101012,58.3,6.2
GHCND:USW00094789,JFK INTERNATIONAL AIRPORT NY US,3.4,40.63861,-73.76222,20101013,57.9,6.2
GHCND:USW00094789,JFK INTERNATIONAL AIRPORT NY US,3.4,40.63861,-73.76222,20101014,57.6,6.2
GHCND:USW00094789,JFK INTERNATIONAL AIRPORT NY US,3.4,40.63861,-73.76222,20101015,57.2,6.2
GHCND:USW00094789,JFK INTERNATIONAL AIRPORT NY US,3.4,40.63861,-73.76222,20101016,56.9,6.2
GHCND:USW00094789,JFK INTERNATIONAL AIRPORT NY US,3.4,40.63861,-73.76222,20101017,56.6,6.2
GHCND:USW00094789,JFK INTERNATIONAL AIRPORT NY US,3.4,40.63861,-73.76222,20101018,56.2,6.2
GHCND:USW00094789,JFK INTERNATIONAL AIRPORT NY US,3.4,40.63861,-73.76222,20101019,55.9,6.2
GHCND:USW00094789,JFK INTERNATIONAL AIRPORT NY US,3.4,40.63861,-73.76222,20101020,55.6,6.2
GHCND:USW00094789,JFK INTERNATIONAL AIRPORT NY US,3.4,40.63861,-73.76222,20101021,55.3,6.2
GHCND:USW00094789,JFK INTERNATIONAL AIRPORT NY US,3.4,40.63861,-73.76222,20101022,54.9,6.2
GHCND:USW00094789,JFK INTERNATIONAL AIRPORT NY US,3.4,40.63861,-73.76222,20101023,54.6,6.2
GHCND:USW00094789,JFK INTERNATIONAL AIRPORT NY US,3.4,40.63861,-73.76222,20101024,54.3,6.2
GHCND:USW00094789,JFK INTERNATIONAL AIRPORT NY US,3.4,40.63861,-73.76222,20101025,54.0,6.2
GHCND:USW00094789,JFK INTERNATIONAL AIRPORT NY US,3.4,40.63861,-73.76222,20101026,53.7,6.2
GHCND:USW00094789,JFK INTERNATIONAL AIRPORT NY US,3.4,40.63861,-73.76222,20101027,53.4,6.2
GHCND:USW00094789,JFK INTERNATIONAL AIRPORT NY US,3.4,40.63861,-73.76222,20101028,53.1,6.2
GHCND:USW00094789,JFK INTERNATIONAL AIRPORT NY US,3.4,40.63861,-73.76222,20101029,52.8,6.2
GHCND:USW00094789,JFK INTERNATIONAL AIRPORT NY US,3.4,40.63861,-73.76222,20101030,52.5,6.3
GHCND:USW00094789,JFK INTERNATIONAL AIRPORT NY US,3.4,40.63861,-73.76222,20101031,52.2,6.3
GHCND:USW00094789,JFK INTERNATIONAL AIRPORT NY US,3.4,40.63861,-73.76222,20101101,51.9,6.3
GHCND:USW00094789,JFK INTERNATIONAL AIRPORT NY US,3.4,40.63861,-73.76222,20101102,51.7,6.4
GHCND:USW00094789,JFK INTERNATIONAL AIRPORT NY US,3.4,40.63861,-73.76222,20101103,51.4,6.4
GHCND:USW00094789,JFK INTERNATIONAL AIRPORT NY US,3.4,40.63861,-73.76222,20101104,51.1,6.4
GHCND:USW00094789,JFK INTERNATIONAL AIRPORT NY US,3.4,40.63861,-73.76222,20101105,50.8,6.5
GHCND:USW00094789,JFK INTERNATIONAL AIRPORT NY US,3.4,40.63861,-73.76222,20101106,50.5,6.5
GHCND:USW00094789,JFK INTERNATIONAL AIRPORT NY US,3.4,40.63861,-73.76222,20101107,50.2,6.6
GHCND:USW00094789,JFK INTERNATIONAL AIRPORT NY US,3.4,40.63861,-73.76222,20101108,49.9,6.6
GHCND:USW00094789,JFK INTERNATIONAL AIRPORT NY US,3.4,40.63861,-73.76222,20101109,49.6,6.7
GHCND:USW00094789,JFK INTERNATIONAL AIRPORT NY US,3.4,40.63861,-73.76222,20101110,49.3,6.7
GHCND:USW00094789,JFK INTERNATIONAL AIRPORT NY US,3.4,40.63861,-73.76222,20101111,49.0,6.7
GHCND:USW00094789,JFK INTERNATIONAL AIRPORT NY US,3.4,40.63861,-73.76222,20101112,48.7,6.8
GHCND:USW00094789,JFK INTERNATIONAL AIRPORT NY US,3.4,40.63861,-73.76222,20101113,48.4,6.8
GHCND:USW00094789,JFK INTERNATIONAL AIRPORT NY US,3.4,40.63861,-73.76222,20101114,48.1,6.9
GHCND:USW00094789,JFK INTERNATIONAL AIRPORT NY US,3.4,40.63861,-73.76222,20101115,47.7,6.9
GHCND:USW00094789,JFK INTERNATIONAL AIRPORT NY US,3.4,40.63861,-73.76222,20101116,47.4,7.0
GHCND:USW00094789,JFK INTERNATIONAL AIRPORT NY US,3.4,40.63861,-73.76222,20101117,47.1,7.0
GHCND:USW00094789,JFK INTERNATIONAL AIRPORT NY US,3.4,40.63861,-73.76222,20101118,46.8,7.1
GHCND:USW00094789,JFK INTERNATIONAL AIRPORT NY US,3.4,40.63861,-73.76222,20101119,46.5,7.1
GHCND:USW00094789,JFK INTERNATIONAL AIRPORT NY US,3.4,40.63861,-73.76222,20101120,46.1,7.2
GHCND:USW00094789,JFK INTERNATIONAL AIRPORT NY US,3.4,40.63861,-73.76222,20101121,45.8,7.2
GHCND:USW00094789,JFK INTERNATIONAL AIRPORT NY US,3.4,40.63861,-73.76222,20101122,45.5,7.3
GHCND:USW00094789,JFK INTERNATIONAL AIRPORT NY US,3.4,40.63861,-73.76222,20101123,45.1,7.3
GHCND:USW00094789,JFK INTERNATIONAL AIRPORT NY US,3.4,40.63861,-73.76222,20101124,44.8,7.4
GHCND:USW00094789,JFK INTERNATIONAL AIRPORT NY US,3.4,40.63861,-73.76222,20101125,44.5,7.4
GHCND:USW00094789,JFK INTERNATIONAL AIRPORT NY US,3.4,40.63861,-73.76222,20101126,44.1,7.4
GHCND:USW00094789,JFK INTERNATIONAL AIRPORT NY US,3.4,40.63861,-73.76222,20101127,43.8,7.5
GHCND:USW00094789,JFK INTERNATIONAL AIRPORT NY US,3.4,40.63861,-73.76222,20101128,43.5,7.5
GHCND:USW00094789,JFK INTERNATIONAL AIRPORT NY US,3.4,40.63861,-73.76222,20101129,43.1,7.6
GHCND:USW00094789,JFK INTERNATIONAL AIRPORT NY US,3.4,40.63861,-73.76222,20101130,42.8,7.6
GHCND:USW00094789,JFK INTERNATIONAL AIRPORT NY US,3.4,40.63861,-73.76222,20101201,42.4,7.6
GHCND:USW00094789,JFK INTERNATIONAL AIRPORT NY US,3.4,40.63861,-73.76222,20101202,42.1,7.6
GHCND:USW00094789,JFK INTERNATIONAL AIRPORT NY US,3.4,40.63861,-73.76222,20101203,41.7,7.7
GHCND:USW00094789,JFK INTERNATIONAL AIRPORT NY US,3.4,40.63861,-73.76222,20101204,41.4,7.7
GHCND:USW00094789,JFK INTERNATIONAL AIRPORT NY US,3.4,40.63861,-73.76222,20101205,41.1,7.8
GHCND:USW00094789,JFK INTERNATIONAL AIRPORT NY US,3.4,40.63861,-73.76222,20101206,40.7,7.8
GHCND:USW00094789,JFK INTERNATIONAL AIRPORT NY US,3.4,40.63861,-73.76222,20101207,40.4,7.8
GHCND:USW00094789,JFK INTERNATIONAL AIRPORT NY US,3.4,40.63861,-73.76222,20101208,40.1,7.9
GHCND:USW00094789,JFK INTERNATIONAL AIRPORT NY US,3.4,40.63861,-73.76222,20101209,39.7,7.9
GHCND:USW00094789,JFK INTERNATIONAL AIRPORT NY US,3.4,40.63861,-73.76222,20101210,39.4,7.9
GHCND:USW00094789,JFK INTERNATIONAL AIRPORT NY US,3.4,40.63861,-73.76222,20101211,39.1,8.0
GHCND:USW00094789,JFK INTERNATIONAL AIRPORT NY US,3.4,40.63861,-73.76222,20101212,38.7,8.0
GHCND:USW00094789,JFK INTERNATIONAL AIRPORT NY US,3.4,40.63861,-73.76222,20101213,38.4,8.0
GHCND:USW00094789,JFK INTERNATIONAL AIRPORT NY US,3.4,40.63861,-73.76222,20101214,38.1,8.0
GHCND:USW00094789,JFK INTERNATIONAL AIRPORT NY US,3.4,40.63861,-73.76222,20101215,37.8,8.1
GHCND:USW00094789,JFK INTERNATIONAL AIRPORT NY US,3.4,40.63861,-73.76222,20101216,37.5,8.1
GHCND:USW00094789,JFK INTERNATIONAL AIRPORT NY US,3.4,40.63861,-73.76222,20101217,37.2,8.1
GHCND:USW00094789,JFK INTERNATIONAL AIRPORT NY US,3.4,40.63861,-73.76222,20101218,36.9,8.1
GHCND:USW00094789,JFK INTERNATIONAL AIRPORT NY US,3.4,40.63861,-73.76222,20101219,36.7,8.2
GHCND:USW00094789,JFK INTERNATIONAL AIRPORT NY US,3.4,40.63861,-73.76222,20101220,36.4,8.2
GHCND:USW00094789,JFK INTERNATIONAL AIRPORT NY US,3.4,40.63861,-73.76222,20101221,36.1,8.2
GHCND:USW00094789,JFK INTERNATIONAL AIRPORT NY US,3.4,40.63861,-73.76222,20101222,35.9,8.2
GHCND:USW00094789,JFK INTERNATIONAL AIRPORT NY US,3.4,40.63861,-73.76222,20101223,35.6,8.3
GHCND:USW00094789,JFK INTERNATIONAL AIRPORT NY US,3.4,40.63861,-73.76222,20101224,35.4,8.3
GHCND:USW00094789,JFK INTERNATIONAL AIRPORT NY US,3.4,40.63861,-73.76222,20101225,35.1,8.3
GHCND:USW00094789,JFK INTERNATIONAL AIRPORT NY US,3.4,40.63861,-73.76222,20101226,34.9,8.4
GHCND:USW00094789,JFK INTERNATIONAL AIRPORT NY US,3.4,40.63861,-73.76222,20101227,34.7,8.4
GHCND:USW00094789,JFK INTERNATIONAL AIRPORT NY US,3.4,40.63861,-73.76222,20101228,34.5,8.5
GHCND:USW00094789,JFK INTERNATIONAL AIRPORT NY US,3.4,40.63861,-73.76222,20101229,34.3,8.5
GHCND:USW00094789,JFK INTERNATIONAL AIRPORT NY US,3.4,40.63861,-73.76222,20101230,34.1,8.6
GHCND:USW00094789,JFK INTERNATIONAL AIRPORT NY US,3.4,40.63861,-73.76222,20101231,33.9,8.7
